,[ e-Servicios ],,,,,,,,,,,,,,,
,Búsqueda de centros educativos autorizados por el Mineduc y carreras que pueden impartir.,,,,,,,,,,,,,,,
,,,,,,,,,,,,,,,,
,  ,,,,,,,,,,,,,,,
Importante:,,,,,,,,,,,,,,,,
,,,,,,,,,,,,,,,,
"Para una mejor búsqueda puede seleccionar el departamento y municipio, con base a la ubicación del centro educativo, ingresando el código del establecimiento separado por guiones o el nombre completo o parte de él.",,,,,,,,,,,,,,,,
,,,,,,,,,,,,,,,,
"Un centro educativo puede contar con uno o más códigos de acuerdo con los servicios educativos autorizados (nivel, plan o jornada).",,,,,,,,,,,,,,,,
,,,,,,,,,,,,,,,,
"Las carreras pueden visualizarse únicamente en los códigos de centros educativos que tienen autorizado el Nivel de Educación Media, Ciclo de Educación Diversificada.",,,,,,,,,,,,,,,,
,,,,,,,,,,,,,,,,
Para visualizar las carreras autorizadas a un centro educativo seleccione el Nivel Escolar: Diversificado.,,,,,,,,,,,,,,,,
,,,,,,,,,,,,,,,,
Departamento,Municipio,,,,,,,,,,,,,,,
,,,,,,,,,,,,,,,,
Nivel Escolar,,,,,,,,,,,,,,,,
Sector,,,,,,,,,,,,,,,,
Plan,Modalidad,,,,,,,,,,,,,,,
,,,,,,,,,,,,,,,,
Código (##-##-####-##),,,,,,,,,,,,,,,,
Nombre,,,,,,,,,,,,,,,,
Dirección,,,,,,,,,,,,,,,,
,,,,,,,,,,,,,,,,
,,,,,,,,,,,,,,,,
CODIGO,DISTRITO,DEPARTAMENTO,MUNICIPIO,ESTABLECIMIENTO,DIRECCION,TELEFONO,SUPERVISOR,DIRECTOR,NIVEL,SECTOR,AREA,STATUS,MODALIDAD,JORNADA,PLAN,DEPARTAMENTAL
16-01-0138-46,16-031,ALTA VERAPAZ,COBAN,COLEGIO COBAN,KM.2 SALIDA A SAN JUAN CHAMELCO ZONA 8,77945104,PATRICIO NAJARRO ASENCIO,GUSTAVO ADOLFO SIERRA POP,DIVERSIFICADO,PRIVADO,URBANA,ABIERTA,MONOLINGUE,MATUTINA,DIARIO(REGULAR),ALTA VERAPAZ
16-01-0139-46,16-031,ALTA VERAPAZ,COBAN,COLEGIO PARTICULAR MIXTO VERAPAZ,KM 209.5 ENTRADA A LA CIUDAD,77367402,PATRICIO NAJARRO ASENCIO,GILMA DOLORES GUAY PAZ DE LEAL,DIVERSIFICADO,PRIVADO,URBANA,ABIERTA,MONOLINGUE,MATUTINA,DIARIO(REGULAR),ALTA VERAPAZ
16-01-0140-46,16-031,ALTA VERAPAZ,COBAN,"COLEGIO ""LA INMACULADA""",7A. AVENIDA 11-109 ZONA 6,78232301,PATRICIO NAJARRO ASENCIO,VIRGINIA SOLANO SERRANO,DIVERSIFICADO,PRIVADO,URBANA,ABIERTA,MONOLINGUE,MATUTINA,DIARIO(REGULAR),ALTA VERAPAZ
16-01-0141-46,16-005,ALTA VERAPAZ,COBAN,ESCUELA NACIONAL DE CIENCIAS COMERCIALES,2A CALLE 11-10 ZONA 2,79514215,NORA LILIANA FIGUEROA HERNÁNDEZ,HÉCTOR ROLANDO CHUN POOU,DIVERSIFICADO,OFICIAL,URBANA,ABIERTA,MONOLINGUE,MATUTINA,DIARIO(REGULAR),ALTA VERAPAZ
16-01-0142-46,16-005,ALTA VERAPAZ,COBAN,INSTITUTO NORMAL MIXTO DEL NORTE 'EMILIO ROSALES PONCE',3A AVE 6-23 ZONA 11,79521468,NORA LILIANA FIGUEROA HERNÁNDEZ,VICTOR HUGO DOMÍNGUEZ REYES,DIVERSIFICADO,OFICIAL,URBANA,ABIERTA,BILINGUE,VESPERTINA,DIARIO(REGULAR),ALTA VERAPAZ
16-01-0143-46,16-031,ALTA VERAPAZ,COBAN,COLEGIO PARTICULAR MIXTO IMPERIAL,5A. CALLE 1-9 ZONA 3,57101061,PATRICIO NAJARRO ASENCIO,MYNOR GUSTAVO IPIÑA ESPAÑA,DIVERSIFICADO,PRIVADO,URBANA,ABIERTA,MONOLINGUE,DOBLE,FIN DE SEMANA,ALTA VERAPAZ
16-01-0155-46,16-031,ALTA VERAPAZ,COBAN,"LICEO ""MODERNO LATINO""",11 AVENIDA 5-17 ZONA 4,79522555,PATRICIO NAJARRO ASENCIO,HÉCTOR ARMANDO TEYUL CHEN,DIVERSIFICADO,PRIVADO,URBANA,ABIERTA,MONOLINGUE,DOBLE,FIN DE SEMANA,ALTA VERAPAZ
16-01-0428-46,16-005,ALTA VERAPAZ,COBAN,INSTITUTO NACIONAL DE EDUCACION DIVERSIFICADA,"DIAGONAL 08 8-05 ZONA 8, BARRIO CANTÓN LAS CASAS",77930045,NORA LILIANA FIGUEROA HERNÁNDEZ,HELSON MARCO CHÉN GUTIERREZ,DIVERSIFICADO,OFICIAL,RURAL,ABIERTA,MONOLINGUE,VESPERTINA,DIARIO(REGULAR),ALTA VERAPAZ
16-01-0471-46,16-031,ALTA VERAPAZ,COBAN,"COLEGIO DE INFORMATICA ""CENINFAV""",12 AV. 2-12 ZONA 1,79545566,PATRICIO NAJARRO ASENCIO,MARIA MAGDALENA BOL CU,DIVERSIFICADO,PRIVADO,URBANA,ABIERTA,MONOLINGUE,VESPERTINA,DIARIO(REGULAR),ALTA VERAPAZ
16-01-0481-46,16-031,ALTA VERAPAZ,COBAN,LICEO AMERICANO DEL NORTE,5TA. CALLE 2-23 ZONA 4,79514754,PATRICIO NAJARRO ASENCIO,JOSÉ CUPERTINO REYES GARCIA,DIVERSIFICADO,PRIVADO,URBANA,ABIERTA,MONOLINGUE,MATUTINA,DIARIO(REGULAR),ALTA VERAPAZ
16-01-0483-46,16-031,ALTA VERAPAZ,COBAN,LICEO AMERICANO DEL NORTE,5TA. CALLE 2-23 ZONA 4,79514754,PATRICIO NAJARRO ASENCIO,JOSÉ CUPERTINO REYES GARCIA,DIVERSIFICADO,PRIVADO,URBANA,ABIERTA,MONOLINGUE,DOBLE,FIN DE SEMANA,ALTA VERAPAZ
16-01-0558-46,16-005,ALTA VERAPAZ,COBAN,"INSTITUTO NORMAL PREPRIMARIA BILINGUE ADSCRITO AL INSTITUTO NORMAL MIXTO DEL NORTE ""EMILIO ROSALES PONCE""",3A. AVE. 6-23 ZONA 11,79521468,NORA LILIANA FIGUEROA HERNÁNDEZ,VICTOR HUGO DOMÍNGUEZ REYES,DIVERSIFICADO,OFICIAL,URBANA,ABIERTA,MONOLINGUE,VESPERTINA,DIARIO(REGULAR),ALTA VERAPAZ
16-01-0559-46,16-005,ALTA VERAPAZ,COBAN,INSTITUTO NORMAL PRIMARIA BILINGUE INTERCULTURAL ADS. AL INSTITUTO EMILIO ROSALES PONCE,3A. AVE. 6-23 ZONA 11,79521468,NORA LILIANA FIGUEROA HERNÁNDEZ,VICTOR HUGO DOMÍNGUEZ REYES,DIVERSIFICADO,OFICIAL,URBANA,ABIERTA,MONOLINGUE,VESPERTINA,DIARIO(REGULAR),ALTA VERAPAZ
16-01-0563-46,16-031,ALTA VERAPAZ,COBAN,CENTRO DE FORMACION INTEGRAL LAS CONCHAS FMG,ALDEA LAS CONCHAS,79522793,PATRICIO NAJARRO ASENCIO,DAVID WALDEMAR URRUTIA CHOC,DIVERSIFICADO,PRIVADO,RURAL,ABIERTA,MONOLINGUE,VESPERTINA,DIARIO(REGULAR),ALTA VERAPAZ
16-01-0565-46,16-031,ALTA VERAPAZ,COBAN,"INSTITUTO MIXTO PRIVADO ""SALUD Y DESARROLLO""",DIAGNONAL 1 1-26 ZONA 1,51922050,PATRICIO NAJARRO ASENCIO,SAMANTHA GABRIELA DE LA CRUZ MORALES,DIVERSIFICADO,PRIVADO,URBANA,ABIERTA,MONOLINGUE,DOBLE,FIN DE SEMANA,ALTA VERAPAZ
16-01-0568-46,16-031,ALTA VERAPAZ,COBAN,INSTITUTO PRIVADO RAUL CHENAL HEINEMANN,5A. CALLE 1-06 ZONA 3,79510413,PATRICIO NAJARRO ASENCIO,SILVIA BEATRIZ SOTO CHÉN,DIVERSIFICADO,PRIVADO,URBANA,ABIERTA,MONOLINGUE,NOCTURNA,DIARIO(REGULAR),ALTA VERAPAZ
16-01-0572-46,16-031,ALTA VERAPAZ,COBAN,LICEO MIGUEL ANGEL ASTURIAS,7A. CALLE 1-13 ZONA 3,79511103,PATRICIO NAJARRO ASENCIO,JAYRON ARIEL COY CACAO,DIVERSIFICADO,PRIVADO,URBANA,ABIERTA,MONOLINGUE,MATUTINA,DIARIO(REGULAR),ALTA VERAPAZ
16-01-0573-46,16-031,ALTA VERAPAZ,COBAN,COLEGIO CRISTIANO BILINGUE VERBO,4A. CALLE A 4-32 ZONA 8,77945181,PATRICIO NAJARRO ASENCIO,LESLY EUGENIA CHOCOOJ VIDAURRE,DIVERSIFICADO,PRIVADO,URBANA,ABIERTA,MONOLINGUE,MATUTINA,DIARIO(REGULAR),ALTA VERAPAZ
16-01-0574-46,16-005,ALTA VERAPAZ,COBAN,ESCUELA NACIONAL DE CIENCIAS COMERCIALES,2A. CALLE 11-10 ZONA 2,53530198,NORA LILIANA FIGUEROA HERNÁNDEZ,HÉCTOR ROLANDO CHUN POOU,DIVERSIFICADO,OFICIAL,URBANA,ABIERTA,MONOLINGUE,VESPERTINA,DIARIO(REGULAR),ALTA VERAPAZ
16-01-0583-46,16-031,ALTA VERAPAZ,COBAN,COLEGIO NUEVOS SENDEROS,"3A. CALLE 3-74, ZONA 3",79417300,PATRICIO NAJARRO ASENCIO,ZOYLA ARGENTINA MOLLINEDO ALVARADO,DIVERSIFICADO,PRIVADO,URBANA,ABIERTA,MONOLINGUE,MATUTINA,DIARIO(REGULAR),ALTA VERAPAZ
16-01-0604-46,16-031,ALTA VERAPAZ,COBAN,INSTITUTO PRIVADO RAUL CHENAL HEINEMANN,"5A. CALLE 1-06, ZONA 3",79510413,PATRICIO NAJARRO ASENCIO,SILVIA BEATRIZ SOTO CHÉN,DIVERSIFICADO,PRIVADO,URBANA,ABIERTA,MONOLINGUE,MATUTINA,DIARIO(REGULAR),ALTA VERAPAZ
16-01-0609-46,16-031,ALTA VERAPAZ,COBAN,INSTITUTO MIXTO DE EDUCACION BILINGUE INTERCULTURAL -IMEBI-,LOTIFICACION CHIVENCORRAL,30367501,PATRICIO NAJARRO ASENCIO,JUAN PASCUAL LUCAS ANTONIO,DIVERSIFICADO,PRIVADO,URBANA,ABIERTA,MONOLINGUE,VESPERTINA,DIARIO(REGULAR),ALTA VERAPAZ
16-01-0612-46,16-031,ALTA VERAPAZ,COBAN,INSTITUTO DE MAGISTERIO DE EDUCACION PREPRIMARIA INFANTIL BILINGUE INTERCULTURAL LUZ DEL SABER,"CALZADA RABIN AJAU, ZONA 1",57565646,PATRICIO NAJARRO ASENCIO,THELMA MARTINA POP TZIR,DIVERSIFICADO,PRIVADO,RURAL,ABIERTA,BILINGUE,VESPERTINA,DIARIO(REGULAR),ALTA VERAPAZ
16-01-0613-46,16-031,ALTA VERAPAZ,COBAN,"COLEGIO PARTICULAR MIXTO ""ANTON DE MONTESINOS""",1A. CALLE 7-22 ZONA 3,77259205,PATRICIO NAJARRO ASENCIO,MARGARITA VILLALOBOS LIGORRÍA,DIVERSIFICADO,PRIVADO,URBANA,ABIERTA,MONOLINGUE,MATUTINA,DIARIO(REGULAR),ALTA VERAPAZ
16-01-0616-46,16-037,ALTA VERAPAZ,COBAN,INSTITUTO NACIONAL DE EDUCACION DIVERSIFICADA,ALDEA SALACUIM,57655184,CESAR RIGOBERTO CUC CAAL,AXEL ABELARDO CHUB LEAL,DIVERSIFICADO,OFICIAL,RURAL,ABIERTA,MONOLINGUE,VESPERTINA,DIARIO(REGULAR),ALTA VERAPAZ
16-01-0642-46,16-005,ALTA VERAPAZ,COBAN,INSTITUTO NACIONAL DE EDUCACION DIVERSIFICADA,ALDEA CHOVAL,53331646,NORA LILIANA FIGUEROA HERNÁNDEZ,GILDA ARACELY WELLMANN DUARTE,DIVERSIFICADO,OFICIAL,RURAL,ABIERTA,MONOLINGUE,VESPERTINA,DIARIO(REGULAR),ALTA VERAPAZ
16-01-0651-46,16-031,ALTA VERAPAZ,COBAN,CENTRO DE FORMACIÓN INTEGRAL CIUDAD DE LA ESPERANZA,6A. AV. 10-68 ZONA 12 COLONIA EL ESFUERZO I,77367652,PATRICIO NAJARRO ASENCIO,BYRON ANIBAL GÓMEZ GATICA,DIVERSIFICADO,PRIVADO,URBANA,ABIERTA,MONOLINGUE,MATUTINA,DIARIO(REGULAR),ALTA VERAPAZ
16-01-0652-46,16-037,ALTA VERAPAZ,COBAN,INSTITUTO MAYA COMUNITARIO K'AMOLB'E,ALDEA NIMLAJACOC,30621374,CESAR RIGOBERTO CUC CAAL,JOSE LINO QUIB CHE,DIVERSIFICADO,PRIVADO,RURAL,ABIERTA,BILINGUE,VESPERTINA,DIARIO(REGULAR),ALTA VERAPAZ
16-01-0664-46,16-031,ALTA VERAPAZ,COBAN,LICEO AMERICANO DEL NORTE,5TA. AVENIDA 2-23 ZONA 4,79514754,PATRICIO NAJARRO ASENCIO,JOSÉ CUPERTINO REYES GARCIA,DIVERSIFICADO,PRIVADO,URBANA,ABIERTA,MONOLINGUE,MATUTINA,DIARIO(REGULAR),ALTA VERAPAZ
16-01-0668-46,16-031,ALTA VERAPAZ,COBAN,COLEGIO PARTICULAR MIXTO IMPERIAL,"5A CALLE 1-98, ZONA 3",57101061,PATRICIO NAJARRO ASENCIO,SUSELY BEATRIZ ELÍAS POP,DIVERSIFICADO,PRIVADO,URBANA,ABIERTA,MONOLINGUE,DOBLE,DIARIO(REGULAR),ALTA VERAPAZ
16-01-0671-46,16-031,ALTA VERAPAZ,COBAN,COLEGIO PRIVADO MIXTO TECNOLÓGICO EN INFORMÁTICA,2A. CALLE 12-23 ZONA 4,79521190,PATRICIO NAJARRO ASENCIO,JORGE SALVADOR JUÁREZ SIERRA,DIVERSIFICADO,PRIVADO,URBANA,ABIERTA,MONOLINGUE,DOBLE,DIARIO(REGULAR),ALTA VERAPAZ
16-01-0672-46,16-031,ALTA VERAPAZ,COBAN,ICA,11AVENIDA 1-10 ZONA 1,33509500,PATRICIO NAJARRO ASENCIO,LAIDY ANDREA CHOCOOJ TIUL,DIVERSIFICADO,PRIVADO,URBANA,ABIERTA,MONOLINGUE,MATUTINA,DIARIO(REGULAR),ALTA VERAPAZ
16-01-0678-46,16-031,ALTA VERAPAZ,COBAN,COLEGIO LA LIBERTAD,3A. AVENIDA CINCO GUION DOCE (5-12),48979726,PATRICIO NAJARRO ASENCIO,SILVIA YOLANDA CAAL QUIM,DIVERSIFICADO,PRIVADO,URBANA,ABIERTA,MONOLINGUE,DOBLE,FIN DE SEMANA,ALTA VERAPAZ
16-01-0681-46,16-031,ALTA VERAPAZ,COBAN,INSTITUTO MIXTO PRIVADO SANTO DOMINGO,"2A. CALLE 11-10, ZONA 2",79529830,PATRICIO NAJARRO ASENCIO,AMÉRICA NUILA LUTHER,DIVERSIFICADO,PRIVADO,URBANA,ABIERTA,MONOLINGUE,DOBLE,FIN DE SEMANA,ALTA VERAPAZ
16-01-0690-46,16-031,ALTA VERAPAZ,COBAN,"ISEA ""LA ESCUELA EN SU CASA""",1A. AV. 4-24 ZONA 2,77930803,PATRICIO NAJARRO ASENCIO,LUDWING JOEL NORIEGA MORALES,DIVERSIFICADO,PRIVADO,URBANA,ABIERTA,MONOLINGUE,DOBLE,A DISTANCIA,ALTA VERAPAZ
16-01-0694-46,16-031,ALTA VERAPAZ,COBAN,COLEGIO LA LIBERTAD,3A. AV. 5-12 ZONA 4,55564568,PATRICIO NAJARRO ASENCIO,SILVIA YOLANDA CAAL QUIM,DIVERSIFICADO,PRIVADO,URBANA,ABIERTA,MONOLINGUE,DOBLE,SEMIPRESENCIAL,ALTA VERAPAZ
16-01-0703-46,16-031,ALTA VERAPAZ,COBAN,INSTITUTO MIXTO PRIVADO SALUD Y DESARROLLO,DIAGNONAL 1 1-26 ZONA 1,51922050,PATRICIO NAJARRO ASENCIO,SAMANTHA GABRIELA DE LA CRUZ MORALES,DIVERSIFICADO,PRIVADO,URBANA,ABIERTA,BILINGUE,VESPERTINA,DIARIO(REGULAR),ALTA VERAPAZ
16-01-0705-46,16-050,ALTA VERAPAZ,COBAN,PROGRAMA NACIONAL DE EDUCACIÓN ALTERNATIVA PRONEA,7A. AV. 2-18 D ZONA 1,45587767,MAXIMILIANO CHUB ICAL,--,DIVERSIFICADO,OFICIAL,RURAL,ABIERTA,MONOLINGUE,DOBLE,A DISTANCIA,ALTA VERAPAZ
16-01-0710-46,16-031,ALTA VERAPAZ,COBAN,OXFORD BILINGUAL SCHOOL,2DA. CALLE 16-94 ZONA 4,79513898,PATRICIO NAJARRO ASENCIO,DARWIN ROBERTO IGLESIAS DE LA CRUZ,DIVERSIFICADO,PRIVADO,URBANA,ABIERTA,BILINGUE,MATUTINA,DIARIO(REGULAR),ALTA VERAPAZ
16-01-0712-46,16-050,ALTA VERAPAZ,COBAN,ENBI CENTRO DE EDUCACIÓN EXTRAESCOLAR -CEEX-,10 AVENIDA 1-25 ZONA 3,79521302,MAXIMILIANO CHUB ICAL,ANABELA CECILIA BOL CAAL,DIVERSIFICADO,OFICIAL,URBANA,ABIERTA,BILINGUE,VESPERTINA,DIARIO(REGULAR),ALTA VERAPAZ
16-01-0909-46,16-031,ALTA VERAPAZ,COBAN,"ISEA ""LA ESCUELA EN SU CASA""","2A. CALLE ""A"" 11-10, ZONA 1",77256954,PATRICIO NAJARRO ASENCIO,LUDWING JOEL NORIEGA MORALES,DIVERSIFICADO,PRIVADO,URBANA,ABIERTA,MONOLINGUE,SIN JORNADA,SEMIPRESENCIAL (FIN DE SEMANA),ALTA VERAPAZ
16-01-0910-46,16-031,ALTA VERAPAZ,COBAN,COLEGIO DE INFORMATICA CENINFAV,"12 AVENIDA 2-12, ZONA 1",79521765,PATRICIO NAJARRO ASENCIO,HÉCTOR VIDAL BOL CÚ,DIVERSIFICADO,PRIVADO,URBANA,ABIERTA,MONOLINGUE,SIN JORNADA,SEMIPRESENCIAL (FIN DE SEMANA),ALTA VERAPAZ
16-01-0912-46,16-031,ALTA VERAPAZ,COBAN,COLEGIO PRIVADO MIXTO TECNOLOGICO EN INFORMATICA,"2A. CALLE 12-23, ZONA 4",79511459,PATRICIO NAJARRO ASENCIO,DANIEL BERNARDO RAMIREZ GONZÁLEZ,DIVERSIFICADO,PRIVADO,URBANA,ABIERTA,MONOLINGUE,SIN JORNADA,SEMIPRESENCIAL (FIN DE SEMANA),ALTA VERAPAZ
16-01-0913-46,16-031,ALTA VERAPAZ,COBAN,INSTITUTO MIXTO PRIVADO SALUD Y DESARROLLO,"DIAGONAL 1 1-26, ZONA 1",59584790,PATRICIO NAJARRO ASENCIO,SAMANTHA GABRIELA DE LA CRUZ MORALES,DIVERSIFICADO,PRIVADO,URBANA,ABIERTA,MONOLINGUE,SIN JORNADA,SEMIPRESENCIAL (FIN DE SEMANA),ALTA VERAPAZ
16-01-0915-46,16-031,ALTA VERAPAZ,COBAN,INSTITUTO MIXTO PRIVADO SANTO DOMINGO,"2A. CALLE 11-10, ZONA 2",79529830,PATRICIO NAJARRO ASENCIO,AMÉRICA NUILA LUTHER,DIVERSIFICADO,PRIVADO,URBANA,ABIERTA,MONOLINGUE,SIN JORNADA,SEMIPRESENCIAL (FIN DE SEMANA),ALTA VERAPAZ
16-01-0917-46,16-031,ALTA VERAPAZ,COBAN,INSTITUTO PRIVADO MIXTO MONJA BLANCA,"DIAGONAL 3 14-11, ZONA 2",79513896,PATRICIO NAJARRO ASENCIO,EDWIN ARMANDO CATÚN CAAL,DIVERSIFICADO,PRIVADO,URBANA,ABIERTA,MONOLINGUE,SIN JORNADA,SEMIPRESENCIAL (FIN DE SEMANA),ALTA VERAPAZ
16-01-0918-46,16-031,ALTA VERAPAZ,COBAN,LICEO PREUNIVERSITARIO DE NORTE,"3A. AVENIDA 8-32, ZONA 10",79417346,PATRICIO NAJARRO ASENCIO,ZOILA IMENA LÓPEZ RODAS,DIVERSIFICADO,PRIVADO,URBANA,ABIERTA,MONOLINGUE,SIN JORNADA,SEMIPRESENCIAL (FIN DE SEMANA),ALTA VERAPAZ
16-01-0919-46,16-031,ALTA VERAPAZ,COBAN,"LICEO MIXTO PARTICULAR ""SAN BENITO""","9A. AVENIDA 4-55, ZONA 4",37058145,PATRICIO NAJARRO ASENCIO,HENRI MARCO ARTOLA TEYUL,DIVERSIFICADO,PRIVADO,URBANA,ABIERTA,MONOLINGUE,VESPERTINA,DIARIO(REGULAR),ALTA VERAPAZ
16-01-0922-46,16-031,ALTA VERAPAZ,COBAN,COLEGIO LA LIBERTAD,"3A. AVENIDA 5-12, ZONA 4",33857209,PATRICIO NAJARRO ASENCIO,SILVIA YOLANDA CAAL QUIM,DIVERSIFICADO,PRIVADO,URBANA,ABIERTA,MONOLINGUE,SIN JORNADA,SEMIPRESENCIAL (FIN DE SEMANA),ALTA VERAPAZ
16-01-0926-46,16-005,ALTA VERAPAZ,COBAN,INSTITUTO NACIONAL DE EDUCACIÓN DIVERSIFICADA,2A. CALLE 1-99 ZONA 4 COBAN,33622052,NORA LILIANA FIGUEROA HERNÁNDEZ,SELVIN EDDER HERNÁNDEZ MOLINA,DIVERSIFICADO,OFICIAL,URBANA,ABIERTA,MONOLINGUE,NOCTURNA,DIARIO(REGULAR),ALTA VERAPAZ
16-01-0927-46,16-005,ALTA VERAPAZ,COBAN,INSTITUTO NACIONAL DE EDUCACIÓN DIVERSIFICADA,2A. CALLE 1-99 ZONA 4,33622052,NORA LILIANA FIGUEROA HERNÁNDEZ,SELVIN EDDER HERNÁNDEZ MOLINA,DIVERSIFICADO,OFICIAL,URBANA,ABIERTA,MONOLINGUE,NOCTURNA,DIARIO(REGULAR),ALTA VERAPAZ
16-01-0986-46,16-031,ALTA VERAPAZ,COBAN,COLEGIO MIXTO LA EXCELENCIA,"2A. CALLE 8-18 ZONA 4, COBAN",41114848,PATRICIO NAJARRO ASENCIO,ZULY BEATRIZ LÓPEZ WINTER,DIVERSIFICADO,PRIVADO,URBANA,ABIERTA,MONOLINGUE,DOBLE,FIN DE SEMANA,ALTA VERAPAZ
16-01-0987-46,16-031,ALTA VERAPAZ,COBAN,COLEGIO MIXTO LA EXCELENCIA,"2A. CALLE 8-18 ZONA 4, COBAN",41114848,PATRICIO NAJARRO ASENCIO,ZULY BEATRIZ LÓPEZ WINTER,DIVERSIFICADO,PRIVADO,URBANA,ABIERTA,MONOLINGUE,SIN JORNADA,SEMIPRESENCIAL (FIN DE SEMANA),ALTA VERAPAZ
16-01-0990-46,16-031,ALTA VERAPAZ,COBAN,"LICEO MIXTO PARTICULAR ""SAN BENITO""","9A. AVENIDA 4-55, ZONA 4",37058145,PATRICIO NAJARRO ASENCIO,HENRI MARCO ARTOLA TEYUL,DIVERSIFICADO,PRIVADO,URBANA,ABIERTA,MONOLINGUE,SIN JORNADA,SEMIPRESENCIAL (UN DÍA A LA SEMANA),ALTA VERAPAZ
16-01-0991-46,16-031,ALTA VERAPAZ,COBAN,"LICEO MIXTO PARTICULAR ""SAN BENITO""","9A. AVENIDA 4-55, ZONA 4",37058145,PATRICIO NAJARRO ASENCIO,HENRI MARCO ARTOLA TEYUL,DIVERSIFICADO,PRIVADO,URBANA,ABIERTA,MONOLINGUE,DOBLE,FIN DE SEMANA,ALTA VERAPAZ
16-01-0994-46,16-050,ALTA VERAPAZ,COBAN,CENTRO DE EDUCACIÓN EXTRAESCOLAR -CEEX-,BARRIO CHIVENCORRAL ZONA 12,49972934,MAXIMILIANO CHUB ICAL,HENRRY ALEXANDER DE LOS SANTOS MUTZ,DIVERSIFICADO,OFICIAL,URBANA,ABIERTA,MONOLINGUE,DOBLE,DIARIO(REGULAR),ALTA VERAPAZ
16-01-0997-46,16-004,ALTA VERAPAZ,COBAN,CENTRO EDUCATIVO BETANIA,SAN BENITO I,42183442,AQUILES GIOVANI BAC GUEVARA,SANDRA JULIETA PÉREZ RAMOS,DIVERSIFICADO,PRIVADO,RURAL,ABIERTA,MONOLINGUE,VESPERTINA,DIARIO(REGULAR),ALTA VERAPAZ
16-01-1001-46,16-031,ALTA VERAPAZ,COBAN,LICEO DR. RICARDO BRESSANI,1A. AVENIDA 5-56 ZONA 2,79521633,PATRICIO NAJARRO ASENCIO,BELSY CLARIBEL SANTISTEBAN ARCHILA,DIVERSIFICADO,PRIVADO,URBANA,ABIERTA,MONOLINGUE,DOBLE,VIRTUAL A DISTANCIA,ALTA VERAPAZ
16-01-1002-46,16-031,ALTA VERAPAZ,COBAN,COLEGIO CRISTIANO ELIM,"DIAGONAL 3, 11-04, ZONA 2",44779923,PATRICIO NAJARRO ASENCIO,SELVIN DARIO ROSALES AGUIRRE,DIVERSIFICADO,PRIVADO,URBANA,ABIERTA,MONOLINGUE,MATUTINA,DIARIO(REGULAR),ALTA VERAPAZ
16-01-1005-46,16-031,ALTA VERAPAZ,COBAN,LICEO CHAAB'IL B'E,8A. AVENIDA 4-39 ZONA 4,56969292,PATRICIO NAJARRO ASENCIO,ALLAN NOEL MACZ CHIQUIN,DIVERSIFICADO,PRIVADO,URBANA,ABIERTA,MONOLINGUE,VESPERTINA,VIRTUAL A DISTANCIA,ALTA VERAPAZ
16-01-1008-46,16-031,ALTA VERAPAZ,COBAN,COLEGIO HISPANOAMERICANO,9A. AVENIDA 2-22 ZONA 1,77738763,PATRICIO NAJARRO ASENCIO,OCTAVIO ISMAEL BATZ CHOC,DIVERSIFICADO,PRIVADO,URBANA,ABIERTA,MONOLINGUE,VESPERTINA,DIARIO(REGULAR),ALTA VERAPAZ
16-01-1009-46,16-031,ALTA VERAPAZ,COBAN,COLEGIO BILINGÜE BET-LUZ,7A. CALLE 11-233 ZONA 6,45379823,PATRICIO NAJARRO ASENCIO,CELESTE LETICIA YAT MACZ,DIVERSIFICADO,PRIVADO,URBANA,ABIERTA,MONOLINGUE,MATUTINA,DIARIO(REGULAR),ALTA VERAPAZ
16-01-1174-46,16-031,ALTA VERAPAZ,COBAN,INSTITUTO PRIVADO RAUL CHENAL HEINEMANN,5A. CALLE 1-06 ZONA 3,79510413,PATRICIO NAJARRO ASENCIO,SILVIA BEATRIZ SOTO CHÉN,DIVERSIFICADO,PRIVADO,URBANA,ABIERTA,MONOLINGUE,VESPERTINA,DIARIO(REGULAR),ALTA VERAPAZ
16-01-1175-46,16-031,ALTA VERAPAZ,COBAN,INSTITUTO PRIVADO RAUL CHENAL HEINEMANN,5TA. CALLE 1-06 ZONA 3,79520414,PATRICIO NAJARRO ASENCIO,SILVIA BEATRIZ SOTO CHÉN,DIVERSIFICADO,PRIVADO,URBANA,ABIERTA,MONOLINGUE,DOBLE,FIN DE SEMANA,ALTA VERAPAZ
16-01-1394-46,16-031,ALTA VERAPAZ,COBAN,INSTITUTO PRIVADO MIXTO MONJA BLANCA,"DIAGONAL 3, 14-11 ZONA 2",79513896,PATRICIO NAJARRO ASENCIO,EDWIN ARMANDO CATÚN CAAL,DIVERSIFICADO,PRIVADO,URBANA,ABIERTA,MONOLINGUE,DOBLE,FIN DE SEMANA,ALTA VERAPAZ
16-01-1469-46,16-031,ALTA VERAPAZ,COBAN,COLEGIO PRIVADO MIXTO TECNOLOGICO EN INFORMATICA,2A. CALLE 12-23 ZONA 4,79511459,PATRICIO NAJARRO ASENCIO,DANIEL BERNARDO RAMIREZ GONZÁLEZ,DIVERSIFICADO,PRIVADO,URBANA,ABIERTA,MONOLINGUE,DOBLE,FIN DE SEMANA,ALTA VERAPAZ
16-01-2156-46,16-031,ALTA VERAPAZ,COBAN,COLEGIO PARTICULAR MIXTO IMPERIAL,5A. CALLE 1-98 ZONA 3,57101061,PATRICIO NAJARRO ASENCIO,FAREWELL LUTHER OSORIO,DIVERSIFICADO,PRIVADO,URBANA,ABIERTA,MONOLINGUE,VESPERTINA,DIARIO(REGULAR),ALTA VERAPAZ
16-01-3041-46,16-005,ALTA VERAPAZ,COBAN,INSTITUTO DE BACHILLERATO ADS. AL INSTITUTO NORMAL MIXTO DEL NORTE EMILIO ROSALES PONCE,3AVENIDA 6-23 ZONA 11,79521468,NORA LILIANA FIGUEROA HERNÁNDEZ,VICTOR HUGO DOMÍNGUEZ REYES,DIVERSIFICADO,OFICIAL,URBANA,ABIERTA,MONOLINGUE,VESPERTINA,DIARIO(REGULAR),ALTA VERAPAZ
16-01-6190-46,16-031,ALTA VERAPAZ,COBAN,LICEO MIGUEL ANGEL ASTURIAS,7A. CALLE 1-13 ZONA 3,79511103,PATRICIO NAJARRO ASENCIO,JAYRON ARIEL COY CACAO,DIVERSIFICADO,PRIVADO,URBANA,ABIERTA,MONOLINGUE,VESPERTINA,DIARIO(REGULAR),ALTA VERAPAZ
16-01-6191-46,16-031,ALTA VERAPAZ,COBAN,COLEGIO PRIVADO MIXTO TECNOLÓGICO EN INFORMATICA,2A. CALLE 12-23 ZONA 4,79511459,PATRICIO NAJARRO ASENCIO,JORGE SALVADOR JUÁREZ SIERRA,DIVERSIFICADO,PRIVADO,URBANA,ABIERTA,MONOLINGUE,MATUTINA,DIARIO(REGULAR),ALTA VERAPAZ
16-01-8294-46,16-031,ALTA VERAPAZ,COBAN,LICEO PREUNIVERSITARIO DEL NORTE,3A. AVENIDA 8-32 BARRIO LA LIBERTAD ZONA 10,49745753,PATRICIO NAJARRO ASENCIO,OSCAR ALFREDO MOLINA CÚ,DIVERSIFICADO,PRIVADO,URBANA,ABIERTA,MONOLINGUE,DOBLE,DIARIO(REGULAR),ALTA VERAPAZ
16-01-8331-46,16-031,ALTA VERAPAZ,COBAN,LICEO PREUNIVERSITARIO DEL NORTE,3A. AVENIDA 8-32 BARRIO LA LIBERTAD ZONA 10,49745753,PATRICIO NAJARRO ASENCIO,ZOILA IMENA LÓPEZ RODAS,DIVERSIFICADO,PRIVADO,URBANA,ABIERTA,MONOLINGUE,DOBLE,FIN DE SEMANA,ALTA VERAPAZ
16-01-8335-46,16-031,ALTA VERAPAZ,COBAN,COLEGIO DE INFORMATICA CENINFAV,12 AV. 2-12 ZONA 1,79545566,PATRICIO NAJARRO ASENCIO,MARIA MAGDALENA BOL CU,DIVERSIFICADO,PRIVADO,RURAL,ABIERTA,MONOLINGUE,MATUTINA,DIARIO(REGULAR),ALTA VERAPAZ
16-01-9067-46,16-005,ALTA VERAPAZ,COBAN,ESCUELA NORMAL DE EDUCACION FISICA,CALZADA RABIN AJAU ZONA 11,79523686,NORA LILIANA FIGUEROA HERNÁNDEZ,BERTA MARIA MENDEZ RODRIGUEZ,DIVERSIFICADO,OFICIAL,URBANA,ABIERTA,MONOLINGUE,DOBLE,DIARIO(REGULAR),ALTA VERAPAZ
16-01-9095-46,16-031,ALTA VERAPAZ,COBAN,COLEGIO PRIVADO MIXTO TECNOLOGICO EN INFORMATICA,2A. CALLE 12-23 ZONA 4,79511459,PATRICIO NAJARRO ASENCIO,DANIEL BERNARDO RAMIREZ GONZÁLEZ,DIVERSIFICADO,PRIVADO,URBANA,ABIERTA,MONOLINGUE,VESPERTINA,DIARIO(REGULAR),ALTA VERAPAZ
16-01-9102-46,16-031,ALTA VERAPAZ,COBAN,COLEGIO MIXTO EVANGELICO NAZARENO,6A. CALLE 8-10 ZONA 10 CERRITO EL CARACOL COBÁN,79511866,PATRICIO NAJARRO ASENCIO,ANA MARIA YAT COY,DIVERSIFICADO,PRIVADO,URBANA,ABIERTA,MONOLINGUE,MATUTINA,DIARIO(REGULAR),ALTA VERAPAZ
16-01-9544-46,16-031,ALTA VERAPAZ,COBAN,COLEGIO BILINGUE DE INFANTES,3A. CALLE 7-07 ZONA 3,33836377,PATRICIO NAJARRO ASENCIO,NANCY JOHANA HENGSTENBERG DELGADO,DIVERSIFICADO,PRIVADO,URBANA,ABIERTA,MONOLINGUE,MATUTINA,DIARIO(REGULAR),ALTA VERAPAZ
16-01-9851-46,16-031,ALTA VERAPAZ,COBAN,COLEGIO DE INFORMATICA CENINFAV,12AV. 2-12 ZONA 1,79521765,PATRICIO NAJARRO ASENCIO,HÉCTOR VIDAL BOL CÚ,DIVERSIFICADO,PRIVADO,URBANA,ABIERTA,MONOLINGUE,DOBLE,FIN DE SEMANA,ALTA VERAPAZ
16-01-9897-46,16-031,ALTA VERAPAZ,COBAN,COLEGIO PARTICULAR MIXTO VERAPAZ,KM.209.5 ENTRADA A COBAN,77367402,PATRICIO NAJARRO ASENCIO,JORGE EDY GUTIERREZ PONCE,DIVERSIFICADO,PRIVADO,URBANA,ABIERTA,MONOLINGUE,VESPERTINA,DIARIO(REGULAR),ALTA VERAPAZ
16-01-9958-46,16-031,ALTA VERAPAZ,COBAN,LICEO DR. RICARDO BRESSANI,1A. AVENIDA 5-52 ZONA 2,79521920,PATRICIO NAJARRO ASENCIO,BELSY CLARIBEL SANTISTEBAN ARCHILA,DIVERSIFICADO,PRIVADO,URBANA,ABIERTA,MONOLINGUE,DOBLE,DIARIO(REGULAR),ALTA VERAPAZ
16-02-0013-46,16-006,ALTA VERAPAZ,SANTA CRUZ VERAPAZ,INSTITUTO NACIONAL DE EDUCACION DIVERSIFICADA,BARRIO SANTA ELENA,57767683,JORGE EDUARDO PAQUE LÁZARO,ERIK ROBERTO CÚ POP,DIVERSIFICADO,OFICIAL,RURAL,ABIERTA,MONOLINGUE,VESPERTINA,DIARIO(REGULAR),ALTA VERAPAZ
16-02-0020-46,16-006,ALTA VERAPAZ,SANTA CRUZ VERAPAZ,LICEO SANTA CRUZ,"CALLE 3 DE MAYO 2-67 ZONA 2, BARRIO SANTO TOMAS",50161328,JORGE EDUARDO PAQUE LÁZARO,AUGUSTO ALEXANDER RAX RODRÍGUEZ,DIVERSIFICADO,PRIVADO,URBANA,ABIERTA,MONOLINGUE,VESPERTINA,DIARIO(REGULAR),ALTA VERAPAZ
16-02-0055-46,16-006,ALTA VERAPAZ,SANTA CRUZ VERAPAZ,LICEO SANTA CRUZ,"CALLE 3 DE MAYO 2-67, BARRIO SANTO TOMAS",42035694,JORGE EDUARDO PAQUE LÁZARO,AUGUSTO ALEXANDER RAX RODRÍGUEZ,DIVERSIFICADO,PRIVADO,URBANA,ABIERTA,MONOLINGUE,SIN JORNADA,SEMIPRESENCIAL (FIN DE SEMANA),ALTA VERAPAZ
16-03-0036-46,16-053,ALTA VERAPAZ,SAN CRISTOBAL VERAPAZ,INSTITUTO NACIONAL DE EDUCACION DIVERSIFICADA,BARRIO CHIYUC,,LEONARDO OXOM CHEN,EDY ROLANDO JOM COY,DIVERSIFICADO,OFICIAL,RURAL,ABIERTA,MONOLINGUE,VESPERTINA,DIARIO(REGULAR),ALTA VERAPAZ
16-03-0047-46,16-008,ALTA VERAPAZ,SAN CRISTOBAL VERAPAZ,LICEO SAN CRISTOBAL,"5A. CALLE 4-18 ZONA 1, BARRIO SANTA ANA, SAN CRISTÓBAL VERAPAZ",79504134,EMIILIO RUBÉN CAÁL GUALIB,OTTO ERIK MORÁN CHIQUÍN,DIVERSIFICADO,PRIVADO,URBANA,ABIERTA,MONOLINGUE,DOBLE,FIN DE SEMANA,ALTA VERAPAZ
16-03-0056-46,16-008,ALTA VERAPAZ,SAN CRISTOBAL VERAPAZ,INSTITUTO TECNOLOGICO VOCACIONAL MARCO TULIO DE LA CRUZ MORALES,"2A. CALLE ZONA 4, BARRIO SAN FELIPE",79504929,EMIILIO RUBÉN CAÁL GUALIB,RIGOBERTO HIGINIO SURAM JOM,DIVERSIFICADO,PRIVADO,URBANA,ABIERTA,MONOLINGUE,VESPERTINA,DIARIO(REGULAR),ALTA VERAPAZ
16-03-0077-46,16-008,ALTA VERAPAZ,SAN CRISTOBAL VERAPAZ,COLEGIO MIXTO CIENCIAS TECNOLÓGICAS,3A. CALLE 0-43 ZONA 3 BARRIO SAN SEBASTIAN,32386711,EMIILIO RUBÉN CAÁL GUALIB,MASSENA OSWALDO SAGASTUME PORTOCARRERO,DIVERSIFICADO,PRIVADO,URBANA,ABIERTA,MONOLINGUE,VESPERTINA,DIARIO(REGULAR),ALTA VERAPAZ
16-03-0087-46,16-008,ALTA VERAPAZ,SAN CRISTOBAL VERAPAZ,INSTITUTO NACIONAL DE EDUCACION DIVERSIFICADA CON ORIENTACION EN ARTES Y OFICIOS,CASERÍO PANTOCAN,55288589,EMIILIO RUBÉN CAÁL GUALIB,JOEL DAVID LEM SURÁM,DIVERSIFICADO,OFICIAL,RURAL,ABIERTA,BILINGUE,MATUTINA,DIARIO(REGULAR),ALTA VERAPAZ
16-03-0092-46,16-008,ALTA VERAPAZ,SAN CRISTOBAL VERAPAZ,LICEO DE CIENCIAS APLICADAS DR. CARLOS ALDANA MENDOZA,"4ª. AVENIDA, ENTRE O Y 1 CALLE ZONA 4, BARRIO SAN FELIPE",31479184,EMIILIO RUBÉN CAÁL GUALIB,JUAN GABRIEL CAL SURÁM,DIVERSIFICADO,PRIVADO,URBANA,ABIERTA,MONOLINGUE,VESPERTINA,DIARIO(REGULAR),ALTA VERAPAZ
16-03-0093-46,16-008,ALTA VERAPAZ,SAN CRISTOBAL VERAPAZ,"INSTITUTO TECNOLOGICO VOCACIONAL ""MARCO TULIO DE LA CRUZ MORALES""","2A. CALLE 4-45 ZONA 4, BARRIO SAN FELIPE",79504929,EMIILIO RUBÉN CAÁL GUALIB,RIGOBERTO HIGINIO SURAM JOM,DIVERSIFICADO,PRIVADO,URBANA,ABIERTA,MONOLINGUE,DOBLE,FIN DE SEMANA,ALTA VERAPAZ
16-03-0095-46,16-008,ALTA VERAPAZ,SAN CRISTOBAL VERAPAZ,COLEGIO MIXTO LA PUPILA DEL CIELO,"4A. CALLE A 2-17, ENCLAVADO ZONA 2, COLONIA PANÁ",33801345,EMIILIO RUBÉN CAÁL GUALIB,MARIO RENE CAL SUN,DIVERSIFICADO,PRIVADO,URBANA,ABIERTA,MONOLINGUE,VESPERTINA,DIARIO(REGULAR),ALTA VERAPAZ
16-03-0097-46,16-008,ALTA VERAPAZ,SAN CRISTOBAL VERAPAZ,COLEGIO MIXTO CIENCIAS TECNOLÓGICAS,3A. CALLE 0-43 ZONA 3 BARRIO SAN SEBASTIAN,77923223,EMIILIO RUBÉN CAÁL GUALIB,MASSENA OSWALDO SAGASTUME PORTOCARRERO,DIVERSIFICADO,PRIVADO,URBANA,ABIERTA,MONOLINGUE,DOBLE,FIN DE SEMANA,ALTA VERAPAZ
16-03-0104-46,16-008,ALTA VERAPAZ,SAN CRISTOBAL VERAPAZ,LICEO DE CIENCIAS APLICADAS DR. CARLOS ALDANA MENDOZA,"4ª. AVENIDA, ENTRE O Y 1 CALLE ZONA 4, BARRIO SAN FELIPE",79504090,EMIILIO RUBÉN CAÁL GUALIB,DELMY DAMARIZ CHOC LÓPEZ,DIVERSIFICADO,PRIVADO,URBANA,ABIERTA,MONOLINGUE,MATUTINA,FIN DE SEMANA,ALTA VERAPAZ
16-03-0105-46,16-008,ALTA VERAPAZ,SAN CRISTOBAL VERAPAZ,LICEO DE CIENCIAS APLICADAS DR. CARLOS ALDANA MENDOZA,"4ª. AVENIDA, ENTRE O Y 1 CALLE ZONA 4, BARRIO SAN FELIPE",31479184,EMIILIO RUBÉN CAÁL GUALIB,JUAN GABRIEL CAL SURÁM,DIVERSIFICADO,PRIVADO,URBANA,ABIERTA,MONOLINGUE,DOBLE,FIN DE SEMANA,ALTA VERAPAZ
16-03-0106-46,16-008,ALTA VERAPAZ,SAN CRISTOBAL VERAPAZ,LICEO DE CIENCIAS APLICADAS DR. CARLOS ALDANA MENDOZA,"4ª. AVENIDA, ENTRE O Y 1 CALLE ZONA 4, BARRIO SAN FELIPE",79504090,EMIILIO RUBÉN CAÁL GUALIB,JUAN GABRIEL CAL SURÁM,DIVERSIFICADO,PRIVADO,URBANA,ABIERTA,MONOLINGUE,DOBLE,DIARIO(REGULAR),ALTA VERAPAZ
16-03-0110-46,16-008,ALTA VERAPAZ,SAN CRISTOBAL VERAPAZ,LICEO GALILEO GALILEI,"2A. CALLE, 2A. AVENIDA ZONA 3, BARRIO SAN SEBASTIAN",79504337,EMIILIO RUBÉN CAÁL GUALIB,MARIA ANGELICA GOMEZ CHAVEZ,DIVERSIFICADO,PRIVADO,URBANA,ABIERTA,MONOLINGUE,DOBLE,DIARIO(REGULAR),ALTA VERAPAZ
16-03-0139-46,16-008,ALTA VERAPAZ,SAN CRISTOBAL VERAPAZ,"INSTITUTO TECNOLÓGICO VOCACIONAL ""MARCO TULIO DE LA CRUZ MORALES""","2A. CALLE 4-45 ZONA 4, BARRIO SAN FELIPE",79504929,EMIILIO RUBÉN CAÁL GUALIB,RIGOBERTO HIGINIO SURAM JOM,DIVERSIFICADO,PRIVADO,URBANA,ABIERTA,MONOLINGUE,SIN JORNADA,SEMIPRESENCIAL (FIN DE SEMANA),ALTA VERAPAZ
16-03-0158-46,16-050,ALTA VERAPAZ,SAN CRISTOBAL VERAPAZ,CENTRO DE EDUCACIÓN EXTRAESCOLAR -CEEX-,COLONIA PANTOCÁN,46280307,MAXIMILIANO CHUB ICAL,SARA FLORIDALMA CÚ TIUL,DIVERSIFICADO,PRIVADO,RURAL,ABIERTA,BILINGUE,DOBLE,SEMIPRESENCIAL,ALTA VERAPAZ
16-03-0243-46,16-008,ALTA VERAPAZ,SAN CRISTOBAL VERAPAZ,COLEGIO MIXTO CIENCIAS TECNOLOGICAS,"3A. CALLE 0-43 ZONA 3, BARRIO SAN SEBASTIAN",41705134,EMIILIO RUBÉN CAÁL GUALIB,MASSENA OSWALDO SAGASTUME PORTOCARRERO,DIVERSIFICADO,PRIVADO,URBANA,ABIERTA,MONOLINGUE,SIN JORNADA,SEMIPRESENCIAL (FIN DE SEMANA),ALTA VERAPAZ
16-03-0245-46,16-008,ALTA VERAPAZ,SAN CRISTOBAL VERAPAZ,LICEO DE CIENCIAS APLICADAS DR. CARLOS ALDANA MENDOZA,"4A. AVENIDA, ENTRE 0 Y 1 CALLE ZONA 4, BARRIO SAN FELIPE",31479184,EMIILIO RUBÉN CAÁL GUALIB,JUAN GABRIEL CAL SURÁM,DIVERSIFICADO,PRIVADO,URBANA,ABIERTA,MONOLINGUE,SIN JORNADA,SEMIPRESENCIAL (FIN DE SEMANA),ALTA VERAPAZ
16-03-0247-46,16-008,ALTA VERAPAZ,SAN CRISTOBAL VERAPAZ,LICEO GALILEO GALILEI,"2A. CALLE 2A. AVENIDA ZONA 3, BARRIO SAN SEBASTIAN",45160622,EMIILIO RUBÉN CAÁL GUALIB,MARIA ANGELICA GOMEZ CHAVEZ,DIVERSIFICADO,PRIVADO,URBANA,ABIERTA,MONOLINGUE,SIN JORNADA,SEMIPRESENCIAL (FIN DE SEMANA),ALTA VERAPAZ
16-03-0259-46,16-008,ALTA VERAPAZ,SAN CRISTOBAL VERAPAZ,INSTITUTO TECNOLÓGICO VOCACIONAL MARCO TULIO DE LA CRUZ MORALES,"2A. CALLE 4-45 ZONA 4, BARRIO SAN FELIPE",79504929,EMIILIO RUBÉN CAÁL GUALIB,RIGOBERTO HIGINIO SURAM JOM,DIVERSIFICADO,PRIVADO,URBANA,ABIERTA,MONOLINGUE,MATUTINA,DIARIO(REGULAR),ALTA VERAPAZ
16-03-0262-46,16-008,ALTA VERAPAZ,SAN CRISTOBAL VERAPAZ,COLEGIO MIXTO LA PUPILA DEL CIELO,"4A. CALLE A 2-17, ENCLAVADO ZONA 2, COLONIA PANÁ",33801345,EMIILIO RUBÉN CAÁL GUALIB,MARIO RENE CAL SUN,DIVERSIFICADO,PRIVADO,URBANA,ABIERTA,MONOLINGUE,SIN JORNADA,SEMIPRESENCIAL (FIN DE SEMANA),ALTA VERAPAZ
16-03-0263-46,16-008,ALTA VERAPAZ,SAN CRISTOBAL VERAPAZ,COLEGIO MIXTO LA PUPILA DEL CIELO,"4A. CALLE A 2-17, ENCLAVADO ZONA 2, COLONIA PANÁ",33801345,EMIILIO RUBÉN CAÁL GUALIB,MARIO RENE CAL SUN,DIVERSIFICADO,PRIVADO,URBANA,ABIERTA,MONOLINGUE,DOBLE,FIN DE SEMANA,ALTA VERAPAZ
16-03-0265-46,16-008,ALTA VERAPAZ,SAN CRISTOBAL VERAPAZ,LICEO SAN CRISTÓBAL,"5A. CALLE 4-18 ZONA 1, BARRIO SANTA ANA",57332422,EMIILIO RUBÉN CAÁL GUALIB,OTTO ERIK MORÁN CHIQUÍN,DIVERSIFICADO,PRIVADO,URBANA,ABIERTA,MONOLINGUE,SIN JORNADA,SEMIPRESENCIAL (FIN DE SEMANA),ALTA VERAPAZ
16-03-0266-46,16-050,ALTA VERAPAZ,SAN CRISTOBAL VERAPAZ,CENTRO DE EDUCACIÓN EXTRAESCOLAR -CEEX-,CASERÍO CHILLEY,45552665,MAXIMILIANO CHUB ICAL,HENRY MANUEL HIDALGO SACBÁ,DIVERSIFICADO,OFICIAL,RURAL,ABIERTA,BILINGUE,DOBLE,DIARIO(REGULAR),ALTA VERAPAZ
16-03-0270-46,16-008,ALTA VERAPAZ,SAN CRISTOBAL VERAPAZ,COLEGIO DE FORMACIÓN TÉCNICO-PROFESIONAL NEXUS,"0 AVENIDA 1-71 ZONA 5, SAN CRISTOBAL VERAPAZ",35883366,EMIILIO RUBÉN CAÁL GUALIB,MARÍA JOSÉ BEJARANO YAGGI,DIVERSIFICADO,PRIVADO,URBANA,ABIERTA,MONOLINGUE,MATUTINA,DIARIO(REGULAR),ALTA VERAPAZ
16-03-0271-46,16-008,ALTA VERAPAZ,SAN CRISTOBAL VERAPAZ,COLEGIO DE FORMACIÓN TÉCNICO-PROFESIONAL NEXUS,"0 AVENIDA 1-71 ZONA 5, SAN CRISTOBAL VERAPAZ",35883366,EMIILIO RUBÉN CAÁL GUALIB,MARÍA JOSÉ BEJARANO YAGGI,DIVERSIFICADO,PRIVADO,URBANA,ABIERTA,MONOLINGUE,VESPERTINA,DIARIO(REGULAR),ALTA VERAPAZ
16-03-0272-46,16-008,ALTA VERAPAZ,SAN CRISTOBAL VERAPAZ,COLEGIO DE FORMACIÓN TÉCNICO-PROFESIONAL NEXUS,"0 AVENIDA 1-71 ZONA 5, SAN CRISTOBAL VERAPAZ",35883366,EMIILIO RUBÉN CAÁL GUALIB,MARÍA JOSÉ BEJARANO YAGGI,DIVERSIFICADO,PRIVADO,URBANA,ABIERTA,MONOLINGUE,VESPERTINA,DIARIO(REGULAR),ALTA VERAPAZ
16-03-0275-46,16-008,ALTA VERAPAZ,SAN CRISTOBAL VERAPAZ,COLEGIO DE FORMACIÓN TÉCNICO-PROFESIONAL NEXUS,"0 AVENIDA 1-71 ZONA 5, SAN CRISTOBAL VERAPAZ",35883366,EMIILIO RUBÉN CAÁL GUALIB,MARÍA JOSÉ BEJARANO YAGGI,DIVERSIFICADO,PRIVADO,URBANA,ABIERTA,MONOLINGUE,SIN JORNADA,SEMIPRESENCIAL (FIN DE SEMANA),ALTA VERAPAZ
16-03-1388-46,16-008,ALTA VERAPAZ,SAN CRISTOBAL VERAPAZ,COLEGIO 'MESON',8A. AVENIDA 6-00 ZONA 1,79504027-79504028,EMIILIO RUBÉN CAÁL GUALIB,LUIS EMILIO SOLARES MARROQUIN,DIVERSIFICADO,PRIVADO,URBANA,ABIERTA,MONOLINGUE,MATUTINA,DIARIO(REGULAR),ALTA VERAPAZ
16-03-1429-46,16-008,ALTA VERAPAZ,SAN CRISTOBAL VERAPAZ,LICEO GALILEO GALILEI,"2A. CALLE, 2A. AVENIDA ZONA 3, BARRIO SAN SEBASTIAN",79504337,EMIILIO RUBÉN CAÁL GUALIB,MARIA ANGELICA GOMEZ CHAVEZ,DIVERSIFICADO,PRIVADO,URBANA,ABIERTA,MONOLINGUE,VESPERTINA,DIARIO(REGULAR),ALTA VERAPAZ
16-03-1520-46,16-008,ALTA VERAPAZ,SAN CRISTOBAL VERAPAZ,LICEO GALILEO GALILEI,"2A. CALLE, 2A. AVENIDA ZONA 3, BARRIO SAN SEBASTIAN",45160662,EMIILIO RUBÉN CAÁL GUALIB,MARIA ANGELICA GOMEZ CHAVEZ,DIVERSIFICADO,PRIVADO,URBANA,ABIERTA,MONOLINGUE,DOBLE,FIN DE SEMANA,ALTA VERAPAZ
16-03-9884-46,16-008,ALTA VERAPAZ,SAN CRISTOBAL VERAPAZ,LICEO SAN CRISTOBAL,"5A. CALLE 4-18 ZONA 1, BARRIO SANTA ANA",79504134,EMIILIO RUBÉN CAÁL GUALIB,CRISTÓBAL MORÁN MO,DIVERSIFICADO,PRIVADO,URBANA,ABIERTA,MONOLINGUE,VESPERTINA,DIARIO(REGULAR),ALTA VERAPAZ
16-03-9885-46,16-008,ALTA VERAPAZ,SAN CRISTOBAL VERAPAZ,LICEO SAN CRISTOBAL,"5A. CALLE 4-18 ZONA 1, BARRIO SANTA ANA",79504134,EMIILIO RUBÉN CAÁL GUALIB,CRISTÓBAL MORÁN MO,DIVERSIFICADO,PRIVADO,URBANA,ABIERTA,MONOLINGUE,VESPERTINA,DIARIO(REGULAR),ALTA VERAPAZ
16-04-0046-46,16-009,ALTA VERAPAZ,TACTIC,COLEGIO PARTICULAR MIXTO BLAISE PASCAL,"4A. CALLE 09-103, ZONA 1",79539955,RUBEN DARIO CAAL CÚ,ROLANDO MACZ BAC,DIVERSIFICADO,PRIVADO,URBANA,ABIERTA,MONOLINGUE,DOBLE,FIN DE SEMANA,ALTA VERAPAZ
16-04-0050-46,16-009,ALTA VERAPAZ,TACTIC,INSTITUTO AKALTIC,"0 CALLE B OC-150, ZONA 4",79539043,RUBEN DARIO CAAL CÚ,ANA ELIZA PELÁEZ PONCE,DIVERSIFICADO,PRIVADO,URBANA,ABIERTA,MONOLINGUE,MATUTINA,DIARIO(REGULAR),ALTA VERAPAZ
16-04-0062-46,16-009,ALTA VERAPAZ,TACTIC,INSTITUTO NACIONAL DE EDUCACION DIVERSIFICADA,CANTON CHIJACORRAL,47218807,RUBEN DARIO CAAL CÚ,DORCAS SOFIA ALVAREZ MARIN,DIVERSIFICADO,OFICIAL,URBANA,ABIERTA,MONOLINGUE,MATUTINA,DIARIO(REGULAR),ALTA VERAPAZ
16-04-0064-46,16-009,ALTA VERAPAZ,TACTIC,COLEGIO NUESTRA SEÑORA DE LA ASUNCIÓN,"0 CALLE ""C"" 4-29 ZONA 4, BARRIO CHAMCHÉ",79529368,RUBEN DARIO CAAL CÚ,MARÍA ANGÉLICA CASTILLO MARTINEZ,DIVERSIFICADO,PRIVADO,URBANA,ABIERTA,MONOLINGUE,VESPERTINA,DIARIO(REGULAR),ALTA VERAPAZ
16-04-0068-46,16-009,ALTA VERAPAZ,TACTIC,COLEGIO CRISTIANO PARTICULAR MIXTO VIDA,"1A. AVENIDA 6-73 ZONA 7, CANTÓN CHIJACORRAL",79529275,RUBEN DARIO CAAL CÚ,EVELIN MARISOL DONIS BIN,DIVERSIFICADO,PRIVADO,URBANA,ABIERTA,MONOLINGUE,DOBLE,DIARIO(REGULAR),ALTA VERAPAZ
16-04-0072-46,16-009,ALTA VERAPAZ,TACTIC,COLEGIO PRIVADO MIXTO LA ENSEÑANZA,"12 AV. A 4-30, ZONA 3, BARRIO ASUNCION",79539069,RUBEN DARIO CAAL CÚ,CLAUDIA XIOMARA FLORES LÓPEZ,DIVERSIFICADO,PRIVADO,URBANA,ABIERTA,MONOLINGUE,DOBLE,FIN DE SEMANA,ALTA VERAPAZ
16-04-0120-46,16-009,ALTA VERAPAZ,TACTIC,COLEGIO PARTICULAR MIXTO BLAISE PASCAL,"4A. CALLE 09-103, ZONA 1",59984909,RUBEN DARIO CAAL CÚ,ROLANDO MACZ BAC,DIVERSIFICADO,PRIVADO,URBANA,ABIERTA,MONOLINGUE,SIN JORNADA,SEMIPRESENCIAL (FIN DE SEMANA),ALTA VERAPAZ
16-04-0122-46,16-009,ALTA VERAPAZ,TACTIC,COLEGIO PRIVADO MIXTO LA ENSEÑANZA,"12A. AVENIDA ""A"" 4-30 ZONA 2, BARRIO ASUNCION",79539069,RUBEN DARIO CAAL CÚ,CLAUDIA XIOMARA FLORES LÓPEZ,DIVERSIFICADO,PRIVADO,URBANA,ABIERTA,MONOLINGUE,SIN JORNADA,SEMIPRESENCIAL (FIN DE SEMANA),ALTA VERAPAZ
16-04-0124-46,16-009,ALTA VERAPAZ,TACTIC,INSTITUTO AKALTIC,"0 CALLE B OC-150, ZONA 4",58536938,RUBEN DARIO CAAL CÚ,ANA ELIZA PELÁEZ PONCE,DIVERSIFICADO,PRIVADO,URBANA,ABIERTA,MONOLINGUE,SIN JORNADA,SEMIPRESENCIAL (FIN DE SEMANA),ALTA VERAPAZ
16-04-0128-46,16-009,ALTA VERAPAZ,TACTIC,COLEGIO PARTICULAR MIXTO BLAISE PASCAL,"4A. CALLE 09-103, ZONA 1",77565109,RUBEN DARIO CAAL CÚ,ROLANDO MACZ BAC,DIVERSIFICADO,PRIVADO,URBANA,ABIERTA,MONOLINGUE,VESPERTINA,DIARIO(REGULAR),ALTA VERAPAZ
16-04-1235-46,16-009,ALTA VERAPAZ,TACTIC,COLEGIO PARTICULAR MIXTO BLAISE PASCAL,"4A. CALLE 09-103, ZONA 1",79539955,RUBEN DARIO CAAL CÚ,ROLANDO MACZ BAC,DIVERSIFICADO,PRIVADO,URBANA,ABIERTA,MONOLINGUE,MATUTINA,DIARIO(REGULAR),ALTA VERAPAZ
16-04-2308-46,16-009,ALTA VERAPAZ,TACTIC,INSTITUTO AKALTIC,"O CALLE B OC-150, ZONA 4.",79539043,RUBEN DARIO CAAL CÚ,ANA ELIZA PELÁEZ PONCE,DIVERSIFICADO,PRIVADO,URBANA,ABIERTA,MONOLINGUE,VESPERTINA,DIARIO(REGULAR),ALTA VERAPAZ
16-04-8321-46,16-009,ALTA VERAPAZ,TACTIC,INSTITUTO AKALTIC,0 CALLE B OC 150 ZONA 4 DE LA VILLA DE TACTIC,79539043,RUBEN DARIO CAAL CÚ,ANA ELIZA PELÁEZ PONCE,DIVERSIFICADO,PRIVADO,URBANA,ABIERTA,MONOLINGUE,DOBLE,FIN DE SEMANA,ALTA VERAPAZ
16-04-8322-46,16-009,ALTA VERAPAZ,TACTIC,COLEGIO PRIVADO MIXTO LA ENSEÑANZA,12 AV. 4-30 ZONA 3,79539069,RUBEN DARIO CAAL CÚ,MAYRA MAGDALENA YAT CHON,DIVERSIFICADO,PRIVADO,RURAL,ABIERTA,MONOLINGUE,VESPERTINA,DIARIO(REGULAR),ALTA VERAPAZ
16-04-9906-46,16-009,ALTA VERAPAZ,TACTIC,COLEGIO PRIVADO MIXTO LA ENSEÑANZA,12 AV. A 4-30 ZONA 3,79539069,RUBEN DARIO CAAL CÚ,MAYRA MAGDALENA YAT CHON,DIVERSIFICADO,PRIVADO,URBANA,ABIERTA,MONOLINGUE,DOBLE,DIARIO(REGULAR),ALTA VERAPAZ
16-05-0017-46,16-010,ALTA VERAPAZ,TAMAHU,INSTITUTO NACIONAL DE EDUCACION DIVERSIFICADA,TAMAHU,58034583,OLGA MARINA BUC,CARMELINA ICÓ MORÁN,DIVERSIFICADO,OFICIAL,URBANA,ABIERTA,MONOLINGUE,VESPERTINA,DIARIO(REGULAR),ALTA VERAPAZ
16-05-0057-46,16-010,ALTA VERAPAZ,TAMAHU,CENTRO DE EDUCACIÓN EXTRAESCOLAR -CEEX-,"BARRIO EL CENTRO, TAMAHU",46262436,OLGA MARINA BUC,LESBIA PATRICIA SILVESTRE LÓPEZ,DIVERSIFICADO,OFICIAL,URBANA,ABIERTA,MONOLINGUE,DOBLE,SEMIPRESENCIAL,ALTA VERAPAZ
16-05-9091-46,16-010,ALTA VERAPAZ,TAMAHU,INSTITUTO MIXTO MUNICIPAL DE MAGISTERIO BILINGUE,BARRIO CENTRO,36094074,OLGA MARINA BUC,NANCY NOHEMI VELÁSQUEZ MORALES,DIVERSIFICADO,MUNICIPAL,URBANA,ABIERTA,BILINGUE,VESPERTINA,DIARIO(REGULAR),ALTA VERAPAZ
16-06-0090-46,16-011,ALTA VERAPAZ,SAN MIGUEL TUCURU,INSTITUTO NACIONAL DE EDUCACIÓN DIVERSIFICADA,BARRIO EL CENTRO,40232213,INGRID AMANDA CAMÓ TOBAR DE CASTRO,OSCAR ROMÁN XOC CÓ,DIVERSIFICADO,OFICIAL,URBANA,ABIERTA,BILINGUE,VESPERTINA,DIARIO(REGULAR),ALTA VERAPAZ
16-06-0103-46,16-046,ALTA VERAPAZ,SAN MIGUEL TUCURU,"CENTRO DE FORMACIÓN ACADÉMICA, TECNOLÓGICA Y OCUPACIONAL ""JACK & MARIE EITING""",LOTE NO. 42 CASERÍO NUEVA ESPERANZA,30647842,ENRIQUE HORACIO MOLINA MUÑOZ,ZAIDA ELISA BOL MACZ,DIVERSIFICADO,PRIVADO,RURAL,ABIERTA,MONOLINGUE,MATUTINA,DIARIO(REGULAR),ALTA VERAPAZ
16-06-0143-46,16-050,ALTA VERAPAZ,SAN MIGUEL TUCURU,CENTRO DE EDUCACIÓN EXTRAESCOLAR -CEEX-,CASERÍO NUEVA ESPERANZA,50437041,MAXIMILIANO CHUB ICAL,MIRIAM PATRICIA MAX TOC,DIVERSIFICADO,OFICIAL,RURAL,ABIERTA,BILINGUE,DOBLE,DIARIO(REGULAR),ALTA VERAPAZ
16-06-2398-46,16-011,ALTA VERAPAZ,SAN MIGUEL TUCURU,INSTITUTO PRIVADO MIXTO DE MAGISTERIO BILINGUE TUKUR,CANTON LA PLAYA,,INGRID AMANDA CAMÓ TOBAR DE CASTRO,MIGUEL FERNANDO TUT LEMUS,DIVERSIFICADO,PRIVADO,URBANA,ABIERTA,MONOLINGUE,VESPERTINA,DIARIO(REGULAR),ALTA VERAPAZ
16-07-0117-46,16-012,ALTA VERAPAZ,PANZOS,INSTITUTO NACIONAL DE EDUCACION DIVERSIFICADA,BARRIO SAN JUAN,57036563,MARIA ELENA PALMA MOLINA,HECTOR MAQUIM CAAL,DIVERSIFICADO,OFICIAL,RURAL,ABIERTA,MONOLINGUE,VESPERTINA,DIARIO(REGULAR),ALTA VERAPAZ
16-07-0181-46,16-036,ALTA VERAPAZ,PANZOS,COLEGIO MIXTO MESOAMERICANO,"BARRIO EL CENTRO, ALDEA TELEMÁN",48067726,JOSE LUIS XI CUCUL,ARISTIDES EFREN LÓPEZ GÓMEZ,DIVERSIFICADO,PRIVADO,RURAL,ABIERTA,MONOLINGUE,VESPERTINA,DIARIO(REGULAR),ALTA VERAPAZ
16-07-0194-46,16-012,ALTA VERAPAZ,PANZOS,COLEGIO PRIVADO MIXTO JUAN AMOS COMENIO,BARRIO SAN SEBASTIAN,40856113,MARIA ELENA PALMA MOLINA,MARCELINO CAZ MUCÚ,DIVERSIFICADO,PRIVADO,RURAL,ABIERTA,MONOLINGUE,MATUTINA,DIARIO(REGULAR),ALTA VERAPAZ
16-07-0195-46,16-012,ALTA VERAPAZ,PANZOS,COLEGIO PRIVADO MIXTO JUAN AMOS COMENIO,BARRIO SAN SEBASTIAN,40856113,MARIA ELENA PALMA MOLINA,MARCELINO CAZ MUCÚ,DIVERSIFICADO,PRIVADO,RURAL,ABIERTA,MONOLINGUE,NOCTURNA,DIARIO(REGULAR),ALTA VERAPAZ
16-07-0197-46,16-036,ALTA VERAPAZ,PANZOS,COLEGIO MIXTO VALLE DEL POLOCHIC,"INSTALACIONES QUE OCUPA EL INSTITUTO DE EDUCACIÓN BÁSICA POR COOPERATIVA DE ENSEÑANZA, ALDEA TELEMAN",30498487,JOSE LUIS XI CUCUL,JOEL ESTEBAN ZEPEDA CAAL,DIVERSIFICADO,PRIVADO,RURAL,ABIERTA,BILINGUE,DOBLE,FIN DE SEMANA,ALTA VERAPAZ
16-07-0206-46,16-012,ALTA VERAPAZ,PANZOS,COLEGIO PRIVADO LICEO POLOCHIC,ALDEA TELEMAN,53318658,MARIA ELENA PALMA MOLINA,HECTOR MAQUIM CAAL,DIVERSIFICADO,PRIVADO,RURAL,ABIERTA,MONOLINGUE,DOBLE,FIN DE SEMANA,ALTA VERAPAZ
16-07-0211-46,16-050,ALTA VERAPAZ,PANZOS,CENTRO DE EDUCACIÓN EXTRAESCOLAR -CEEX-,"BARRIO LA ESCUELA, TELEMAN",32945952,MAXIMILIANO CHUB ICAL,AUGUSTO XOL XOL,DIVERSIFICADO,PRIVADO,RURAL,ABIERTA,BILINGUE,DOBLE,SEMIPRESENCIAL,ALTA VERAPAZ
16-07-0213-46,16-012,ALTA VERAPAZ,PANZOS,COLEGIO PRIVADO LICEO POLOCHIC,ALDEA TELEMAN,53318658,MARIA ELENA PALMA MOLINA,HECTOR MAQUIM CAAL,DIVERSIFICADO,PRIVADO,RURAL,ABIERTA,MONOLINGUE,SIN JORNADA,SEMIPRESENCIAL (FIN DE SEMANA),ALTA VERAPAZ
16-07-0214-46,16-036,ALTA VERAPAZ,PANZOS,COLEGIO MIXTO VALLE DEL POLOCHIC,"INSTALACIONES DEL INSTITUTO DE EDUCACION BASICA POR COOPERATIVA DE ENSEÑANZA, ALDEA TELEMAN",30498487,JOSE LUIS XI CUCUL,JOEL ESTEBAN ZEPEDA CAAL,DIVERSIFICADO,PRIVADO,RURAL,ABIERTA,MONOLINGUE,SIN JORNADA,SEMIPRESENCIAL (FIN DE SEMANA),ALTA VERAPAZ
16-07-0215-46,16-036,ALTA VERAPAZ,PANZOS,COLEGIO PRIVADO MIXTO SAGRADO CORAZÓN DEL POLOCHIC,"BARRIO LA ESCUELA, ALDEA TELEMAN",33712014,JOSE LUIS XI CUCUL,REYNA AZUCENA CHINCHILLA TIUL,DIVERSIFICADO,PRIVADO,RURAL,ABIERTA,MONOLINGUE,VESPERTINA,DIARIO(REGULAR),ALTA VERAPAZ
16-07-0216-46,16-036,ALTA VERAPAZ,PANZOS,COLEGIO PRIVADO MIXTO SAGRADO CORAZÓN DEL POLOCHIC,"BARRIO LA ESCUELA, ALDEA TELEMAN",33712014,JOSE LUIS XI CUCUL,REYNA AZUCENA CHINCHILLA TIUL,DIVERSIFICADO,PRIVADO,RURAL,ABIERTA,MONOLINGUE,DOBLE,FIN DE SEMANA,ALTA VERAPAZ
16-07-0217-46,16-036,ALTA VERAPAZ,PANZOS,COLEGIO PRIVADO MIXTO SAGRADO CORAZÓN DEL POLOCHIC,"BARRIO LA ESCUELA, ALDEA TELEMAN",33712014,JOSE LUIS XI CUCUL,REYNA AZUCENA CHINCHILLA TIUL,DIVERSIFICADO,PRIVADO,RURAL,ABIERTA,MONOLINGUE,SIN JORNADA,SEMIPRESENCIAL (FIN DE SEMANA),ALTA VERAPAZ
16-07-0221-46,16-012,ALTA VERAPAZ,PANZOS,LICEO TECNOLÓGICO CAHABONCITO -LITEC-,ALDEA CAHABONCITO,37311196,MARIA ELENA PALMA MOLINA,ARISTIDES EFREN LÓPEZ GÓMEZ,DIVERSIFICADO,PRIVADO,RURAL,ABIERTA,MONOLINGUE,DOBLE,FIN DE SEMANA,ALTA VERAPAZ
16-07-0252-46,16-055,ALTA VERAPAZ,PANZOS,COLEGIO PRIVADO MIXTO JUAN AMOS COMENIO,COLONIA SANTA ISABEL,40856113,MARIA ELENA PALMA MOLINA,MARCELINO CAZ MUCÚ,DIVERSIFICADO,PRIVADO,RURAL,ABIERTA,MONOLINGUE,SIN JORNADA,SEMIPRESENCIAL (FIN DE SEMANA),ALTA VERAPAZ
16-07-0253-46,16-055,ALTA VERAPAZ,PANZOS,COLEGIO PRIVADO MIXTO JUAN AMOS COMENIO,COLONIA SANTA ISABEL,4085613,MARIA ELENA PALMA MOLINA,MARCELINO CAZ MUCÚ,DIVERSIFICADO,PRIVADO,RURAL,ABIERTA,MONOLINGUE,DOBLE,FIN DE SEMANA,ALTA VERAPAZ
16-07-0255-46,16-055,ALTA VERAPAZ,PANZOS,INSTITUTO NACIONAL DE EDUCACION DIVERSIFICADA,ALDEA TELEMAN,49124463,MARIA ELENA PALMA MOLINA,SILVIA LETICIA XOL CHOC,DIVERSIFICADO,OFICIAL,URBANA,ABIERTA,BILINGUE,VESPERTINA,DIARIO(REGULAR),ALTA VERAPAZ
16-07-9096-46,16-012,ALTA VERAPAZ,PANZOS,COLEGIO PRIVADO MIXTO JUAN AMOS COMENIO,BARRIO SAN SEBASTIAN,40856113,MARIA ELENA PALMA MOLINA,MARCELINO CAZ MUCÚ,DIVERSIFICADO,PRIVADO,RURAL,ABIERTA,MONOLINGUE,VESPERTINA,DIARIO(REGULAR),ALTA VERAPAZ
16-07-9103-46,16-036,ALTA VERAPAZ,PANZOS,CENTRO EDUCATIVO SAN MARTIN DE PORRES,ALDEA TELEMAN,32073601,JOSE LUIS XI CUCUL,ESTÉFANA TIX YAC,DIVERSIFICADO,PRIVADO,RURAL,ABIERTA,BILINGUE,VESPERTINA,DIARIO(REGULAR),ALTA VERAPAZ
16-07-9639-46,16-012,ALTA VERAPAZ,PANZOS,INSTITUTO PRIVADO MIXTO PRIMARIA BILINGUE AJ KUTUNEL,BARRIO EL MAU,50673199,MARIA ELENA PALMA MOLINA,JOSÉ DANIEL BUENAFÉ CAAL,DIVERSIFICADO,PRIVADO,URBANA,ABIERTA,BILINGUE,VESPERTINA,DIARIO(REGULAR),ALTA VERAPAZ
16-08-0183-46,16-013,ALTA VERAPAZ,SENAHU,CENTRO EDUCATIVO SAN MATEO,BARRIO SAN ANTONIO,30895016,OSCAR GUILLERMO ANIBAL GARCÍA HUMBLERS,CELIA EMPERATRIZ BUENAFÉ CUZ,DIVERSIFICADO,PRIVADO,URBANA,ABIERTA,MONOLINGUE,MATUTINA,DIARIO(REGULAR),ALTA VERAPAZ
16-08-0199-46,16-041,ALTA VERAPAZ,SENAHU,INSTITUTO NACIONAL DE EDUCACIÓN DIVERSIFICADA,COMUNIDAD LA MONTAÑESA,79510080,ABNER DAVID CHIQUN TURCIOS,MAYNOR ESAU TZI ICAL,DIVERSIFICADO,OFICIAL,RURAL,ABIERTA,BILINGUE,VESPERTINA,DIARIO(REGULAR),ALTA VERAPAZ
16-08-0204-46,16-042,ALTA VERAPAZ,SENAHU,INSTITUTO NACIONAL DE EDUCACION DIVERSIFICADA,COOPERATIVA CHIREAJ,58061143,JORGE ERWIN CUCUL QUIB,DAVID CHOC CHUB,DIVERSIFICADO,OFICIAL,RURAL,ABIERTA,BILINGUE,VESPERTINA,DIARIO(REGULAR),ALTA VERAPAZ
16-08-0205-46,16-040,ALTA VERAPAZ,SENAHU,INSTITUTO NACIONAL DE EDUCACION DIVERSIFICADA,COOPERATIVA SANTA MARIA SAN MARCOS,53800001,DULLIER CLEMENTE BOL BAC,ALVARO WALDEMAR POP SACRAB,DIVERSIFICADO,OFICIAL,RURAL,ABIERTA,BILINGUE,VESPERTINA,DIARIO(REGULAR),ALTA VERAPAZ
16-08-0206-46,16-040,ALTA VERAPAZ,SENAHU,INSTITUTO NACIONAL DE EDUCACION DIVERSIFICADA,COOPERATIVA ACTELA,33000059,DULLIER CLEMENTE BOL BAC,LÁZARO JONATAN CAÁL QUIB,DIVERSIFICADO,OFICIAL,RURAL,ABIERTA,BILINGUE,VESPERTINA,DIARIO(REGULAR),ALTA VERAPAZ
16-08-0207-46,16-042,ALTA VERAPAZ,SENAHU,INSTITUTO NACIONAL DE EDUCACION DIVERSIFICADA,ALDEA YALIJUX,51589262,JORGE ERWIN CUCUL QUIB,RICARDO ANTONIO CAAL CAAL,DIVERSIFICADO,OFICIAL,RURAL,ABIERTA,BILINGUE,VESPERTINA,DIARIO(REGULAR),ALTA VERAPAZ
16-08-0208-46,16-013,ALTA VERAPAZ,SENAHU,INSTITUTO NACIONAL DE EDUCACION DIVERSIFICADA,BARRIO EL CENTRO,48939361,OSCAR GUILLERMO ANIBAL GARCÍA HUMBLERS,DENNY ESTUARDO BUECHSEL ROSS,DIVERSIFICADO,OFICIAL,URBANA,ABIERTA,BILINGUE,VESPERTINA,DIARIO(REGULAR),ALTA VERAPAZ
16-08-0209-46,16-042,ALTA VERAPAZ,SENAHU,INSTITUTO NACIONAL DE EDUCACION DIVERSIFICADA,COOPERATIVA SEMARAC I,49630930,JORGE ERWIN CUCUL QUIB,JOSÉ ANGEL COY XÓL,DIVERSIFICADO,OFICIAL,RURAL,ABIERTA,BILINGUE,VESPERTINA,DIARIO(REGULAR),ALTA VERAPAZ
16-08-0218-46,16-013,ALTA VERAPAZ,SENAHU,"CENTRO DE ESTUDIOS PREUNIVERSITARIO CAHABÓN-SENAHÚ ""CEPREC SENAHÚ""",BARRIO LA PROVIDENCIA,45353648,OSCAR GUILLERMO ANIBAL GARCÍA HUMBLERS,MARÍA ELENA PACHAM CHOC,DIVERSIFICADO,PRIVADO,URBANA,ABIERTA,MONOLINGUE,VESPERTINA,DIARIO(REGULAR),ALTA VERAPAZ
16-08-0220-46,16-013,ALTA VERAPAZ,SENAHU,"CENTRO DE ESTUDIOS PREUNIVERSITARIO CAHABÓN-SENAHÚ ""CEPREC SENAHÚ""",BARRIO LA PROVIDENCIA,45353648,OSCAR GUILLERMO ANIBAL GARCÍA HUMBLERS,MARÍA ELENA PACHAM CHOC,DIVERSIFICADO,PRIVADO,URBANA,ABIERTA,MONOLINGUE,SIN JORNADA,SEMIPRESENCIAL (FIN DE SEMANA),ALTA VERAPAZ
16-08-0223-46,16-013,ALTA VERAPAZ,SENAHU,COLEGIO PARTICULAR MIXTO DEL VALLE,BARRIO LA VEGA,33921275,OSCAR GUILLERMO ANIBAL GARCÍA HUMBLERS,ANA LUCIA REICHE PEREZ,DIVERSIFICADO,PRIVADO,URBANA,ABIERTA,MONOLINGUE,SIN JORNADA,SEMIPRESENCIAL (FIN DE SEMANA),ALTA VERAPAZ
16-08-0224-46,16-013,ALTA VERAPAZ,SENAHU,COLEGIO PARTICULAR MIXTO DEL VALLE,BARRIO LA VEGA,33921275,OSCAR GUILLERMO ANIBAL GARCÍA HUMBLERS,ANA LUCIA REICHE PEREZ,DIVERSIFICADO,PRIVADO,URBANA,ABIERTA,MONOLINGUE,MATUTINA,DIARIO(REGULAR),ALTA VERAPAZ
16-08-0225-46,16-013,ALTA VERAPAZ,SENAHU,COLEGIO PARTICULAR MIXTO DEL VALLE,BARRIO LA VEGA,33921275,OSCAR GUILLERMO ANIBAL GARCÍA HUMBLERS,ANA LUCIA REICHE PEREZ,DIVERSIFICADO,PRIVADO,URBANA,ABIERTA,MONOLINGUE,VESPERTINA,DIARIO(REGULAR),ALTA VERAPAZ
16-08-1583-46,16-013,ALTA VERAPAZ,SENAHU,INSTITUTO PRIVADO MIXTO DE MAGISTERIO BILINGUE NAUQ,BARRIO CENTRO,49759554,OSCAR GUILLERMO ANIBAL GARCÍA HUMBLERS,ANA LUCIA REICHE PEREZ,DIVERSIFICADO,PRIVADO,URBANA,ABIERTA,BILINGUE,VESPERTINA,DIARIO(REGULAR),ALTA VERAPAZ
16-09-0007-46,16-033,ALTA VERAPAZ,SAN PEDRO CARCHA,CENTRO EDUCATIVO NUEVA VIDA,8A. CALLE 4-47 ZONA 4,,OSCAR RENÉ VENTURA ZAC,JUAN RAX,DIVERSIFICADO,PRIVADO,RURAL,ABIERTA,MONOLINGUE,VESPERTINA,DIARIO(REGULAR),ALTA VERAPAZ
16-09-0386-46,16-018,ALTA VERAPAZ,SAN PEDRO CARCHA,INSTITUTO NACIONAL DE EDUCACION DIVERSIFICADA,ALDEA CAMPUR,55245770,CECILIO DADAÍ OVANDO AZURDIA,JOSEFINA CHOC CUZ,DIVERSIFICADO,OFICIAL,RURAL,ABIERTA,MONOLINGUE,VESPERTINA,DIARIO(REGULAR),ALTA VERAPAZ
16-09-0717-46,16-033,ALTA VERAPAZ,SAN PEDRO CARCHA,INSTITUTO ADOLFO V. HALL DEL NORTE,"3A. CALLE ""A"" 3-68 ZONA 4, BARRIO BELLA VISTA",79516463,OSCAR RENÉ VENTURA ZAC,HERBERTH HAROLDO BELTETON CHIQUIN,DIVERSIFICADO,OFICIAL,URBANA,ABIERTA,MONOLINGUE,DOBLE,DIARIO(REGULAR),ALTA VERAPAZ
16-09-0720-46,16-033,ALTA VERAPAZ,SAN PEDRO CARCHA,INSTITUTO TECNICO DIVERSIFICADO DE BACHILLERATO EN CONSTRUCCION,5A CALLE FINAL ZONA 1,79515766,OSCAR RENÉ VENTURA ZAC,ANGEL GUSTAVO RIVERA ARGUETA,DIVERSIFICADO,OFICIAL,URBANA,ABIERTA,MONOLINGUE,VESPERTINA,DIARIO(REGULAR),ALTA VERAPAZ
16-09-0756-46,16-033,ALTA VERAPAZ,SAN PEDRO CARCHA,COLEGIO STHELLA DE HERNANDEZ,"DIAGONAL 2 10-73, ZONA 2",79516876,OSCAR RENÉ VENTURA ZAC,ORLEY EDWIN MELÉNDEZ ROSALES,DIVERSIFICADO,PRIVADO,URBANA,ABIERTA,MONOLINGUE,MATUTINA,DIARIO(REGULAR),ALTA VERAPAZ
16-09-0760-46,16-033,ALTA VERAPAZ,SAN PEDRO CARCHA,LICEO INTERCULTURAL VERAPACENSE,8A. CALLE 4-47 ZONA 4,79516795,OSCAR RENÉ VENTURA ZAC,YOSELIN YESENIA CHOCÓN TZALAM,DIVERSIFICADO,PRIVADO,URBANA,ABIERTA,MONOLINGUE,DOBLE,FIN DE SEMANA,ALTA VERAPAZ
16-09-0763-46,16-018,ALTA VERAPAZ,SAN PEDRO CARCHA,INSTITUTO MIXTO DE EDUCACION BILINGUE INTERCULTURAL -IMEBI-,ALDEA CAMPUR,79514189,CECILIO DADAÍ OVANDO AZURDIA,ESTEBAN JOSE AX CAAL,DIVERSIFICADO,PRIVADO,RURAL,ABIERTA,BILINGUE,DOBLE,FIN DE SEMANA,ALTA VERAPAZ
16-09-0796-46,16-017,ALTA VERAPAZ,SAN PEDRO CARCHA,INSTITUTO NACIONAL DE EDUCACION DIVERSIFICADA,ALDEA CAQUIGUAL,58138051,LAYZA MARIELA CASTRO CAAL,CARLOS ENRIQUE CHÓN CAAL,DIVERSIFICADO,OFICIAL,RURAL,ABIERTA,MONOLINGUE,VESPERTINA,DIARIO(REGULAR),ALTA VERAPAZ
16-09-0812-46,16-033,ALTA VERAPAZ,SAN PEDRO CARCHA,COLEGIO STHELLA DE HERNÁNDEZ,"DIAGONAL 2 10-73 ZONA 2, BARRIO SAN PABLO",79516876,OSCAR RENÉ VENTURA ZAC,ORLEY EDWIN MELÉNDEZ ROSALES,DIVERSIFICADO,PRIVADO,URBANA,ABIERTA,MONOLINGUE,DOBLE,DIARIO(REGULAR),ALTA VERAPAZ
16-09-0820-46,16-033,ALTA VERAPAZ,SAN PEDRO CARCHA,INSTITUTO NACIONAL DE EDUCACION DIVERSIFICADA,ALDEA CHIQUIXJI,42809114,OSCAR RENÉ VENTURA ZAC,ANGÉLICA VIOLETA TIÚ AGUARÉ,DIVERSIFICADO,OFICIAL,RURAL,ABIERTA,MONOLINGUE,VESPERTINA,DIARIO(REGULAR),ALTA VERAPAZ
16-09-0827-46,16-016,ALTA VERAPAZ,SAN PEDRO CARCHA,INSTITUTO NACIONAL DE EDUCACIÓN DIVERSIFICADA,ALDEA SACRAB,44927951,ERVIN ANIBAL CAC CHÚN,HEIDY KARINA POP MEJÍA,DIVERSIFICADO,OFICIAL,RURAL,ABIERTA,BILINGUE,MATUTINA,DIARIO(REGULAR),ALTA VERAPAZ
16-09-0828-46,16-033,ALTA VERAPAZ,SAN PEDRO CARCHA,INSTITUTO DE EDUCACIÓN BÁSICA BILINGUE INTERCULTURAL LA TRINIDAD,"2A. CALLE 3-24 ZONA 7, COLONIA SANTO DOMINGO",51591871,OSCAR RENÉ VENTURA ZAC,AGUSTIN PELICÓ PÉREZ,DIVERSIFICADO,PRIVADO,URBANA,ABIERTA,BILINGUE,DOBLE,FIN DE SEMANA,ALTA VERAPAZ
16-09-0830-46,16-033,ALTA VERAPAZ,SAN PEDRO CARCHA,INSTITUTO TECNICO DIVERSIFICADO DE BACHILLERATO EN CONSTRUCCION,5A CALLE FINAL ZONA 1,44457071,OSCAR RENÉ VENTURA ZAC,ANGEL GUSTAVO RIVERA ARGUETA,DIVERSIFICADO,OFICIAL,URBANA,ABIERTA,MONOLINGUE,DOBLE,DIARIO(REGULAR),ALTA VERAPAZ
16-09-0834-46,16-033,ALTA VERAPAZ,SAN PEDRO CARCHA,LICEO DE SUPERACIÓN A DISTANCIA VERAPACENSE,"RESIDENCIALES RAXPEC, SECTOR CHAJUCH LOTE NÚMERO 17",77250339,OSCAR RENÉ VENTURA ZAC,ENRIQUE CHE TUX,DIVERSIFICADO,PRIVADO,URBANA,ABIERTA,BILINGUE,DOBLE,A DISTANCIA,ALTA VERAPAZ
16-09-0837-46,16-016,ALTA VERAPAZ,SAN PEDRO CARCHA,INSTITUTO NACIONAL DE EDUCACION DIVERSIFICADA,ALDEA COJAJ,44927951,ERVIN ANIBAL CAC CHÚN,VERÓNICA GUADALUPE XÓ REY,DIVERSIFICADO,OFICIAL,RURAL,ABIERTA,BILINGUE,MATUTINA,DIARIO(REGULAR),ALTA VERAPAZ
16-09-0838-46,16-014,ALTA VERAPAZ,SAN PEDRO CARCHA,INSTITUTO NACIONAL DE EDUCACION DIVERSIFICADA,ALDEA CHACALTE,40210652,VICTOR YAT MAQUIN,MARIO RUBEN CAAL BOTZOC,DIVERSIFICADO,OFICIAL,RURAL,ABIERTA,BILINGUE,MATUTINA,DIARIO(REGULAR),ALTA VERAPAZ
16-09-0839-46,16-014,ALTA VERAPAZ,SAN PEDRO CARCHA,INSTITUTO NACIONAL DE EDUCACION DIVERSIFICADA,ALDEA XICACAO,40210652,VICTOR YAT MAQUIN,JULIETA ADELINA WIRSING AC,DIVERSIFICADO,OFICIAL,RURAL,ABIERTA,BILINGUE,MATUTINA,DIARIO(REGULAR),ALTA VERAPAZ
16-09-0840-46,16-033,ALTA VERAPAZ,SAN PEDRO CARCHA,INSTITUTO NACIONAL DE EDUCACIÓN DIVERSIFICADA,"COLONIA CHIBUJBU, 2A. CALLE FINAL ZONA 5",55242015,OSCAR RENÉ VENTURA ZAC,ESVEN GAMALIEL GARCÍA MOLINA,DIVERSIFICADO,OFICIAL,URBANA,ABIERTA,MONOLINGUE,VESPERTINA,DIARIO(REGULAR),ALTA VERAPAZ
16-09-0844-46,16-033,ALTA VERAPAZ,SAN PEDRO CARCHA,COLEGIO SAGRADA FAMILIA,4TA. CALLE FINAL ZONA 1,77360929,OSCAR RENÉ VENTURA ZAC,MOISES NICOMEDES PAQUE CAAL,DIVERSIFICADO,PRIVADO,URBANA,ABIERTA,MONOLINGUE,VESPERTINA,DIARIO(REGULAR),ALTA VERAPAZ
16-09-0848-46,16-050,ALTA VERAPAZ,SAN PEDRO CARCHA,CENTRO DE EDUCACIÓN EXTRAESCOLAR,SAN PEDRO CARCHA,42809114,MAXIMILIANO CHUB ICAL,LISSY STEISSY SIERRA LÓPEZ,DIVERSIFICADO,OFICIAL,URBANA,ABIERTA,MONOLINGUE,DOBLE,SEMIPRESENCIAL,ALTA VERAPAZ
16-09-0852-46,16-033,ALTA VERAPAZ,SAN PEDRO CARCHA,COLEGIO SALESIANO DON BOSCO,5A. CALLE 7-86 ZONA 1,79516647,OSCAR RENÉ VENTURA ZAC,GERMAN RAUL CAAL TIUL,DIVERSIFICADO,PRIVADO,URBANA,ABIERTA,MONOLINGUE,MATUTINA,DIARIO(REGULAR),ALTA VERAPAZ
16-09-0855-46,16-050,ALTA VERAPAZ,SAN PEDRO CARCHA,CENTRO DE EDUCACIÓN EXTRAESCOLAR -CEEX-,"6TA. CALLE 3ERA. AVENIDA, ZONA 2",46280307,MAXIMILIANO CHUB ICAL,SARA FLORIDALMA CÚ TIUL,DIVERSIFICADO,PRIVADO,RURAL,ABIERTA,BILINGUE,DOBLE,SEMIPRESENCIAL,ALTA VERAPAZ
16-09-0860-46,16-033,ALTA VERAPAZ,SAN PEDRO CARCHA,"INSTITUTO DE EDUCACION BASICA BILINGÜE INTERCULTURAL ""LA TRINIDAD""","2A. CALLE 3-24 ZONA7, COLONIA SANTO DOMINGO",51591871,OSCAR RENÉ VENTURA ZAC,AGUSTIN PELICÓ PÉREZ,DIVERSIFICADO,PRIVADO,URBANA,ABIERTA,MONOLINGUE,SIN JORNADA,SEMIPRESENCIAL (FIN DE SEMANA),ALTA VERAPAZ
16-09-0862-46,16-033,ALTA VERAPAZ,SAN PEDRO CARCHA,LICEO INTERCULTURAL VERAPACENSE,"8A. CALLE 4-47, ZONA 4",45971582,OSCAR RENÉ VENTURA ZAC,YOSELIN YESENIA CHOCÓN TZALAM,DIVERSIFICADO,PRIVADO,URBANA,ABIERTA,MONOLINGUE,SIN JORNADA,SEMIPRESENCIAL (FIN DE SEMANA),ALTA VERAPAZ
16-09-0863-46,16-033,ALTA VERAPAZ,SAN PEDRO CARCHA,COLEGIO SAGRADA FAMILIA,4A. CALLE FINAL ZONA 1,51866549,OSCAR RENÉ VENTURA ZAC,MOISES NICOMEDES PAQUE CAAL,DIVERSIFICADO,PRIVADO,URBANA,ABIERTA,MONOLINGUE,VESPERTINA,DIARIO(REGULAR),ALTA VERAPAZ
16-09-0866-46,16-033,ALTA VERAPAZ,SAN PEDRO CARCHA,COLEGIO MIXTO PRIVADO NUEVA GENERACIÓN DEL NORTE,"6A. CALLE 1-78 ZONA 4, BARRIO BELLA VISTA, SECTOR II",38881474,OSCAR RENÉ VENTURA ZAC,ALLAN NOEL MACZ CHIQUIN,DIVERSIFICADO,PRIVADO,URBANA,ABIERTA,MONOLINGUE,DOBLE,FIN DE SEMANA,ALTA VERAPAZ
16-09-0868-46,16-033,ALTA VERAPAZ,SAN PEDRO CARCHA,COLEGIO MIXTO PRIVADO NUEVA GENERACIÓN DEL NORTE,"6A. CALLE 1-78 ZONA 4, BARRIO BELLA VISTA, SECTOR II",38881474,OSCAR RENÉ VENTURA ZAC,ALLAN NOEL MACZ CHIQUIN,DIVERSIFICADO,PRIVADO,URBANA,ABIERTA,MONOLINGUE,SIN JORNADA,SEMIPRESENCIAL (FIN DE SEMANA),ALTA VERAPAZ
16-09-0870-46,16-033,ALTA VERAPAZ,SAN PEDRO CARCHA,CENTRO EDUCATIVO NUEVA VIDA,"8A. CALLE 4-47, ZONA 4",36369056,OSCAR RENÉ VENTURA ZAC,JUAN RAX,DIVERSIFICADO,PRIVADO,URBANA,ABIERTA,MONOLINGUE,VESPERTINA,DIARIO(REGULAR),ALTA VERAPAZ
16-09-0877-46,16-050,ALTA VERAPAZ,SAN PEDRO CARCHA,CENTRO DE EDUCACIÓN EXTRAESCOLAR -CEEX-,ALDEA SEJALAL,46538083,MAXIMILIANO CHUB ICAL,HECTOR MANUEL CAC CUCUL,DIVERSIFICADO,OFICIAL,RURAL,ABIERTA,BILINGUE,MATUTINA,SEMIPRESENCIAL,ALTA VERAPAZ
16-09-0880-46,16-017,ALTA VERAPAZ,SAN PEDRO CARCHA,INSTITUTO NACIONAL DE EDUCACIÓN DIVERSIFICADA,ALDEA TANCHI,40838729,LAYZA MARIELA CASTRO CAAL,EDGAR LEONEL DEL VALLE XÓ,DIVERSIFICADO,OFICIAL,RURAL,ABIERTA,MONOLINGUE,MATUTINA,DIARIO(REGULAR),ALTA VERAPAZ
16-09-0882-46,16-033,ALTA VERAPAZ,SAN PEDRO CARCHA,INSTITUTO NACIONAL DE EDUCACIÓN DIVERSIFICADA,ALDEA POCOLA,49074025,OSCAR RENÉ VENTURA ZAC,ALÁN WILFREDO PAAU TOT,DIVERSIFICADO,OFICIAL,RURAL,ABIERTA,BILINGUE,MATUTINA,DIARIO(REGULAR),ALTA VERAPAZ
16-09-0883-46,16-033,ALTA VERAPAZ,SAN PEDRO CARCHA,INSTITUTO NACIONAL DE EDUCACIÓN DIVERSIFICADA,ALDEA CHICOJL,30223298,OSCAR RENÉ VENTURA ZAC,MANUEL TIUL POP,DIVERSIFICADO,OFICIAL,RURAL,ABIERTA,BILINGUE,MATUTINA,DIARIO(REGULAR),ALTA VERAPAZ
16-09-0885-46,16-033,ALTA VERAPAZ,SAN PEDRO CARCHA,INSTITUTO NACIONAL DE EDUCACION DIVERSIFICADA,ALDEA CHIYO,58410749,OSCAR RENÉ VENTURA ZAC,ZOILA ESPERANZA COC MACZ,DIVERSIFICADO,OFICIAL,RURAL,ABIERTA,BILINGUE,MATUTINA,DIARIO(REGULAR),ALTA VERAPAZ
16-09-0932-46,16-015,ALTA VERAPAZ,SAN PEDRO CARCHA,COLEGIO SAGRADA FAMILIA,4A. CALLE FINAL ZONA 1,51866549,EDWIN OTONIEL CUCÚL CHOC,MOISES NICOMEDES PAQUE CAAL,DIVERSIFICADO,PRIVADO,URBANA,ABIERTA,MONOLINGUE,DOBLE,FIN DE SEMANA,ALTA VERAPAZ
16-09-1574-46,16-033,ALTA VERAPAZ,SAN PEDRO CARCHA,CENTRO EDUCATIVO PARTICULAR DON BOSCO,ALDEA TZACANIHA,79515955,OSCAR RENÉ VENTURA ZAC,SALVADOR AJUALIP RODRÍGUEZ,DIVERSIFICADO,PRIVADO,RURAL,ABIERTA,BILINGUE,MATUTINA,DIARIO(REGULAR),ALTA VERAPAZ
16-09-6450-46,16-033,ALTA VERAPAZ,SAN PEDRO CARCHA,CENTRO EDUCATIVO PRIVADO TALITA KUMI,"1A. CALLE 2-50, ZONA 8",79629100,OSCAR RENÉ VENTURA ZAC,MAURINDA BEATRIZ MOLINA SARAVIA,DIVERSIFICADO,PRIVADO,URBANA,ABIERTA,MONOLINGUE,MATUTINA,DIARIO(REGULAR),ALTA VERAPAZ
16-09-9258-46,16-033,ALTA VERAPAZ,SAN PEDRO CARCHA,"COLEGIO ""STHELLA DE HERNANDEZ""",DIAGONAL 2 10-73 ZONA 2 BARRIO SAN PABLO,79516876,OSCAR RENÉ VENTURA ZAC,ORLEY EDWIN MELÉNDEZ ROSALES,DIVERSIFICADO,PRIVADO,URBANA,ABIERTA,MONOLINGUE,VESPERTINA,DIARIO(REGULAR),ALTA VERAPAZ
16-09-9259-46,16-033,ALTA VERAPAZ,SAN PEDRO CARCHA,"COLEGIO ""STHELLA DE HERNANDEZ""",DIAGONAL 2 10-73 ZONA 2 BARRIO SAN PABLO,,OSCAR RENÉ VENTURA ZAC,ORLEY EDWIN MELÉNDEZ ROSALES,DIVERSIFICADO,PRIVADO,URBANA,ABIERTA,MONOLINGUE,DOBLE,FIN DE SEMANA,ALTA VERAPAZ
16-10-0062-46,16-019,ALTA VERAPAZ,SAN JUAN CHAMELCO,COLEGIO PARTICULAR MIXTO KAIROS,0 AVENIDA 1A. CALLE NO. 002 ZONA 4 BARRIO SANTO DOMINGO,79500460,EDUARDO YALIBAT,EDWIN NAZARETH MELÉNDEZ FERNÁNDEZ,DIVERSIFICADO,PRIVADO,URBANA,ABIERTA,MONOLINGUE,MATUTINA,DIARIO(REGULAR),ALTA VERAPAZ
16-10-0063-46,16-019,ALTA VERAPAZ,SAN JUAN CHAMELCO,COLEGIO PARTICULAR MIXTO KAIROS,0 AVENIDA 1A CALLE NO. 002 ZONA 4 BARRIO SANTO DOMINGO,79500460,EDUARDO YALIBAT,EDWIN NAZARETH MELÉNDEZ FERNÁNDEZ,DIVERSIFICADO,PRIVADO,URBANA,ABIERTA,MONOLINGUE,VESPERTINA,DIARIO(REGULAR),ALTA VERAPAZ
16-10-0064-46,16-019,ALTA VERAPAZ,SAN JUAN CHAMELCO,INSTITUTO NACIONAL DE EDUCACIÓN DIVERSIFICADA,"2A. AVENIDA 7-66 ZONA DOS, BARRIO SANTA ANA ORIENTAL",30744270,EDUARDO YALIBAT,YESSICA PAHOLA HO ISEM,DIVERSIFICADO,OFICIAL,URBANA,ABIERTA,MONOLINGUE,VESPERTINA,DIARIO(REGULAR),ALTA VERAPAZ
16-10-0065-46,16-019,ALTA VERAPAZ,SAN JUAN CHAMELCO,LICEO GUATEMALTECO VERAPACENSE,BARRIO RESURRECCIÓN,79500286,EDUARDO YALIBAT,SEYLI ARACELY RAMOS BELTETON,DIVERSIFICADO,PRIVADO,URBANA,ABIERTA,MONOLINGUE,VESPERTINA,DIARIO(REGULAR),ALTA VERAPAZ
16-10-0066-46,16-019,ALTA VERAPAZ,SAN JUAN CHAMELCO,LICEO GUATEMALTECO VERAPACENSE,BARRIO RESURRECCIÓN,79500286,EDUARDO YALIBAT,JUAN RAX,DIVERSIFICADO,PRIVADO,URBANA,ABIERTA,MONOLINGUE,DOBLE,FIN DE SEMANA,ALTA VERAPAZ
16-10-0072-46,16-019,ALTA VERAPAZ,SAN JUAN CHAMELCO,COLEGIO PARTICULAR MIXTO KAIROS,1ERA. CALLE 0-02 ZONA 4,79500460,EDUARDO YALIBAT,EDWIN NAZARETH MELÉNDEZ FERNÁNDEZ,DIVERSIFICADO,PRIVADO,URBANA,ABIERTA,BILINGUE,DOBLE,FIN DE SEMANA,ALTA VERAPAZ
16-10-0138-46,16-019,ALTA VERAPAZ,SAN JUAN CHAMELCO,LICEO GUATEMALTECO VERAPACENSE,BARRIO RESURRECCIÓN,36365262,EDUARDO YALIBAT,JUAN RAX,DIVERSIFICADO,PRIVADO,URBANA,ABIERTA,MONOLINGUE,MATUTINA,DIARIO(REGULAR),ALTA VERAPAZ
16-10-0140-46,16-019,ALTA VERAPAZ,SAN JUAN CHAMELCO,LICEO GUATEMALTECO VERAPACENSE,BARRIO RESURRECCIÓN,36365262,EDUARDO YALIBAT,JUAN RAX,DIVERSIFICADO,PRIVADO,URBANA,ABIERTA,MONOLINGUE,SIN JORNADA,SEMIPRESENCIAL (FIN DE SEMANA),ALTA VERAPAZ
16-10-0150-46,16-020,ALTA VERAPAZ,SAN JUAN CHAMELCO,INSTITUTO MIXTO BILINGÜE INTERCULTURAL CHOSAAM,ALDEA CHAMIL,32858391,MIRIAM ELVIRA CAAL TZUL,ALFONSO CHO SAM,DIVERSIFICADO,PRIVADO,RURAL,ABIERTA,MONOLINGUE,DOBLE,FIN DE SEMANA,ALTA VERAPAZ
16-10-0151-46,16-020,ALTA VERAPAZ,SAN JUAN CHAMELCO,INSTITUTO MIXTO BILINGÜE INTERCULTURAL CHOSAAM,ALDEA CHAMIL,32858391,MIRIAM ELVIRA CAAL TZUL,ALFONSO CHO SAM,DIVERSIFICADO,PRIVADO,RURAL,ABIERTA,MONOLINGUE,SIN JORNADA,SEMIPRESENCIAL (FIN DE SEMANA),ALTA VERAPAZ
16-10-1400-46,16-019,ALTA VERAPAZ,SAN JUAN CHAMELCO,INSTITUTO TECNICO EN RECURSOS NATURALES,FINCA MUNICIPAL CHIPAR,79500480,EDUARDO YALIBAT,ERICK FERNANDO CHOC GARCÍA,DIVERSIFICADO,PRIVADO,URBANA,ABIERTA,MONOLINGUE,DOBLE,DIARIO(REGULAR),ALTA VERAPAZ
16-10-9601-46,16-019,ALTA VERAPAZ,SAN JUAN CHAMELCO,CENTRO EDUCATIVO MENONITA Q EQCHI BEZALEEL,ALDEA SAQUIJA,79500397,EDUARDO YALIBAT,FRANCISCO BERNAL GONZÁLEZ,DIVERSIFICADO,PRIVADO,RURAL,ABIERTA,MONOLINGUE,VESPERTINA,DIARIO(REGULAR),ALTA VERAPAZ
16-11-0027-46,16-021,ALTA VERAPAZ,LANQUIN,INSTITUTO NACIONAL DE EDUCACION DIVERSIFICADA,BARRIO SAN NICOLAS,49823719,MYNOR DANILO TORRES JUÁREZ,ANA MARIELA JUÁREZ FIGUEROA,DIVERSIFICADO,OFICIAL,URBANA,ABIERTA,MONOLINGUE,VESPERTINA,DIARIO(REGULAR),ALTA VERAPAZ
16-11-0057-46,16-021,ALTA VERAPAZ,LANQUIN,INSTITUTO NACIONAL DE EDUCACION DIVERSIFICADA,BARRIO SAN NICOLAS,49823719,MYNOR DANILO TORRES JUÁREZ,ANA MARIELA JUÁREZ FIGUEROA,DIVERSIFICADO,OFICIAL,URBANA,ABIERTA,MONOLINGUE,DOBLE,DIARIO(REGULAR),ALTA VERAPAZ
16-11-0059-46,16-021,ALTA VERAPAZ,LANQUIN,"CENTRO DE ESTUDIOS PREUNIVERSITARIO CAHABÓN-LANQUÍN ""CEPREC LANQUÍN""",COLONIA BELEN,45353648,MYNOR DANILO TORRES JUÁREZ,EDGAR GABRIEL LOPEZ GARCÍA,DIVERSIFICADO,PRIVADO,URBANA,ABIERTA,MONOLINGUE,VESPERTINA,DIARIO(REGULAR),ALTA VERAPAZ
16-11-0060-46,16-021,ALTA VERAPAZ,LANQUIN,"CENTRO DE ESTUDIOS PREUNIVERSITARIO CAHABÓN-LANQUÍN ""CEPREC LANQUÍN""",COLONIA BELEN,45353648,MYNOR DANILO TORRES JUÁREZ,EDGAR GABRIEL LOPEZ GARCÍA,DIVERSIFICADO,PRIVADO,URBANA,ABIERTA,MONOLINGUE,DOBLE,FIN DE SEMANA,ALTA VERAPAZ
16-11-0062-46,16-021,ALTA VERAPAZ,LANQUIN,"INSTITUTO MIXTO PRIVADO ""FRANCISCO OSWALDO REYES NARCISO""",BARRIO SAN NICOLAS,57073563,MYNOR DANILO TORRES JUÁREZ,LUIS ROMEO BAILÓN DE LA CRUZ,DIVERSIFICADO,PRIVADO,URBANA,ABIERTA,MONOLINGUE,SIN JORNADA,SEMIPRESENCIAL (FIN DE SEMANA),ALTA VERAPAZ
16-11-0089-46,16-050,ALTA VERAPAZ,LANQUIN,CENTRO DE EDUCACIÓN EXTRAESCOLAR -CEEX-,COLONIA BELÉN,55240728,MAXIMILIANO CHUB ICAL,MARIANA EIZABETH ARGUETA CÓRDOVA,DIVERSIFICADO,OFICIAL,URBANA,ABIERTA,MONOLINGUE,DOBLE,DIARIO(REGULAR),ALTA VERAPAZ
16-11-9092-46,16-021,ALTA VERAPAZ,LANQUIN,INSTITUTO MIXTO PRIVADO DE MAGISTERIO BILINGUE,CABECERA,30907134,MYNOR DANILO TORRES JUÁREZ,JORGE MARIO JUÁREZ FIGUEROA,DIVERSIFICADO,PRIVADO,URBANA,ABIERTA,BILINGUE,VESPERTINA,DIARIO(REGULAR),ALTA VERAPAZ
16-12-0113-46,16-022,ALTA VERAPAZ,SANTA MARIA CAHABON,CENTRO DE ESTUDIOS PREUNIVERSITARIOS CAHABON -CEPREC-,BARRIO SAN PABLO,45353648,HORACIO WALDEMAR JUÁREZ ARGUETA,ERNESTO YAXCAL CUZ,DIVERSIFICADO,PRIVADO,URBANA,ABIERTA,MONOLINGUE,VESPERTINA,DIARIO(REGULAR),ALTA VERAPAZ
16-12-0125-46,16-022,ALTA VERAPAZ,SANTA MARIA CAHABON,INSTITUTO NACIONAL DE EDUCACION DIVERSIFICADA,BARRIO CENTRO,31548885,HORACIO WALDEMAR JUÁREZ ARGUETA,MAURICIO XÍ CHOC,DIVERSIFICADO,OFICIAL,RURAL,ABIERTA,MONOLINGUE,VESPERTINA,DIARIO(REGULAR),ALTA VERAPAZ
16-12-0182-46,16-022,ALTA VERAPAZ,SANTA MARIA CAHABON,INSTITUTO AGROECOLÓGICO DE EDUCACIÓN BILINGUE FRAY DOMINGO DE VICO,BARRIO SAN PEDRO,30708664,HORACIO WALDEMAR JUÁREZ ARGUETA,JOSÉ FILIBERTO QUIM XOL,DIVERSIFICADO,PRIVADO,URBANA,ABIERTA,BILINGUE,MATUTINA,DIARIO(REGULAR),ALTA VERAPAZ
16-12-0189-46,16-022,ALTA VERAPAZ,SANTA MARIA CAHABON,INSTITUTO NACIONAL DE EDUCACION DIVERSIFICADA,ALDEA PINARES,46367384,HORACIO WALDEMAR JUÁREZ ARGUETA,SAUL XÍ,DIVERSIFICADO,OFICIAL,RURAL,ABIERTA,MONOLINGUE,VESPERTINA,DIARIO(REGULAR),ALTA VERAPAZ
16-12-0199-46,16-023,ALTA VERAPAZ,SANTA MARIA CAHABON,CENTRO DE ESTUDIOS PREUNIVERSITARIO CAHABÓN -CEPREC-,BARRIO SAN PABLO,45353648,ELVIS BENJAMÍN IXÍM HERNANDEZ,ERNESTO YAXCAL CUZ,DIVERSIFICADO,PRIVADO,URBANA,ABIERTA,MONOLINGUE,DOBLE,FIN DE SEMANA,ALTA VERAPAZ
16-12-0203-46,16-050,ALTA VERAPAZ,SANTA MARIA CAHABON,CENTRO DE EDUCACIÓN EXTRAESCOLAR,SANTA MARIA CAHABON,46918324,MAXIMILIANO CHUB ICAL,CRUZ ALBERTO POP CHÓ,DIVERSIFICADO,OFICIAL,RURAL,ABIERTA,BILINGUE,DOBLE,SEMIPRESENCIAL,ALTA VERAPAZ
16-12-0222-46,16-023,ALTA VERAPAZ,SANTA MARIA CAHABON,CENTRO DE ESTUDIOS PREUNIVERSITARIO CAHABON -CEPREC-,BARRIO SAN PABLO,45353648,ELVIS BENJAMÍN IXÍM HERNANDEZ,ERNESTO YAXCAL CUZ,DIVERSIFICADO,PRIVADO,URBANA,ABIERTA,MONOLINGUE,SIN JORNADA,SEMIPRESENCIAL (FIN DE SEMANA),ALTA VERAPAZ
16-12-0272-46,16-022,ALTA VERAPAZ,SANTA MARIA CAHABON,INSTITUTO NACIONAL DE EDUCACION DIVERSIFICADA,ALDEA BELÉN,30477741,HORACIO WALDEMAR JUÁREZ ARGUETA,CARLOS RENE CHOC SEB,DIVERSIFICADO,OFICIAL,URBANA,ABIERTA,BILINGUE,MATUTINA,DIARIO(REGULAR),ALTA VERAPAZ
16-12-9214-46,16-023,ALTA VERAPAZ,SANTA MARIA CAHABON,INSTITUTO MIXTO MUNICIPAL DE MAGISTERIO BILINGUE SEPOC,ALDEA SEPOC,37297644,ELVIS BENJAMÍN IXÍM HERNANDEZ,RIGOBERTO CHO POP,DIVERSIFICADO,MUNICIPAL,RURAL,ABIERTA,BILINGUE,VESPERTINA,DIARIO(REGULAR),ALTA VERAPAZ
16-12-9215-46,16-022,ALTA VERAPAZ,SANTA MARIA CAHABON,INSTITUTO PARTICULAR RICARDO ARJONA,BARRIO SAN JUAN,58941390,HORACIO WALDEMAR JUÁREZ ARGUETA,CÉSAR ENRIQUE GONZÁLEZ,DIVERSIFICADO,PRIVADO,URBANA,ABIERTA,BILINGUE,VESPERTINA,DIARIO(REGULAR),ALTA VERAPAZ
16-13-0225-46,16-024,ALTA VERAPAZ,CHISEC,LICEO MIXTO EN COMPUTACION DEL NORTE,"1A. CALLE Y 2A. AVENIDA LOTE 204, BARRIO EL CENTRO",56626889,CESAR ROLANDO CHOCOOJ YALIBAT,KARIN JANNETT HERRERA COY,DIVERSIFICADO,PRIVADO,URBANA,ABIERTA,MONOLINGUE,DOBLE,FIN DE SEMANA,ALTA VERAPAZ
16-13-0240-46,16-024,ALTA VERAPAZ,CHISEC,"LICEO MIXTO PRIVADO ""SENDEROS PARA LA VIDA""",BARRIO LA FLORIDA,79510080,CESAR ROLANDO CHOCOOJ YALIBAT,HUMBERTO CHEN CABNAL,DIVERSIFICADO,PRIVADO,URBANA,ABIERTA,MONOLINGUE,DOBLE,FIN DE SEMANA,ALTA VERAPAZ
16-13-0249-46,16-025,ALTA VERAPAZ,CHISEC,INSTITUTO MIXTO DE EDUCACIÓN FORTALEZA DEL FUTURO -INMEFF-,ALDEA CHIQUIBUL,51709961,CARLOS ARMANDO PAAÚ TZÍ,AUGUSTO ORTIZ ORDOÑEZ,DIVERSIFICADO,PRIVADO,RURAL,ABIERTA,MONOLINGUE,VESPERTINA,DIARIO(REGULAR),ALTA VERAPAZ
16-13-0252-46,16-045,ALTA VERAPAZ,CHISEC,INSTITUTO NACIONAL DE EDUCACIÓN DIVERSIFICADA,ALDEA SAMOCOCH,31453164,ALFONSO BOTZOC CAN,--,DIVERSIFICADO,OFICIAL,RURAL,ABIERTA,BILINGUE,MATUTINA,DIARIO(REGULAR),ALTA VERAPAZ
16-13-0254-46,16-024,ALTA VERAPAZ,CHISEC,INSTITUTO NACIONAL DE EDUCACIÓN DIVERSIFICADA,BARRIO EL CENTRO,40945091,CESAR ROLANDO CHOCOOJ YALIBAT,GABRIELA SARAÍ CUELLAR LEAL,DIVERSIFICADO,OFICIAL,URBANA,ABIERTA,MONOLINGUE,MATUTINA,DIARIO(REGULAR),ALTA VERAPAZ
16-13-0264-46,16-024,ALTA VERAPAZ,CHISEC,COLEGIO MIXTO PRIVADO ASDECHI,BARRIO EL CENTRO,53809529,CESAR ROLANDO CHOCOOJ YALIBAT,ISAIAS ISEM MACZ,DIVERSIFICADO,PRIVADO,URBANA,ABIERTA,MONOLINGUE,DOBLE,FIN DE SEMANA,ALTA VERAPAZ
16-13-0265-46,16-024,ALTA VERAPAZ,CHISEC,COLEGIO CRISTIANO GALILEA,COMUNIDAD SAN SIMON II,57405697,CESAR ROLANDO CHOCOOJ YALIBAT,HEIDY ROXANA TEPAZ RAMIREZ,DIVERSIFICADO,PRIVADO,RURAL,ABIERTA,BILINGUE,MATUTINA,DIARIO(REGULAR),ALTA VERAPAZ
16-13-0267-46,16-050,ALTA VERAPAZ,CHISEC,CENTRO DE EDUCACIÓN EXTRAESCOLAR,CHISEC,46585879,MAXIMILIANO CHUB ICAL,VILMA ANTONIETA RAX CHON,DIVERSIFICADO,OFICIAL,RURAL,ABIERTA,BILINGUE,DOBLE,SEMIPRESENCIAL,ALTA VERAPAZ
16-13-0270-46,16-024,ALTA VERAPAZ,CHISEC,"COLEGIO MIXTO PRIVADO ""ASDECHI""",BARRIO EL CENTRO,53809529,CESAR ROLANDO CHOCOOJ YALIBAT,ISAIAS ISEM MACZ,DIVERSIFICADO,PRIVADO,URBANA,ABIERTA,MONOLINGUE,SIN JORNADA,SEMIPRESENCIAL (FIN DE SEMANA),ALTA VERAPAZ
16-13-0274-46,16-024,ALTA VERAPAZ,CHISEC,LICEO MIXTO EN COMPUTACIÓN DEL NORTE,"1A. CALLE Y 2A. AVENIDA LOTE 204, BARRIO EL CENTRO",31539323,CESAR ROLANDO CHOCOOJ YALIBAT,KARIN JANNETT HERRERA COY,DIVERSIFICADO,PRIVADO,URBANA,ABIERTA,MONOLINGUE,SIN JORNADA,SEMIPRESENCIAL (FIN DE SEMANA),ALTA VERAPAZ
16-13-0315-46,16-025,ALTA VERAPAZ,CHISEC,"INSTITUTO MIXTO DE EDUCACIÓN ""FORTALEZA DEL FUTURO"" -INMEFF-",ALDEA CHIQUIBUL,51709961,CARLOS ARMANDO PAAÚ TZÍ,AUGUSTO ORTIZ ORDOÑEZ,DIVERSIFICADO,PRIVADO,RURAL,ABIERTA,MONOLINGUE,SIN JORNADA,SEMIPRESENCIAL (FIN DE SEMANA),ALTA VERAPAZ
16-13-0317-46,16-025,ALTA VERAPAZ,CHISEC,INSTITUTO NACIONAL DE EDUCACIÓN DIVERSIFICADA,ALDEA CANLECH,48861871,CARLOS ARMANDO PAAÚ TZÍ,JULIO CÉSAR YAT CAAL,DIVERSIFICADO,OFICIAL,RURAL,ABIERTA,BILINGUE,VESPERTINA,DIARIO(REGULAR),ALTA VERAPAZ
16-13-9612-46,16-024,ALTA VERAPAZ,CHISEC,ESCUELA NORMAL BILINGUE INTERCULTURAL,BARRIO LA FLORIDA,58871352,CESAR ROLANDO CHOCOOJ YALIBAT,MARÍA GRACIELA CAAL JUCUB,DIVERSIFICADO,OFICIAL,URBANA,ABIERTA,BILINGUE,MATUTINA,DIARIO(REGULAR),ALTA VERAPAZ
16-14-0054-46,16-027,ALTA VERAPAZ,CHAHAL,INSTITUTO NACIONAL DE EDUCACION DIVERSIFICADA,BARRIO CENTRO,,LEDVIA IMELDA SANDOVAL CONTRERAS,ELSA BERNARDA LÓPEZ CAAL,DIVERSIFICADO,OFICIAL,URBANA,ABIERTA,MONOLINGUE,VESPERTINA,DIARIO(REGULAR),ALTA VERAPAZ
16-14-0088-46,16-027,ALTA VERAPAZ,CHAHAL,"INSTITUTO DE EDUCACIÓN DIVERSIFICADA POR COOPERATIVA DE ENSEÑANZA ""SANTO DOMINGO""",BARRIO SANTO DOMINGO,45549508,LEDVIA IMELDA SANDOVAL CONTRERAS,ASTRID MAGALY CAAL RODRIGUEZ,DIVERSIFICADO,COOPERATIVA,URBANA,ABIERTA,MONOLINGUE,VESPERTINA,DIARIO(REGULAR),ALTA VERAPAZ
16-14-0092-46,16-027,ALTA VERAPAZ,CHAHAL,INSTITUTO DE EDUCACION DIVERSIFICADA POR COOPERATIVA DE ENSEÑANZA,BARRIO SANTA MARIA,53255858,LEDVIA IMELDA SANDOVAL CONTRERAS,EDGAR NATANAEL TEJC MIS,DIVERSIFICADO,COOPERATIVA,URBANA,ABIERTA,MONOLINGUE,VESPERTINA,DIARIO(REGULAR),ALTA VERAPAZ
16-14-0107-46,16-050,ALTA VERAPAZ,CHAHAL,CENTRO DE EDUCACIÓN EXTRAESCOLAR -CEEX-,CASERÍO SANTA MARÍA CHICOC,48185582,MAXIMILIANO CHUB ICAL,MANUEL TZALAM CHEN,DIVERSIFICADO,OFICIAL,RURAL,ABIERTA,BILINGUE,DOBLE,DIARIO(REGULAR),ALTA VERAPAZ
16-14-1719-46,16-048,ALTA VERAPAZ,CHAHAL,INSTITUTO TECNICO VOCACIONAL SAN AGUSTIN,ALDEA SAN AGUSTIN CHAHAL VIEJO,40096817,DOUGLAS OSMUNDO LÓPEZ BARRIENTOS,JAIRO URIEL SEVILLA MENDOZA,DIVERSIFICADO,PRIVADO,URBANA,ABIERTA,MONOLINGUE,VESPERTINA,DIARIO(REGULAR),ALTA VERAPAZ
16-15-0002-46,16-028,ALTA VERAPAZ,FRAY BARTOLOME DE LAS CASAS,"COLEGIO PARTICULAR MIXTO ""EL EXITO""",CALLE DEL CAMPO LOTE 287 BARRIO EL CENTRO,,AURELIO CHÓ MAQUÍN,BAUDILIO SOTO GARCIA,DIVERSIFICADO,PRIVADO,URBANA,ABIERTA,MONOLINGUE,NOCTURNA,DIARIO(REGULAR),ALTA VERAPAZ
16-15-0096-46,16-028,ALTA VERAPAZ,FRAY BARTOLOME DE LAS CASAS,INSTITUTO NACIONAL DE EDUCACION DIVERSIFICADA,CASCO URBANO,57192698,AURELIO CHÓ MAQUÍN,PEDRO RODRÍGUEZ SANTIAGO,DIVERSIFICADO,OFICIAL,URBANA,ABIERTA,MONOLINGUE,VESPERTINA,DIARIO(REGULAR),ALTA VERAPAZ
16-15-0127-46,16-028,ALTA VERAPAZ,FRAY BARTOLOME DE LAS CASAS,COLEGIO PARTICULAR MIXTO FRAY BARTOLOME DE LAS CASAS,CALLE PRINCIPAL 5-81 ZONA 1,58886168,AURELIO CHÓ MAQUÍN,EDWIN LOYD THOMPSON LARIOS,DIVERSIFICADO,PRIVADO,URBANA,ABIERTA,MONOLINGUE,VESPERTINA,DIARIO(REGULAR),ALTA VERAPAZ
16-15-0128-46,16-028,ALTA VERAPAZ,FRAY BARTOLOME DE LAS CASAS,"COLEGIO PARTICULAR MIXTO ""EL EXITO""",CALLE PRINCIPAL DEL BARRIO EL CENTRO,79520351,AURELIO CHÓ MAQUÍN,OSCAR RENÉ NAVAS PACHECO,DIVERSIFICADO,PRIVADO,URBANA,ABIERTA,MONOLINGUE,VESPERTINA,DIARIO(REGULAR),ALTA VERAPAZ
16-15-0130-46,16-028,ALTA VERAPAZ,FRAY BARTOLOME DE LAS CASAS,"LICEO TECNOLOGICO ""JOSE DE JESUS""",1RA. CALLE 13-18 ZONA 2,30358725,AURELIO CHÓ MAQUÍN,MANUEL DE JESÚS RALIOS ZACARÍAS,DIVERSIFICADO,PRIVADO,URBANA,ABIERTA,MONOLINGUE,DOBLE,FIN DE SEMANA,ALTA VERAPAZ
16-15-0154-46,16-028,ALTA VERAPAZ,FRAY BARTOLOME DE LAS CASAS,COLEGIO PARTICULAR MIXTO EL EXITO,BARRIO EL CENTRO,30464145,AURELIO CHÓ MAQUÍN,OSCAR RENÉ NAVAS PACHECO,DIVERSIFICADO,PRIVADO,URBANA,ABIERTA,MONOLINGUE,MATUTINA,DIARIO(REGULAR),ALTA VERAPAZ
16-15-0157-46,16-039,ALTA VERAPAZ,FRAY BARTOLOME DE LAS CASAS,CENTRO DE PROMOCIÓN FEMENINA RATZ'UM K´ICHE´,ALDEA BOLONCÓ,55146762,ANGEL MARTÍNEZ CUXÚM,AMELIA BUITRAGO MARÍN,DIVERSIFICADO,PRIVADO,RURAL,ABIERTA,BILINGUE,VESPERTINA,DIARIO(REGULAR),ALTA VERAPAZ
16-15-0164-46,16-028,ALTA VERAPAZ,FRAY BARTOLOME DE LAS CASAS,COLEGIO PARTICULAR MIXTO EL ÉXITO,"CALLE DEL CAMPO LOTE 287, BARRIO EL CENTRO",79510090,AURELIO CHÓ MAQUÍN,OSCAR RENÉ NAVAS PACHECO,DIVERSIFICADO,PRIVADO,URBANA,ABIERTA,MONOLINGUE,DOBLE,FIN DE SEMANA,ALTA VERAPAZ
16-15-0170-46,16-028,ALTA VERAPAZ,FRAY BARTOLOME DE LAS CASAS,COLEGIO CRISTIANO ISRAEL,"ZONA 0, CALZADA ISRAEL 1",58831754,AURELIO CHÓ MAQUÍN,ALBA ARGENTINA DE PAZ SIERRA,DIVERSIFICADO,PRIVADO,URBANA,ABIERTA,MONOLINGUE,VESPERTINA,DIARIO(REGULAR),ALTA VERAPAZ
16-15-0172-46,16-028,ALTA VERAPAZ,FRAY BARTOLOME DE LAS CASAS,INSTITUTO MIXTO PRIVADO DE MAGISTERIO BILINGÜE,BARRIO EL MAGISTERIO,40430217,AURELIO CHÓ MAQUÍN,OSCAR AMILCAR ARGUETA GARCÍA,DIVERSIFICADO,PRIVADO,URBANA,ABIERTA,MONOLINGUE,SIN JORNADA,SEMIPRESENCIAL (UN DÍA A LA SEMANA),ALTA VERAPAZ
16-15-0174-46,16-028,ALTA VERAPAZ,FRAY BARTOLOME DE LAS CASAS,COLEGIO PARTICULAR MIXTO FRAY BARTOLOMÉ DE LAS CASAS,CALLE PRINCIPAL 5-81 ZONA 1,30257796,AURELIO CHÓ MAQUÍN,EDWIN LOYD THOMPSON LARIOS,DIVERSIFICADO,PRIVADO,URBANA,ABIERTA,MONOLINGUE,SIN JORNADA,SEMIPRESENCIAL (FIN DE SEMANA),ALTA VERAPAZ
16-15-1474-46,16-028,ALTA VERAPAZ,FRAY BARTOLOME DE LAS CASAS,LICEO TECNOLOGICO JOSE DE JESUS,1A. CALLE 13-18 ZONA 2 FRAY BARTOLOME DE LAS CASAS,78422471,AURELIO CHÓ MAQUÍN,MANUEL DE JESÚS RALIOS ZACARÍAS,DIVERSIFICADO,PRIVADO,URBANA,ABIERTA,MONOLINGUE,VESPERTINA,DIARIO(REGULAR),ALTA VERAPAZ
16-15-2330-46,16-028,ALTA VERAPAZ,FRAY BARTOLOME DE LAS CASAS,INSTITUTO MIXTO PRIVADO DE MAGISTERIO BILINGUE,BARRIO MAGISTERIO,49575230,AURELIO CHÓ MAQUÍN,OSCAR AMILCAR ARGUETA GARCÍA,DIVERSIFICADO,PRIVADO,URBANA,ABIERTA,MONOLINGUE,VESPERTINA,DIARIO(REGULAR),ALTA VERAPAZ
16-16-0049-46,16-030,ALTA VERAPAZ,LA TINTA,INSTITUTO NACIONAL DE EDUCACION DIVERSIFICADA,CASCO URBANO,51625336,TEODORO ALBERTO PÉREZ DUERING,SONIA EDITH FERNÁNDEZ MEZA,DIVERSIFICADO,OFICIAL,URBANA,ABIERTA,MONOLINGUE,VESPERTINA,DIARIO(REGULAR),ALTA VERAPAZ
16-16-0071-46,16-030,ALTA VERAPAZ,LA TINTA,INSTITUTO MIXTO PRIVADO LATINO,"BARRIO PEÑA BLANCA, ZONA 6",30300170,TEODORO ALBERTO PÉREZ DUERING,CESAR AUGUSTO GONZÁLES CHÓN,DIVERSIFICADO,PRIVADO,URBANA,ABIERTA,MONOLINGUE,VESPERTINA,DIARIO(REGULAR),ALTA VERAPAZ
16-16-0072-46,16-030,ALTA VERAPAZ,LA TINTA,INSTITUTO MIXTO DE EDUCACION BILINGUE INTERCULTURAL -IMEBI-,"BARRIO EL CALVARIO, ZONA 5",79514189,TEODORO ALBERTO PÉREZ DUERING,LYLIANA ELIZABETH ARTOLA CHOC,DIVERSIFICADO,PRIVADO,RURAL,ABIERTA,MONOLINGUE,DOBLE,FIN DE SEMANA,ALTA VERAPAZ
16-16-0109-46,16-038,ALTA VERAPAZ,LA TINTA,INSTITUTO NACIONAL DE EDUCACION DIVERSIFICADA,ALDEA JOLOMIJIXITO III,45310990,JAIME RICARDO VAIDES MEZA,KEVIN IVÁN SIERRA SI,DIVERSIFICADO,OFICIAL,RURAL,ABIERTA,BILINGUE,VESPERTINA,DIARIO(REGULAR),ALTA VERAPAZ
16-16-0110-46,16-030,ALTA VERAPAZ,LA TINTA,COLEGIO PRIVADO MIXTO SANTA CATALINA,BARRIO EL CRUCERO ZONA 3,48253203,TEODORO ALBERTO PÉREZ DUERING,DENIS EDUARDO LEAL BELTRÁN,DIVERSIFICADO,PRIVADO,URBANA,ABIERTA,BILINGUE,DOBLE,FIN DE SEMANA,ALTA VERAPAZ
16-16-0112-46,16-030,ALTA VERAPAZ,LA TINTA,COLEGIO PARTICULAR MIXTO TINTECO MARÍA TERESA,"ZONA 8, BARRIO EL RECREO",45647830,TEODORO ALBERTO PÉREZ DUERING,LYLIANA ELIZABETH ARTOLA CHOC,DIVERSIFICADO,PRIVADO,URBANA,ABIERTA,MONOLINGUE,VESPERTINA,DIARIO(REGULAR),ALTA VERAPAZ
16-16-0116-46,16-030,ALTA VERAPAZ,LA TINTA,INSTITUTO MIXTO PRIVADO LATINO,BARRIO PEÑA BLANCA ZONA 6,48067726,TEODORO ALBERTO PÉREZ DUERING,ARISTIDES EFREN LÓPEZ GÓMEZ,DIVERSIFICADO,PRIVADO,URBANA,ABIERTA,MONOLINGUE,MATUTINA,FIN DE SEMANA,ALTA VERAPAZ
16-16-0119-46,16-030,ALTA VERAPAZ,LA TINTA,COLEGIO PRIVADO MIXTO SANTA CATALINA,BARRIO EL CRUCERO ZONA 3,48253203,TEODORO ALBERTO PÉREZ DUERING,DENIS EDUARDO LEAL BELTRÁN,DIVERSIFICADO,PRIVADO,URBANA,ABIERTA,BILINGUE,VESPERTINA,DIARIO(REGULAR),ALTA VERAPAZ
16-16-0126-46,16-030,ALTA VERAPAZ,LA TINTA,"COLEGIO PARTICULAR MIXTO TINTECO ""MARÍA TERESA""",BARRIO CAMPO NUEVO ZONA 2,45647830,TEODORO ALBERTO PÉREZ DUERING,LYLIANA ELIZABETH ARTOLA CHOC,DIVERSIFICADO,PRIVADO,URBANA,ABIERTA,MONOLINGUE,DOBLE,FIN DE SEMANA,ALTA VERAPAZ
16-16-0131-46,16-030,ALTA VERAPAZ,LA TINTA,INSTITUTO MIXTO PRIVADO LATINO,BARRIO PEÑA BLANCA ZONA 6,37311196,TEODORO ALBERTO PÉREZ DUERING,ARISTIDES EFREN LÓPEZ GÓMEZ,DIVERSIFICADO,PRIVADO,URBANA,ABIERTA,MONOLINGUE,DOBLE,FIN DE SEMANA,ALTA VERAPAZ
16-16-0132-46,16-030,ALTA VERAPAZ,LA TINTA,INSTITUTO MIXTO PRIVADO LATINO,"BARRIO PEÑA BLANCA, ZONA 6",37311196,TEODORO ALBERTO PÉREZ DUERING,CESAR AUGUSTO GONZÁLES CHÓN,DIVERSIFICADO,PRIVADO,URBANA,ABIERTA,MONOLINGUE,SIN JORNADA,SEMIPRESENCIAL (FIN DE SEMANA),ALTA VERAPAZ
16-16-0134-46,16-030,ALTA VERAPAZ,LA TINTA,COLEGIO PARTICULAR MIXTO TINTECO MARIA TERESA,BARRIO CAMPO NUEVO,37229189,TEODORO ALBERTO PÉREZ DUERING,LYLIANA ELIZABETH ARTOLA CHOC,DIVERSIFICADO,PRIVADO,URBANA,ABIERTA,MONOLINGUE,SIN JORNADA,SEMIPRESENCIAL (FIN DE SEMANA),ALTA VERAPAZ
16-16-0135-46,16-030,ALTA VERAPAZ,LA TINTA,LICEO CRISTIANO EBENEZER,"BARRIO CAMPO NUEVO, ZONA 2",57439100,TEODORO ALBERTO PÉREZ DUERING,LIDIA TIUL CAAL,DIVERSIFICADO,PRIVADO,URBANA,ABIERTA,MONOLINGUE,MATUTINA,DIARIO(REGULAR),ALTA VERAPAZ
16-16-0136-46,16-030,ALTA VERAPAZ,LA TINTA,LICEO CRISTIANO EBENEZER,"BARRIO CAMPO NUEVO, ZONA 2",57439100,TEODORO ALBERTO PÉREZ DUERING,ROSAURA HERLINDA LAJUJ ALVARADO,DIVERSIFICADO,PRIVADO,URBANA,ABIERTA,MONOLINGUE,DOBLE,FIN DE SEMANA,ALTA VERAPAZ
16-16-0138-46,16-030,ALTA VERAPAZ,LA TINTA,COLEGIO PRIVADO MIXTO SANTA CATALINA,BARRIO EL CRUCERO ZONA 3,30829001,TEODORO ALBERTO PÉREZ DUERING,DENIS EDUARDO LEAL BELTRÁN,DIVERSIFICADO,PRIVADO,URBANA,ABIERTA,MONOLINGUE,SIN JORNADA,SEMIPRESENCIAL (FIN DE SEMANA),ALTA VERAPAZ
16-16-0139-46,16-038,ALTA VERAPAZ,LA TINTA,LICEO CRISTIANO EBENEZER,"BARRIO CAMPO NUEVO, ZONA 2",57439100,JAIME RICARDO VAIDES MEZA,LIDIA TIUL CAAL,DIVERSIFICADO,PRIVADO,URBANA,ABIERTA,MONOLINGUE,MATUTINA,DIARIO(REGULAR),ALTA VERAPAZ
16-16-0140-46,16-050,ALTA VERAPAZ,LA TINTA,CENTRO DE EDUCACIÓN EXTRAESCOLAR -CEEX-,"BARRIO EL HOSPITAL, ZONA 1",30691286,MAXIMILIANO CHUB ICAL,HENRY NOÉ TZUL BOTZOC,DIVERSIFICADO,OFICIAL,RURAL,ABIERTA,BILINGUE,DOBLE,DIARIO(REGULAR),ALTA VERAPAZ
16-16-0141-46,16-030,ALTA VERAPAZ,LA TINTA,INSTITUTO DE EDUCACION DIVERSIFICADA POR COOPERATIVA DE ENSEÑANZA,BARRIO EL CRUCERO,57556014,TEODORO ALBERTO PÉREZ DUERING,GUADALUPE BELTRÁN CALAT,DIVERSIFICADO,COOPERATIVA,URBANA,ABIERTA,BILINGUE,VESPERTINA,DIARIO(REGULAR),ALTA VERAPAZ
16-16-8541-46,16-030,ALTA VERAPAZ,LA TINTA,INSTITUTO MIXTO PRIVADO 'EL PORVENIR',BARRIO EL CENTRO ZONA 1,30406309,TEODORO ALBERTO PÉREZ DUERING,GERSON ALEXANDER REYES ARRUÉ,DIVERSIFICADO,PRIVADO,URBANA,ABIERTA,MONOLINGUE,VESPERTINA,DIARIO(REGULAR),ALTA VERAPAZ
16-17-0066-46,16-026,ALTA VERAPAZ,RAXRUHA,"INSTITUTO MIXTO DE MAGISTERIO BILINGUE ""SAN ANTONIO DE PADUA""",BARRIO SANTA MARIA,57596947,EDETANO OXOM YAT,MATEO COC CUC,DIVERSIFICADO,PRIVADO,URBANA,ABIERTA,MONOLINGUE,VESPERTINA,DIARIO(REGULAR),ALTA VERAPAZ
16-17-0123-46,16-026,ALTA VERAPAZ,RAXRUHA,INSTITUTO NACIONAL DE EDUCACION DIVERSIFICADA,BARRIO SANTA MARÍA,33530288,EDETANO OXOM YAT,ILCIA ANALIA GUDIEL FLORES,DIVERSIFICADO,OFICIAL,URBANA,ABIERTA,MONOLINGUE,MATUTINA,DIARIO(REGULAR),ALTA VERAPAZ
16-17-0143-46,16-050,ALTA VERAPAZ,RAXRUHA,CENTRO DE EDUCACIÓN EXTRAESCOLAR,RAXRUHÁ,48488623,MAXIMILIANO CHUB ICAL,EDGAR FLORENCIO TUT CHUB,DIVERSIFICADO,OFICIAL,URBANA,ABIERTA,MONOLINGUE,DOBLE,SEMIPRESENCIAL,ALTA VERAPAZ
16-17-0144-46,16-026,ALTA VERAPAZ,RAXRUHA,"INSTITUTO MIXTO DE MAGISTERIO BILINGÜE ""SAN ANTONIO DE PADUA""",BARRIO SANTA MARÍA,40659805,EDETANO OXOM YAT,MATEO COC CUC,DIVERSIFICADO,PRIVADO,URBANA,ABIERTA,MONOLINGUE,DOBLE,FIN DE SEMANA,ALTA VERAPAZ
16-17-0147-46,16-026,ALTA VERAPAZ,RAXRUHA,"INSTITUTO MIXTO DE MAGISTERIO BILINGÜE ""SAN ANTONIO DE PADUA""",BARRIO SANTA MARIA,40659805,EDETANO OXOM YAT,MATEO COC CUC,DIVERSIFICADO,PRIVADO,URBANA,ABIERTA,MONOLINGUE,SIN JORNADA,SEMIPRESENCIAL (FIN DE SEMANA),ALTA VERAPAZ
16-17-0150-46,16-026,ALTA VERAPAZ,RAXRUHA,INSTITUTO MIXTO DE EDUCACIÓN BILINGÜE INTERCULTURAL -IMEBI-,BARRIO SANTA MARIA,30374166,EDETANO OXOM YAT,ALBA MELINA MARROQUÍN GONZÁLEZ,DIVERSIFICADO,PRIVADO,URBANA,ABIERTA,MONOLINGUE,VESPERTINA,DIARIO(REGULAR),ALTA VERAPAZ
16-17-0151-46,16-026,ALTA VERAPAZ,RAXRUHA,INSTITUTO NACIONAL DE EDUCACIÓN DIVERSIFICADA,BARRIO SANTA MARÍA,45050788,EDETANO OXOM YAT,ILCIA ANALIA GUDIEL FLORES,DIVERSIFICADO,OFICIAL,URBANA,ABIERTA,MONOLINGUE,MATUTINA,DIARIO(REGULAR),ALTA VERAPAZ
,,,,,,,,,,,,,,,,
,,,,,,,,,,,,,,,,
294 Establecimientos encontrados,,,,,,,,,,,,,,,,
,,,,,,,,,,,,,,,,
"Ministerio de Educación, Copyright © 2,012",,Aviso Legal | Términos y Condiciones | Contacto ,,,,,,,,,,,,,,
