,[ e-Servicios ],,,,,,,,,,,,,,,
,Búsqueda de centros educativos autorizados por el Mineduc y carreras que pueden impartir.,,,,,,,,,,,,,,,
,,,,,,,,,,,,,,,,
,  ,,,,,,,,,,,,,,,
Importante:,,,,,,,,,,,,,,,,
,,,,,,,,,,,,,,,,
"Para una mejor búsqueda puede seleccionar el departamento y municipio, con base a la ubicación del centro educativo, ingresando el código del establecimiento separado por guiones o el nombre completo o parte de él.",,,,,,,,,,,,,,,,
,,,,,,,,,,,,,,,,
"Un centro educativo puede contar con uno o más códigos de acuerdo con los servicios educativos autorizados (nivel, plan o jornada).",,,,,,,,,,,,,,,,
,,,,,,,,,,,,,,,,
"Las carreras pueden visualizarse únicamente en los códigos de centros educativos que tienen autorizado el Nivel de Educación Media, Ciclo de Educación Diversificada.",,,,,,,,,,,,,,,,
,,,,,,,,,,,,,,,,
Para visualizar las carreras autorizadas a un centro educativo seleccione el Nivel Escolar: Diversificado.,,,,,,,,,,,,,,,,
,,,,,,,,,,,,,,,,
Departamento,Municipio,,,,,,,,,,,,,,,
,,,,,,,,,,,,,,,,
Nivel Escolar,,,,,,,,,,,,,,,,
Sector,,,,,,,,,,,,,,,,
Plan,Modalidad,,,,,,,,,,,,,,,
,,,,,,,,,,,,,,,,
Código (##-##-####-##),,,,,,,,,,,,,,,,
Nombre,,,,,,,,,,,,,,,,
Dirección,,,,,,,,,,,,,,,,
,,,,,,,,,,,,,,,,
,,,,,,,,,,,,,,,,
CODIGO,DISTRITO,DEPARTAMENTO,MUNICIPIO,ESTABLECIMIENTO,DIRECCION,TELEFONO,SUPERVISOR,DIRECTOR,NIVEL,SECTOR,AREA,STATUS,MODALIDAD,JORNADA,PLAN,DEPARTAMENTAL
14-01-0077-46,14-001,QUICHE,SANTA CRUZ DEL QUICHE,INSTITUTO ADOLFO V HALL,"KILOMETRO 161 ENTRADA A SANTA CRUZ DEL QUICHE, ANTIGUA ZONA MILITAR",77551548,JOSE OSCAR TIPAZ VELASQUEZ,JOSÉ LISANDRO DONIS MUÑOZ,DIVERSIFICADO,OFICIAL,URBANA,ABIERTA,MONOLINGUE,MATUTINA,DIARIO(REGULAR),QUICHÉ
14-01-0079-46,14-036,QUICHE,SANTA CRUZ DEL QUICHE,COLEGIO EVANGELICO METODISTA UTATLAN,"4A CALLE Y 6A-12, ZONA 5",77551551,GONZALO VENTURA LUX,LUIS HUMBERTO ECHEVERRÍA GIL,DIVERSIFICADO,PRIVADO,URBANA,ABIERTA,MONOLINGUE,DOBLE,DIARIO(REGULAR),QUICHÉ
14-01-0085-46,14-001,QUICHE,SANTA CRUZ DEL QUICHE,INSTITUTO NORMAL MIXTO JUAN DE LEON,12 CALLE 0-36 ZONA 5,77553814,JOSE OSCAR TIPAZ VELASQUEZ,MIRIAM MARCELINA ALVAREZ GRIJALVA,DIVERSIFICADO,OFICIAL,URBANA,ABIERTA,MONOLINGUE,VESPERTINA,DIARIO(REGULAR),QUICHÉ
14-01-0090-46,14-036,QUICHE,SANTA CRUZ DEL QUICHE,"COLEGIO MIXTO BILINGUE INTERCULTURAL ""Q´IJ""",11A. CALLE 06-03 ZONA 1,77550476,GONZALO VENTURA LUX,FEDERICO HERNÁNDEZ ZAPETA,DIVERSIFICADO,PRIVADO,URBANA,ABIERTA,BILINGUE,DOBLE,FIN DE SEMANA,QUICHÉ
14-01-0108-46,14-036,QUICHE,SANTA CRUZ DEL QUICHE,COLEGIO TECNICO AVANZADO,4A. AVENIDA 20-174 ZONA 4,77554695,GONZALO VENTURA LUX,JACQUELINE ARGENTINA SOLARES MÉNDEZ,DIVERSIFICADO,PRIVADO,URBANA,ABIERTA,MONOLINGUE,MATUTINA,DIARIO(REGULAR),QUICHÉ
14-01-0112-46,14-001,QUICHE,SANTA CRUZ DEL QUICHE,INSTITUTO NACIONAL DE EDUCACION DIVERSIFICADA,"20 CALLE FINAL ZONA 4, COLONIA LOS CELAJES",77554630,JOSE OSCAR TIPAZ VELASQUEZ,JUSTO RUFINO PEREIRA GONZÁLEZ,DIVERSIFICADO,OFICIAL,URBANA,ABIERTA,MONOLINGUE,VESPERTINA,DIARIO(REGULAR),QUICHÉ
14-01-0115-46,14-001,QUICHE,SANTA CRUZ DEL QUICHE,INSTITUTO NORMAL MIXTO JUAN DE LEON,12 CALLE 0-36 ZONA 5,77656620,JOSE OSCAR TIPAZ VELASQUEZ,JORGE HUMBERTO MOTTA CANO,DIVERSIFICADO,OFICIAL,URBANA,ABIERTA,MONOLINGUE,MATUTINA,DIARIO(REGULAR),QUICHÉ
14-01-0163-46,14-036,QUICHE,SANTA CRUZ DEL QUICHE,"COLEGIO EVANGELICO METODISTA ""JOHN WESLEY""",6TA. AVENIDA 00-002 DE LA ZONA 1,77563692,GONZALO VENTURA LUX,KARIN ROSALVA SOLÓRZANO PAR,DIVERSIFICADO,PRIVADO,URBANA,ABIERTA,MONOLINGUE,VESPERTINA,DIARIO(REGULAR),QUICHÉ
14-01-0166-46,14-036,QUICHE,SANTA CRUZ DEL QUICHE,LICEO MIXTO QUICHE,2A. AVENIDA 6-27 ZONA 5,77551705,GONZALO VENTURA LUX,PEM. SILVIA EMILIANA BARRIOS BARRIOS,DIVERSIFICADO,PRIVADO,URBANA,ABIERTA,MONOLINGUE,MATUTINA,DIARIO(REGULAR),QUICHÉ
14-01-0167-46,14-036,QUICHE,SANTA CRUZ DEL QUICHE,"COLEGIO MULTIEDUCATIVO ""LA REFORMA""",16 CALLE 7-34 ZONA 4,77563633,GONZALO VENTURA LUX,CARLOS ROBERTO ARRIAGA DEL VALLE,DIVERSIFICADO,PRIVADO,URBANA,ABIERTA,MONOLINGUE,DOBLE,FIN DE SEMANA,QUICHÉ
14-01-0181-46,14-036,QUICHE,SANTA CRUZ DEL QUICHE,INSTITUTO PRIVADO MIXTO CIENCIA Y CULTURA,"1A. CALLE 13-41, ZONA 2",77563487,GONZALO VENTURA LUX,IBERTO DE LEÓN ORELLANA,DIVERSIFICADO,PRIVADO,URBANA,ABIERTA,MONOLINGUE,DOBLE,FIN DE SEMANA,QUICHÉ
14-01-0186-46,14-036,QUICHE,SANTA CRUZ DEL QUICHE,COLEGIO MIXTO BILINGUE INTERCULTURAL Q IJ,11 CALLE 6-03 ZONA 1,77550476,GONZALO VENTURA LUX,FEDERICO HERNÁNDEZ ZAPETA,DIVERSIFICADO,PRIVADO,URBANA,ABIERTA,MONOLINGUE,DOBLE,FIN DE SEMANA,QUICHÉ
14-01-0189-46,14-036,QUICHE,SANTA CRUZ DEL QUICHE,COLEGIO MIXTO BILINGUE INTERCULTURAL Q IJ,11 CALLE 6-03 ZONA 1,77550476,GONZALO VENTURA LUX,FEDERICO HERNÁNDEZ ZAPETA,DIVERSIFICADO,PRIVADO,URBANA,ABIERTA,BILINGUE,DOBLE,A DISTANCIA,QUICHÉ
14-01-0199-46,14-036,QUICHE,SANTA CRUZ DEL QUICHE,COLEGIO NUESTRA SEÑORA DEL ROSARIO,SANTA CRUZ DEL QUICHE,77552429,GONZALO VENTURA LUX,ESPERANZA SÁNCHEZ CORTÉZ,DIVERSIFICADO,PRIVADO,URBANA,ABIERTA,MONOLINGUE,MATUTINA,DIARIO(REGULAR),QUICHÉ
14-01-0230-46,14-036,QUICHE,SANTA CRUZ DEL QUICHE,COLEGIO SAN FRANCISCO JAVIER DE QUICHÉ,KILOMETRO 166.9 ALDEA EL CARMEN CHITATUL,79638520,GONZALO VENTURA LUX,GLENDA FAVIOLA VICENTE ZAPETA,DIVERSIFICADO,PRIVADO,RURAL,ABIERTA,MONOLINGUE,MATUTINA,DIARIO(REGULAR),QUICHÉ
14-01-0231-46,14-001,QUICHE,SANTA CRUZ DEL QUICHE,ESCUELA NORMAL BILINGÜE INTERCULTURAL K´ ICHE´ TIJOB´ ÄL UTÜX MAYAB´ WINÄQ OXLAJUJ TZ´ I´,"CASERIO BUENA VISTA, XATINAP V",77563721,JOSE OSCAR TIPAZ VELASQUEZ,FRANCISCO TZOC MEJÍA,DIVERSIFICADO,OFICIAL,RURAL,ABIERTA,BILINGUE,MATUTINA,DIARIO(REGULAR),QUICHÉ
14-01-0236-46,14-001,QUICHE,SANTA CRUZ DEL QUICHE,INSTITUTO TÉCNICO DE NIVEL MEDIO,"20 CALLE FINAL DE LA ZONA CUATRO, COLONIA LOS CELAJES",46547266,JOSE OSCAR TIPAZ VELASQUEZ,MARÍA ODILIA RAMÍREZ VENTURA,DIVERSIFICADO,OFICIAL,URBANA,ABIERTA,MONOLINGUE,DOBLE,DIARIO(REGULAR),QUICHÉ
14-01-0249-46,14-036,QUICHE,SANTA CRUZ DEL QUICHE,INSTITUTO PRIVADO TÉCNICO INDUSTRIAL QUICHÉ,"2A. AVENIDA ""A"" 14-224, ZONA 2",77563722,GONZALO VENTURA LUX,MARIO EDWIN MALDONADO FUENTES,DIVERSIFICADO,PRIVADO,URBANA,ABIERTA,MONOLINGUE,DOBLE,DIARIO(REGULAR),QUICHÉ
14-01-0255-46,14-036,QUICHE,SANTA CRUZ DEL QUICHE,"INSTITUTO PRIVADO TÉCNICO INDUSTRIAL ""QUICHÉ""","2A. AVENIDA ""A"" 14-224, ZONA 2",77563722,GONZALO VENTURA LUX,MARIO EDWIN MALDONADO FUENTES,DIVERSIFICADO,PRIVADO,URBANA,ABIERTA,MONOLINGUE,DOBLE,FIN DE SEMANA,QUICHÉ
14-01-0257-46,14-037,QUICHE,SANTA CRUZ DEL QUICHE,CENTRO DE EDUCACIÓN EXTRAESCOLAR -CEEX-,"10A. AVENIDA Y 3A, CALLE ZONA 3",44988120,ANGELINA LUX MENDOZA DE PUAC,KEVIN RONAL MEDRANO LAINES,DIVERSIFICADO,OFICIAL,URBANA,ABIERTA,MONOLINGUE,VESPERTINA,DIARIO(REGULAR),QUICHÉ
14-01-0265-46,14-037,QUICHE,SANTA CRUZ DEL QUICHE,PROGRAMA NACIONA DE EDUCACIÓN ALTERNATIVA -PRONEA-,"2A. AV. 1-4 ZONA 1, QUICHÉ",59995997,ANGELINA LUX MENDOZA DE PUAC,ELMER CECILIO RAMOS LÓPEZ,DIVERSIFICADO,OFICIAL,RURAL,ABIERTA,MONOLINGUE,DOBLE,A DISTANCIA,QUICHÉ
14-01-0267-46,14-036,QUICHE,SANTA CRUZ DEL QUICHE,"COLEGIO VIRTUAL ""QUICHÉ""",11 CALLE 11-209 ZONA 4,40086988,GONZALO VENTURA LUX,JUAN JOSÉ DE LEÓN LARIOS,DIVERSIFICADO,PRIVADO,URBANA,ABIERTA,MONOLINGUE,VESPERTINA,VIRTUAL A DISTANCIA,QUICHÉ
14-01-0269-46,14-036,QUICHE,SANTA CRUZ DEL QUICHE,"INSTITUTO PRIVADO MIXTO ""CIENCIA Y CULTURA""",1A. CALLE 13-41 ZONA 2,77563487,GONZALO VENTURA LUX,IBERTO DE LEÓN ORELLANA,DIVERSIFICADO,PRIVADO,URBANA,ABIERTA,MONOLINGUE,SIN JORNADA,SEMIPRESENCIAL (FIN DE SEMANA),QUICHÉ
14-01-0270-46,14-037,QUICHE,SANTA CRUZ DEL QUICHE,CENTRO OFICIAL DE EDUCACIÓN EXTRAESCOLAR HUNAHPÚ E IXBALANQUÉ -COEEX-,CENTRO PREVENTIVO PARA HOMBRES 1A. CALLE ESQUINA ZONA 1,40178152,ANGELINA LUX MENDOZA DE PUAC,GABRIEL MAQUÍN YAT,DIVERSIFICADO,OFICIAL,URBANA,ABIERTA,MONOLINGUE,MATUTINA,SEMIPRESENCIAL,QUICHÉ
14-01-0271-46,14-037,QUICHE,SANTA CRUZ DEL QUICHE,CENTRO OFICIAL DE EDUCACIÓN EXTRAESCOLAR -CEEX-,"CANTÓN PACHÓ, ALDEA LEMÓA",59655416,ANGELINA LUX MENDOZA DE PUAC,JUAN CARLOS CHACAJ TOÑO,DIVERSIFICADO,OFICIAL,RURAL,ABIERTA,BILINGUE,VESPERTINA,FIN DE SEMANA,QUICHÉ
14-01-0273-46,14-036,QUICHE,SANTA CRUZ DEL QUICHE,LICEO MIXTO QUICHÉ,"2DA. AVENIDA 6-27, ZONA 5",77551705,GONZALO VENTURA LUX,PEM. SILVIA EMILIANA BARRIOS BARRIOS,DIVERSIFICADO,PRIVADO,URBANA,ABIERTA,MONOLINGUE,SIN JORNADA,SEMIPRESENCIAL (FIN DE SEMANA),QUICHÉ
14-01-0275-46,14-036,QUICHE,SANTA CRUZ DEL QUICHE,"COLEGIO EJECUTIVO PRE-UNIVERSITARIO EN COMPUTACIÓN ""CLASSE""","8A. CALLE ""A"" 0-98, ZONA 6",77563714,GONZALO VENTURA LUX,ERVIN WALDEMAR VELÁSQUEZ BATEN,DIVERSIFICADO,PRIVADO,URBANA,ABIERTA,MONOLINGUE,SIN JORNADA,SEMIPRESENCIAL (FIN DE SEMANA),QUICHÉ
14-01-0276-46,14-036,QUICHE,SANTA CRUZ DEL QUICHE,COLEGIO DE FORMACIÓN INTEGRAL DISCÍPULOS DE JESÚS,"MANZANA A, LOTES 5 Y 6 BOSQUES DE VILLA VALERIA, ZONA 3",77552313,GONZALO VENTURA LUX,THELMA KARINA QUIÑÓNEZ RODAS DE RODRÍGUEZ,DIVERSIFICADO,PRIVADO,URBANA,ABIERTA,MONOLINGUE,MATUTINA,DIARIO(REGULAR),QUICHÉ
14-01-0278-46,14-037,QUICHE,SANTA CRUZ DEL QUICHE,CENTRO DE EDUCACIÓN EXTRAESCOLAR -CEEX- DEPARTAMENTAL,"2A. AVENIDA 1-04, ZONA 1",31174739,ANGELINA LUX MENDOZA DE PUAC,JOEL NEHEMIAS NIX CHAN,DIVERSIFICADO,OFICIAL,URBANA,ABIERTA,MONOLINGUE,DOBLE,SEMIPRESENCIAL,QUICHÉ
14-01-0279-46,14-036,QUICHE,SANTA CRUZ DEL QUICHE,INSTITUTO PRIVADO TÉCNICO INDUSTRIAL QUICHÉ,"2A. AVENIDA 14-224, ZONA 2",77563722,GONZALO VENTURA LUX,MARIO EDWIN MALDONADO FUENTES,DIVERSIFICADO,PRIVADO,URBANA,ABIERTA,MONOLINGUE,SIN JORNADA,SEMIPRESENCIAL (FIN DE SEMANA),QUICHÉ
14-01-0287-46,14-036,QUICHE,SANTA CRUZ DEL QUICHE,COLEGIO IDEA VIRTUAL,4A. AVENIDA 13-29 ZONA 2,56175661,GONZALO VENTURA LUX,RENÉ FERNANDO HERNÁNDEZ GONZÁLEZ,DIVERSIFICADO,PRIVADO,URBANA,ABIERTA,MONOLINGUE,MATUTINA,VIRTUAL A DISTANCIA,QUICHÉ
14-01-0288-46,14-036,QUICHE,SANTA CRUZ DEL QUICHE,"COLEGIO MULTIEDUCATIVO ""LA REFORMA""",16 CALLE 7-34 ZONA 4,77563633,GONZALO VENTURA LUX,CARLOS ROBERTO ARRIAGA DEL VALLE,DIVERSIFICADO,PRIVADO,URBANA,ABIERTA,MONOLINGUE,DOBLE,DIARIO(REGULAR),QUICHÉ
14-01-3544-46,14-036,QUICHE,SANTA CRUZ DEL QUICHE,INSTITUTO PRIVADO TECNICO INDUSTRIAL QUICHE,"2A. AVENIDA ""A"" 14-224 ZONA 2",77563722,GONZALO VENTURA LUX,MARIO EDWIN MALDONADO FUENTES,DIVERSIFICADO,PRIVADO,URBANA,ABIERTA,MONOLINGUE,VESPERTINA,DIARIO(REGULAR),QUICHÉ
14-01-4555-46,14-036,QUICHE,SANTA CRUZ DEL QUICHE,COLEGIO EJECUTIVO PRE-UNIVERSITARIO EN COMPUTACION CLASSE,"8A. CALLE ""A"" 0-98, ZONA 6",77563714,GONZALO VENTURA LUX,ERVIN WALDEMAR VELÁSQUEZ BATEN,DIVERSIFICADO,PRIVADO,URBANA,ABIERTA,MONOLINGUE,VESPERTINA,DIARIO(REGULAR),QUICHÉ
14-01-5098-46,14-001,QUICHE,SANTA CRUZ DEL QUICHE,ESCUELA NORMAL DE EDUCACION FISICA,1A. AVENIDA 12-408 ZONA 5,79268202,JOSE OSCAR TIPAZ VELASQUEZ,JUAN NICOLAS GARCIA CUTZ,DIVERSIFICADO,OFICIAL,URBANA,ABIERTA,MONOLINGUE,DOBLE,DIARIO(REGULAR),QUICHÉ
14-01-5221-46,14-001,QUICHE,SANTA CRUZ DEL QUICHE,ESCUELA NORMAL BILINGUE INTERCULTURAL K´ICHE´ TIJOB´AL UTUX MAYAB´ WINAQ OXLAJUJ TZ´ I´,"CASERIO BUENA VISTA, XATINAP V",77563721,JOSE OSCAR TIPAZ VELASQUEZ,FRANCISCO TZOC MEJÍA,DIVERSIFICADO,OFICIAL,URBANA,ABIERTA,BILINGUE,DOBLE,DIARIO(REGULAR),QUICHÉ
14-01-5718-46,14-036,QUICHE,SANTA CRUZ DEL QUICHE,COLEGIO EJECUTIVO PRE-UNIVERSITARIO EN COMPUTACION CLASSE,"8A. CALLE ""A"" 0-98, ZONA 6",77563714,GONZALO VENTURA LUX,ERVIN WALDEMAR VELÁSQUEZ BATEN,DIVERSIFICADO,PRIVADO,URBANA,ABIERTA,MONOLINGUE,DOBLE,FIN DE SEMANA,QUICHÉ
14-01-5958-46,14-036,QUICHE,SANTA CRUZ DEL QUICHE,COLEGIO CIENTIFICO DR. EDUARDO SUGER,ALDEA EL CARMEN CHITATUL,55747445,GONZALO VENTURA LUX,GILDA DANIELA LOPEZ MATZAR,DIVERSIFICADO,PRIVADO,RURAL,ABIERTA,MONOLINGUE,VESPERTINA,DIARIO(REGULAR),QUICHÉ
14-01-5998-46,14-036,QUICHE,SANTA CRUZ DEL QUICHE,COLEGIO PRIVADO 'LICEO MIXTO QUICHE',2A. AVENIDA 6-27 ZONA 5,77551705,GONZALO VENTURA LUX,PEM. SILVIA EMILIANA BARRIOS BARRIOS,DIVERSIFICADO,PRIVADO,URBANA,ABIERTA,MONOLINGUE,DOBLE,FIN DE SEMANA,QUICHÉ
14-01-5999-46,14-036,QUICHE,SANTA CRUZ DEL QUICHE,COLEGIO PRIVADO 'LICEO MIXTO QUICHE',2A. AVENIDA 6-27 ZONA 5,77551705,GONZALO VENTURA LUX,PEM. SILVIA EMILIANA BARRIOS BARRIOS,DIVERSIFICADO,PRIVADO,URBANA,ABIERTA,MONOLINGUE,VESPERTINA,DIARIO(REGULAR),QUICHÉ
14-01-6070-46,14-036,QUICHE,SANTA CRUZ DEL QUICHE,"COLEGIO MULTIEDUCATIVO ""LA REFORMA""",16 CALLE 7-34 ZONA 4,77563633,GONZALO VENTURA LUX,CARLOS ROBERTO ARRIAGA DEL VALLE,DIVERSIFICADO,PRIVADO,URBANA,ABIERTA,MONOLINGUE,VESPERTINA,DIARIO(REGULAR),QUICHÉ
14-01-6071-46,14-036,QUICHE,SANTA CRUZ DEL QUICHE,COLEGIO MIXTO BILINGUE INTERCULTURAL Q IJ,11 CALLE 06-03 ZONA 1,77550476,GONZALO VENTURA LUX,FEDERICO HERNÁNDEZ ZAPETA,DIVERSIFICADO,PRIVADO,URBANA,ABIERTA,BILINGUE,VESPERTINA,DIARIO(REGULAR),QUICHÉ
14-01-6123-46,14-001,QUICHE,SANTA CRUZ DEL QUICHE,INSTITUTO TECNICO DE NIVEL MEDIO,FINAL DE LA ZONA 4 COLONIA LOS CELAJES,46547266,JOSE OSCAR TIPAZ VELASQUEZ,MARÍA ODILIA RAMÍREZ VENTURA,DIVERSIFICADO,OFICIAL,URBANA,ABIERTA,MONOLINGUE,MATUTINA,DIARIO(REGULAR),QUICHÉ
14-02-0027-46,14-003,QUICHE,CHICHE,"COLEGIO EVANGÉLICO ""ADONAI""",CHICHÉ,30018737,JUAN LEON PONCIO,FRANCISCO FÉLIX PIXCAR SAQUIC,DIVERSIFICADO,PRIVADO,URBANA,ABIERTA,MONOLINGUE,VESPERTINA,DIARIO(REGULAR),QUICHÉ
14-03-0027-46,14-004,QUICHE,CHINIQUE,INSTITUTO NACIONAL DE EDUCACION DIVERSIFICADA,ALDEA AGUA TIBIA,0,LILIAN SOFIA DE LEON NORIEGA DE MORALES,MIRIAM SOC CHIVALÁN,DIVERSIFICADO,OFICIAL,RURAL,ABIERTA,MONOLINGUE,VESPERTINA,DIARIO(REGULAR),QUICHÉ
14-04-0039-46,14-055,QUICHE,ZACUALPA,"CENTRO EDUCATIVO RI TINAMIT KUWALSAJ RIB, FE Y ALEGRIA NO. 11",2A. AVENIDA 05-05 ZONA 1,77366135,MAXIMILIANO GRAVE IMUL,JOSÉ EDWIN JOJ TZOY,DIVERSIFICADO,PRIVADO,URBANA,ABIERTA,MONOLINGUE,VESPERTINA,DIARIO(REGULAR),QUICHÉ
14-05-0061-46,14-006,QUICHE,CHAJUL,COLEGIO EVANGELICO METODISTA FILADELFIA,CANTON ILOM,45826616,GASPAR VI CABA,ROMUALDO PERFECTO SANTIAGO RAMÍREZ,DIVERSIFICADO,PRIVADO,URBANA,ABIERTA,MONOLINGUE,VESPERTINA,DIARIO(REGULAR),QUICHÉ
14-05-0080-46,14-042,QUICHE,CHAJUL,INSTITUTO DIVERSIFICADO POR COOPERATIVA DE ENSEÑANZA,CANTÓN VIPATNÁ,32468657,OSBERTO FILADELFO RUIZ URÍZAR,DOMINGO MENDOZA RIVERA,DIVERSIFICADO,COOPERATIVA,URBANA,ABIERTA,BILINGUE,MATUTINA,DIARIO(REGULAR),QUICHÉ
14-05-0084-46,14-006,QUICHE,CHAJUL,INSTITUTO DIVERSIFICADO MIXTO BILINGÜE,CANTÓN VIPATNÁ,51843372,GASPAR VI CABA,GASPAR ASICONA ANAY,DIVERSIFICADO,PRIVADO,URBANA,ABIERTA,MONOLINGUE,MATUTINA,DIARIO(REGULAR),QUICHÉ
14-05-0103-46,14-006,QUICHE,CHAJUL,COLEGIO MIXTO HORIZONTES SIN LIMITES IXIL,SECTOR VI PATNA DEL CANTÓN CHAJUL,46695668,GASPAR VI CABA,ODILIA CATARINA CEDILLO CETO,DIVERSIFICADO,PRIVADO,URBANA,ABIERTA,MONOLINGUE,DOBLE,DIARIO(REGULAR),QUICHÉ
14-05-5455-46,14-006,QUICHE,CHAJUL,INSTITUTO DIVERSIFICADO SOCIEDAD IXIL,CANTON ILOM,45947232,GASPAR VI CABA,ROMUALDO PERFECTO SANTIAGO RAMIREZ,DIVERSIFICADO,PRIVADO,URBANA,ABIERTA,MONOLINGUE,DOBLE,DIARIO(REGULAR),QUICHÉ
14-06-0020-46,14-007,QUICHE,SANTO TOMAS CHICHICASTENANGO,INSTITUTO NACIONAL DE EDUCACION DIVERSIFICADA,"5A. AVENIDA ARCO GUCUMATZ 1-61, ZONA 1",42446716,CARLOS MANUEL TIRIQUIZ TOL,HELIA ROXANA TZOC CHINOL,DIVERSIFICADO,OFICIAL,URBANA,ABIERTA,MONOLINGUE,VESPERTINA,DIARIO(REGULAR),QUICHÉ
14-06-0038-46,14-007,QUICHE,SANTO TOMAS CHICHICASTENANGO,CENTRO EDUCATIVO ANUNCIATA,CHICHICASTENANGO,30922841,CARLOS MANUEL TIRIQUIZ TOL,DIEGO AJANEL RAMOS,DIVERSIFICADO,PRIVADO,URBANA,ABIERTA,MONOLINGUE,MATUTINA,DIARIO(REGULAR),QUICHÉ
14-06-0049-46,14-042,QUICHE,SANTO TOMAS CHICHICASTENANGO,INSTITUTO DIVERSIFICADO POR COOPERATIVA,CANTÓN CHICUA PRIMERO,53358214,OSBERTO FILADELFO RUIZ URÍZAR,TOMASA CALGUA LUX,DIVERSIFICADO,COOPERATIVA,RURAL,ABIERTA,BILINGUE,MATUTINA,DIARIO(REGULAR),QUICHÉ
14-06-0060-46,14-042,QUICHE,SANTO TOMAS CHICHICASTENANGO,INSTITUTO DIVERSIFICADO DE EDUCACIÓN POR COOPERATIVA,CANTÓN CHUPOL,53138785,OSBERTO FILADELFO RUIZ URÍZAR,JUANA MORALES MORALES,DIVERSIFICADO,COOPERATIVA,RURAL,ABIERTA,MONOLINGUE,VESPERTINA,DIARIO(REGULAR),QUICHÉ
14-06-0066-46,14-037,QUICHE,SANTO TOMAS CHICHICASTENANGO,CENTRO DE EDUCACIÓN EXTRAESCOLAR -CEEX-,10 CALLE 5-21 ZONA ÚNICA,48745790,ANGELINA LUX MENDOZA DE PUAC,JORGE ROBERTO XILOJ LEÓN,DIVERSIFICADO,OFICIAL,URBANA,ABIERTA,MONOLINGUE,VESPERTINA,DIARIO(REGULAR),QUICHÉ
14-06-0070-46,14-007,QUICHE,SANTO TOMAS CHICHICASTENANGO,CENTRO DE ESTUDIOS AVANZADOS NO´J -CEAN-,5A. AVENIDA FINAL SALIDA A SANTA CRUZ DEL QUICHÉ,47328814,CARLOS MANUEL TIRIQUIZ TOL,EDGAR ANIBAL TIRIQUIZ SUT,DIVERSIFICADO,PRIVADO,URBANA,ABIERTA,MONOLINGUE,DOBLE,DIARIO(REGULAR),QUICHÉ
14-06-0071-46,14-007,QUICHE,SANTO TOMAS CHICHICASTENANGO,CENTRO DE ESTUDIOS AVANZADOS NO´J -CEAN-,5A. AVENIDA FINAL SALIDA A SANTA CRUZ DEL QUICHÉ,47328814,CARLOS MANUEL TIRIQUIZ TOL,EDGAR ANIBAL TIRIQUIZ SUT,DIVERSIFICADO,PRIVADO,URBANA,ABIERTA,MONOLINGUE,MATUTINA,DIARIO(REGULAR),QUICHÉ
14-06-0072-46,14-037,QUICHE,SANTO TOMAS CHICHICASTENANGO,CENTRO OFICIAL DE EDUCACIÓN EXTRAESCOLAR -CEEX-,CANTÓN CHICUÁ SEGUNDO,45061361,ANGELINA LUX MENDOZA DE PUAC,JOSÉ EDUARDO AJANEL VENTURA,DIVERSIFICADO,OFICIAL,RURAL,ABIERTA,BILINGUE,DOBLE,FIN DE SEMANA,QUICHÉ
14-06-0153-46,14-007,QUICHE,SANTO TOMAS CHICHICASTENANGO,TECNOLÓGICO ALTIPLANO,CANTÓN CHUJUPÉN,40582500,CARLOS MANUEL TIRIQUIZ TOL,ERICK SEBASTIÁN XIRÚN SALVADOR,DIVERSIFICADO,PRIVADO,RURAL,ABIERTA,MONOLINGUE,DOBLE,FIN DE SEMANA,QUICHÉ
14-06-1079-46,14-007,QUICHE,SANTO TOMAS CHICHICASTENANGO,ESCUELA DE CIENCIAS COMERCIALES,LOTIFICACION VILLAS DE SANTO TOMAS,55155179,CARLOS MANUEL TIRIQUIZ TOL,LINSY JOANA BLANCO DE LEÓN,DIVERSIFICADO,PRIVADO,URBANA,ABIERTA,MONOLINGUE,VESPERTINA,DIARIO(REGULAR),QUICHÉ
14-06-3740-46,14-007,QUICHE,SANTO TOMAS CHICHICASTENANGO,INSTITUTO PRIVADO DE CIENCIAS SECRETARIALES,2A. CALLE 3-16 ZONA 1,51156813,CARLOS MANUEL TIRIQUIZ TOL,OSCAR ARNOLDO GIRÓN SOTO,DIVERSIFICADO,PRIVADO,URBANA,ABIERTA,MONOLINGUE,INTERMEDIA,DIARIO(REGULAR),QUICHÉ
14-06-5093-46,14-007,QUICHE,SANTO TOMAS CHICHICASTENANGO,INSTITUTO TECNOLOGICO KICHE DE FORMACION Y PRODUCCION PARA EL DESARROLLO Y LA PAZ,5A. AV. ARCO GUCUMATZ 1-00,47729229,CARLOS MANUEL TIRIQUIZ TOL,OSMAN GABRIEL GARCÍA GIRÓN,DIVERSIFICADO,PRIVADO,URBANA,ABIERTA,MONOLINGUE,DOBLE,DIARIO(REGULAR),QUICHÉ
14-06-5701-46,14-007,QUICHE,SANTO TOMAS CHICHICASTENANGO,CENTRO DE ESTUDIOS AVANZADOS NO´J -CEAN-,5A. AVENIDA FINAL SALIDA A SANTA CRUZ DE QUICHÉ,47328814,CARLOS MANUEL TIRIQUIZ TOL,BENITO CALEL VELÁSQUEZ,DIVERSIFICADO,PRIVADO,RURAL,ABIERTA,MONOLINGUE,DOBLE,FIN DE SEMANA,QUICHÉ
14-07-0009-46,14-010,QUICHE,PATZITE,INSTITUTO NACIONAL DE EDUCACION DIVERSIFICADA,ÁREA URBANA,51702948,JUAN QUINILLA US,DIEGO ARMANDO LEÓN LEÓN,DIVERSIFICADO,OFICIAL,URBANA,ABIERTA,MONOLINGUE,VESPERTINA,DIARIO(REGULAR),QUICHÉ
14-08-0033-46,14-011,QUICHE,SAN ANTONIO ILOTENANGO,COLEGIO PRE-UNIVERSITARIO NUEVO MILENIO,"4TA. CALLE 2-119, ZONA 1",45770209,FRANCISCO VICENTE ICHOP,JENNIFER CATALINA VILLATORO GIL,DIVERSIFICADO,PRIVADO,URBANA,ABIERTA,MONOLINGUE,VESPERTINA,DIARIO(REGULAR),QUICHÉ
14-08-6084-46,14-011,QUICHE,SAN ANTONIO ILOTENANGO,INSTITUTO EDUCATIVO PARA EL DESARROLLO EMPRESARIAL Y SOCIAL IDES,CABECERA MUNICIPAL,51953732,FRANCISCO VICENTE ICHOP,TIMOTEO LÚCAS COR,DIVERSIFICADO,PRIVADO,URBANA,ABIERTA,BILINGUE,VESPERTINA,DIARIO(REGULAR),QUICHÉ
14-09-0068-46,14-012,QUICHE,SAN PEDRO JOCOPILAS,"CENTRO EDUCATIVO MIXTO BILINGUE INTERCULTURAL UNO JB AL XOKOPILA , CEMBI","CANTON CENTRAL, SALIDA AL CANTON CHITUCUR I",47818873,LUIS FERNANDO GIL GONZALEZ,PEDRO JAVIER PELICÓ TAMUP,DIVERSIFICADO,PRIVADO,RURAL,ABIERTA,BILINGUE,VESPERTINA,DIARIO(REGULAR),QUICHÉ
14-09-0074-46,14-012,QUICHE,SAN PEDRO JOCOPILAS,COLEGIO MIXTO INTERCULTURAL BILINGÜE SAN JOSÉ,ALDEA SAN JOSÉ EL TUNAL,59622513,LUIS FERNANDO GIL GONZALEZ,JESSICA HERMELINDA MÉRIDA CLAUDIO,DIVERSIFICADO,PRIVADO,RURAL,ABIERTA,MONOLINGUE,VESPERTINA,DIARIO(REGULAR),QUICHÉ
14-09-0091-46,14-037,QUICHE,SAN PEDRO JOCOPILAS,CENTRO OFICIAL DE EDUCACIÓN EXTRAESCOLAR -CEEX-,SAN PEDRO JOCOPILAS,55374274,ANGELINA LUX MENDOZA DE PUAC,RUDY CALIN GARCÍA IXCOY,DIVERSIFICADO,OFICIAL,URBANA,ABIERTA,MONOLINGUE,DOBLE,FIN DE SEMANA,QUICHÉ
14-10-0059-46,14-053,QUICHE,CUNEN,INSTITUTO NACIONAL DE EDUCACION DIVERSIFICADA,BARRIO SAN JUAN,46572036,JACINTO HERNANDEZ BOTON,AGUSTIN PÚ RODRÍGUEZ,DIVERSIFICADO,OFICIAL,URBANA,ABIERTA,MONOLINGUE,VESPERTINA,DIARIO(REGULAR),QUICHÉ
14-10-0077-46,14-013,QUICHE,CUNEN,"COLEGIO MIXTO BILINGÜE INTERCULTURAL ""HERMANO OSCAR AZMITIA""",BARRRIO SAN FRANCISCO,31406438,TOMAS GARCIA PEREZ,MIGUEL ANGEL CAMAJÁ CABRERA,DIVERSIFICADO,PRIVADO,URBANA,ABIERTA,BILINGUE,DOBLE,FIN DE SEMANA,QUICHÉ
14-10-0102-46,14-013,QUICHE,CUNEN,"COLEGIO MIXTO BILINGUE INTERCULTURAL ""HERMANO OSCAR AZMITIA""",BARRIO SAN FRANCISCO,77555208,TOMAS GARCIA PEREZ,MIGUEL ANGEL CAMAJÁ CABRERA,DIVERSIFICADO,PRIVADO,URBANA,ABIERTA,BILINGUE,NOCTURNA,DIARIO(REGULAR),QUICHÉ
14-10-0103-46,14-013,QUICHE,CUNEN,LICEO TECNOLÓGICO PREUNIVERSITARIO CUNÉN,BARRIO SAN FRANCISCO,78800943,TOMAS GARCIA PEREZ,DOMINGO PÉREZ Y PÉREZ,DIVERSIFICADO,PRIVADO,URBANA,ABIERTA,MONOLINGUE,VESPERTINA,DIARIO(REGULAR),QUICHÉ
14-10-4571-46,14-013,QUICHE,CUNEN,"COLEGIO MIXTO BILINGUE INTERCULTURAL ""HERMANO OSCAR AZMITIA""",BARRIO SAN FRANCISCO,77555208,TOMAS GARCIA PEREZ,MIGUEL ANGEL CAMAJÁ CABRERA,DIVERSIFICADO,PRIVADO,URBANA,ABIERTA,BILINGUE,VESPERTINA,DIARIO(REGULAR),QUICHÉ
14-11-0059-46,14-015,QUICHE,SAN JUAN COTZAL,"INSTITUTO MUNICIPAL DE EDUCACIÓN BÁSICA Y BACHILLERATO POR MADUREZ ""SAN JUAN""",CANTÓN VIACAAN,46810751,BAYRON ROLANDO VILLATORO NORIEGA,PEDRO ROSENDO RODRÍGUEZ CRUZ,DIVERSIFICADO,PRIVADO,URBANA,ABIERTA,MONOLINGUE,SIN JORNADA,SEMIPRESENCIAL (FIN DE SEMANA),QUICHÉ
14-11-0068-46,14-015,QUICHE,SAN JUAN COTZAL,COLEGIO EVANGÉLICO HOREB,CANTÓN VATZOSINAY,46329643,BAYRON ROLANDO VILLATORO NORIEGA,TABITA JUANA TOMA DE LA CRUZ,DIVERSIFICADO,PRIVADO,RURAL,ABIERTA,BILINGUE,VESPERTINA,DIARIO(REGULAR),QUICHÉ
14-11-0071-46,14-015,QUICHE,SAN JUAN COTZAL,COLEGIO CRISTIANO NICOLÁS,CASERÍO CHACALÁ,30355886,BAYRON ROLANDO VILLATORO NORIEGA,PETRONILA ELIZABETH RAMOS,DIVERSIFICADO,PRIVADO,RURAL,ABIERTA,MONOLINGUE,DOBLE,DIARIO(REGULAR),QUICHÉ
14-11-5000-46,14-042,QUICHE,SAN JUAN COTZAL,INSTITUTO NORMAL MIXTO DIVERSIFICADO POR COOPERATIVA,CANTON TUCORAL,31105132,OSBERTO FILADELFO RUIZ URÍZAR,ALMA MORENA MARTÍNEZ GALDÁMEZ,DIVERSIFICADO,COOPERATIVA,URBANA,ABIERTA,MONOLINGUE,VESPERTINA,DIARIO(REGULAR),QUICHÉ
14-12-0059-46,14-039,QUICHE,JOYABAJ,INSTITUTO TECNOLOGICO DE ESTUDIOS AVANZADOS JOYABAJ,BARRIO LA DEMOCRACIA,42169753,ANA ESTER URIZAR GIL DE VILLATORO,EDGAR LEONEL CABRERA MÉNDEZ,DIVERSIFICADO,PRIVADO,URBANA,ABIERTA,MONOLINGUE,VESPERTINA,DIARIO(REGULAR),QUICHÉ
14-12-0106-46,14-042,QUICHE,JOYABAJ,INSTITUTO DIVERSIFICADO POR COOPERATIVA FLORENCIO CARRASCOZA,BARRIO LA LIBERTAD,30441452,OSBERTO FILADELFO RUIZ URÍZAR,YOONG HÁRIM ESTRADA URÍZAR,DIVERSIFICADO,COOPERATIVA,URBANA,ABIERTA,BILINGUE,VESPERTINA,DIARIO(REGULAR),QUICHÉ
14-12-0113-46,14-048,QUICHE,JOYABAJ,INSTITUTO NACIONAL DE EDUCACIÓN DIVERSIFICADA,CASERÍO LOS LLANOS,40498548,BEVERLY EMILY RAMOS OGÁLDEZ DE QUEZADA,LUCINDA AJANEL TOJ,DIVERSIFICADO,OFICIAL,RURAL,ABIERTA,MONOLINGUE,VESPERTINA,DIARIO(REGULAR),QUICHÉ
14-12-0133-46,14-037,QUICHE,JOYABAJ,CENTRO DE EDUCACIÓN EXTRAESCOLAR -CEEX-,BARRIO LA LIBERTAD,57846833,ANGELINA LUX MENDOZA DE PUAC,KEVIN RONAL MEDRANO LAINES,DIVERSIFICADO,OFICIAL,URBANA,ABIERTA,MONOLINGUE,VESPERTINA,DIARIO(REGULAR),QUICHÉ
14-12-0136-46,14-048,QUICHE,JOYABAJ,"LICEO PRIVADO ""SANTA MARÍA""",BARRIO LA LIBERTAD,54828583,BEVERLY EMILY RAMOS OGÁLDEZ DE QUEZADA,EUBELIO AROLDO SOTO SANTOS,DIVERSIFICADO,PRIVADO,URBANA,ABIERTA,MONOLINGUE,SIN JORNADA,SEMIPRESENCIAL (UN DÍA A LA SEMANA),QUICHÉ
14-12-0501-46,14-039,QUICHE,JOYABAJ,ESCUELA PARTICULAR MIXTA JOYABATECA DE CIENCIAS COMERCIALES,BARRIO CENTRAL,77559379,ANA ESTER URIZAR GIL DE VILLATORO,PEDRO JAIRO ELIZARDO GARCÍA GUTIERREZ,DIVERSIFICADO,PRIVADO,URBANA,ABIERTA,MONOLINGUE,VESPERTINA,DIARIO(REGULAR),QUICHÉ
14-13-0068-46,14-049,QUICHE,NEBAJ,INSTITUTO NACIONAL DE EDUCACION DIVERSIFICADA,CANTON VICOTZ,49420095,HUGO LEONEL BLANCO AGUILAR,APOLONIO ALBERTO MENDOZA GUEVARA,DIVERSIFICADO,OFICIAL,URBANA,ABIERTA,MONOLINGUE,VESPERTINA,DIARIO(REGULAR),QUICHÉ
14-13-0100-46,14-020,QUICHE,NEBAJ,CENTRO DE EDUCACION MIXTO DE DIVERSIFICADO IXIL -CEMDI-,ALDEA SALQUIL GRANDE,46415714,FELIX GASPAR CEDILLO CETO,PEDRO RAYMUNDO CEDILLO,DIVERSIFICADO,PRIVADO,RURAL,ABIERTA,MONOLINGUE,VESPERTINA,DIARIO(REGULAR),QUICHÉ
14-13-0114-46,14-019,QUICHE,NEBAJ,COLEGIO CRISTIANO NICOLÁS,"CASERÍO VIKOLÁ, ALDEA RIO AZUL",30355886,DIEGO AMADO GUZMÁN GUZARO,PETRONILA ELIZABETH RAMOS,DIVERSIFICADO,PRIVADO,URBANA,ABIERTA,MONOLINGUE,MATUTINA,DIARIO(REGULAR),QUICHÉ
14-13-0121-46,14-019,QUICHE,NEBAJ,"ESCUELA MOVIMIENTO JUVENIL DE INTEGRACIÓN POPULAR ""MIJUVE"" POR COOPIXIL R.L.",CANTÓN XOLACUL,30787188,DIEGO AMADO GUZMÁN GUZARO,DALILA CATARINA RAYMUNDO RAYMUNDO,DIVERSIFICADO,PRIVADO,RURAL,ABIERTA,MONOLINGUE,MATUTINA,DIARIO(REGULAR),QUICHÉ
14-13-0124-46,14-049,QUICHE,NEBAJ,CENTRO DE ESTUDIOS INTEGRADOS TECNÓLOGICO NEBAJ,CANTÓN BATZBACÁ,30049885,HUGO LEONEL BLANCO AGUILAR,DIEGO CHÁVEZ GUZARO,DIVERSIFICADO,PRIVADO,URBANA,ABIERTA,MONOLINGUE,DOBLE,DIARIO(REGULAR),QUICHÉ
14-13-0126-46,14-037,QUICHE,NEBAJ,CENTRO DE EDUCACIÓN EXTRAESCOLAR -CEEX-,MERCADO DE ARTESANÍAS,40490042,ANGELINA LUX MENDOZA DE PUAC,VILMA RAMÍREZ RAYMUNDO,DIVERSIFICADO,OFICIAL,URBANA,ABIERTA,MONOLINGUE,DOBLE,FIN DE SEMANA,QUICHÉ
14-13-4572-46,14-020,QUICHE,NEBAJ,INSTITUTO MIXTO DIVERSIFICADO IXIL,CANTON SIMOCOL,77558103,FELIX GASPAR CEDILLO CETO,TOMÁS DE PAZ PÉREZ,DIVERSIFICADO,PRIVADO,URBANA,ABIERTA,MONOLINGUE,VESPERTINA,DIARIO(REGULAR),QUICHÉ
14-13-5279-46,14-019,QUICHE,NEBAJ,COLEGIO PRIVADO MIXTO MOLINA CASTILLO,CABECERA MUNICIPAL,50939694,DIEGO AMADO GUZMÁN GUZARO,JULIO FABIÁN ABAC DE LEÓN,DIVERSIFICADO,PRIVADO,URBANA,ABIERTA,MONOLINGUE,MATUTINA,DIARIO(REGULAR),QUICHÉ
14-13-5422-46,14-018,QUICHE,NEBAJ,"ESCUELA NORMAL BILINGÜE INTERCULTURAL IXIL, CHUSB´AL TU YOLB´AL ITUXH MAM KUK´UY, OXLAVAL TX´II´",CANTON XOLACUL ZONA 3,53068315,SANTOS REYES DE PAZ CRUZ,RUTILA CHÁVEZ CEDILLO,DIVERSIFICADO,OFICIAL,RURAL,ABIERTA,BILINGUE,MATUTINA,DIARIO(REGULAR),QUICHÉ
14-13-5665-46,14-049,QUICHE,NEBAJ,CENTRO DE ESTUDIOS INTEGRADOS TECNOLOGICO NEBAJ,CABECERA MUNICIPAL,30049885,HUGO LEONEL BLANCO AGUILAR,DIEGO CHÁVEZ GUZARO,DIVERSIFICADO,PRIVADO,RURAL,ABIERTA,MONOLINGUE,VESPERTINA,DIARIO(REGULAR),QUICHÉ
14-14-0024-46,14-022,QUICHE,SAN ANDRES SAJCABAJA,INSTITUTO NACIONAL DE EDUCACION DIVERSIFICADA,7A. AVENIDA 3-211 ZONA 4,33390301,JULIAN MIS GARCIA,JOÉL HERNÁNDEZ AMPEREZ,DIVERSIFICADO,OFICIAL,URBANA,ABIERTA,MONOLINGUE,VESPERTINA,DIARIO(REGULAR),QUICHÉ
14-14-0040-46,14-036,QUICHE,SAN ANDRES SAJCABAJA,INSTITUTO NORMAL MIXTO SAN ANDRES,1RA. AV. 2-27 ZONA 1,59712633,GONZALO VENTURA LUX,FLOR DE MARIA URIZAR SALAZAR,DIVERSIFICADO,PRIVADO,URBANA,ABIERTA,BILINGUE,MATUTINA,DIARIO(REGULAR),QUICHÉ
14-14-0063-46,14-036,QUICHE,SAN ANDRES SAJCABAJA,"INSTITUTO NORMAL MIXTO ""SAN ANDRÉS""","1RA. AVENIDA 2-27, ZONA 1",59712633,GONZALO VENTURA LUX,FELIPE VILLATORO MENENDEZ,DIVERSIFICADO,PRIVADO,URBANA,ABIERTA,MONOLINGUE,DOBLE,FIN DE SEMANA,QUICHÉ
14-14-0070-46,14-037,QUICHE,SAN ANDRES SAJCABAJA,CENTRO OFICIAL DE EDUCACIÓN EXTRAESCOLAR -COEEX-,8A. AV. 1-29 ZONA 1,32864363,ANGELINA LUX MENDOZA DE PUAC,ROSALINA HERNÁNDEZ AMPEREZ,DIVERSIFICADO,OFICIAL,URBANA,ABIERTA,MONOLINGUE,DOBLE,FIN DE SEMANA,QUICHÉ
14-14-0083-46,14-022,QUICHE,SAN ANDRES SAJCABAJA,LICEO CRISTIANO GENERACIÓN CON PROPOSITO SANTO (GPS),7A. AVENIDA 2-24 ZONA 4,40378023,JULIAN MIS GARCIA,MAYRA GUDELIZ GALINDO MORALES,DIVERSIFICADO,PRIVADO,URBANA,ABIERTA,MONOLINGUE,VESPERTINA,DIARIO(REGULAR),QUICHÉ
14-14-0085-46,14-022,QUICHE,SAN ANDRES SAJCABAJA,COLEGIO ITALIANO,1A. AVENIDA 3-10 ZONA 4,41594407,JULIAN MIS GARCIA,JUAN CARLOS CHACH VENTURA,DIVERSIFICADO,PRIVADO,URBANA,ABIERTA,MONOLINGUE,VESPERTINA,DIARIO(REGULAR),QUICHÉ
14-14-5492-46,14-036,QUICHE,SAN ANDRES SAJCABAJA,INSTITUTO NORMAL MIXTO SAN ANDRES,1A. AV. 2-27 ZONA 1,59712633,GONZALO VENTURA LUX,FLOR DE MARIA URIZAR SALAZAR,DIVERSIFICADO,PRIVADO,URBANA,ABIERTA,MONOLINGUE,VESPERTINA,DIARIO(REGULAR),QUICHÉ
14-15-0103-46,14-045,QUICHE,SAN MIGUEL USPANTAN,INSTITUTO NACIONAL DE EDUCACION DIVERSIFICADA,ALDEA SAQUIXPEC,49006911,CELESTINO COY MACZ,ANGEL TIPAZ JUAREZ,DIVERSIFICADO,OFICIAL,RURAL,ABIERTA,MONOLINGUE,VESPERTINA,DIARIO(REGULAR),QUICHÉ
14-15-0214-46,14-042,QUICHE,SAN MIGUEL USPANTAN,INSTITUTO MIXTO DE EDUCACION DIVERSIFICADA POR COOPERATIVA MARIO DEL VALLE,ALDEA LANCETILLO LA PARROQUIA,49006911,OSBERTO FILADELFO RUIZ URÍZAR,ANGEL TIPAZ JUAREZ,DIVERSIFICADO,COOPERATIVA,RURAL,ABIERTA,BILINGUE,VESPERTINA,DIARIO(REGULAR),QUICHÉ
14-15-0215-46,14-025,QUICHE,SAN MIGUEL USPANTAN,LICEO MIXTO SAN MIGUEL,SAN MIGUEL USPANTAN,45054092,FELIX AZAEL HERRERA DIAZ,JUAN VENTURA SOC,DIVERSIFICADO,PRIVADO,URBANA,ABIERTA,MONOLINGUE,DOBLE,FIN DE SEMANA,QUICHÉ
14-15-0217-46,14-025,QUICHE,SAN MIGUEL USPANTAN,LICEO MIXTO SAN MIGUEL,SAN MIGUEL USPANTAN,79518102,FELIX AZAEL HERRERA DIAZ,JUAN VENTURA SOC,DIVERSIFICADO,PRIVADO,URBANA,ABIERTA,MONOLINGUE,DOBLE,FIN DE SEMANA,QUICHÉ
14-15-0220-46,14-042,QUICHE,SAN MIGUEL USPANTAN,INSTITUTO MIXTO DE EDUCACIÓN DIVERSIFICADA POR COOPERATIVA DE ENSEÑANZA,ALDEA SAN ANTONIO LA NUEVA ESPERANZA,38581200,OSBERTO FILADELFO RUIZ URÍZAR,SEBASTIAN HERNÁNDEZ OXLAJ,DIVERSIFICADO,COOPERATIVA,RURAL,ABIERTA,MONOLINGUE,VESPERTINA,DIARIO(REGULAR),QUICHÉ
14-15-0249-46,14-024,QUICHE,SAN MIGUEL USPANTAN,"COLEGIO EVANGÉLICO METODISTA ""MARANATHA""",7A. AVENIDA Y 4A. CALLE ZONA 1,45970247,MANUEL LOPEZ CHIVALAN,RONY GAMALIEL RODAS GARCÍA,DIVERSIFICADO,PRIVADO,URBANA,ABIERTA,MONOLINGUE,VESPERTINA,DIARIO(REGULAR),QUICHÉ
14-15-0250-46,14-045,QUICHE,SAN MIGUEL USPANTAN,CENTRO EDUCATIVO PRIVADO TALITA KUMI,ALDEA CAMPAMAC,79629100,CELESTINO COY MACZ,PABLO LOPEZ RAYMUNDO,DIVERSIFICADO,PRIVADO,RURAL,ABIERTA,MONOLINGUE,MATUTINA,DIARIO(REGULAR),QUICHÉ
14-15-0251-46,14-045,QUICHE,SAN MIGUEL USPANTAN,CENTRO EDUCATIVO PRIVADO TALITA KUMI,ALDEA CAMPAMAC,79515610,CELESTINO COY MACZ,MARIO MAQUIM CHOC,DIVERSIFICADO,PRIVADO,RURAL,ABIERTA,MONOLINGUE,VESPERTINA,DIARIO(REGULAR),QUICHÉ
14-15-0259-46,14-037,QUICHE,SAN MIGUEL USPANTAN,CENTRO OFICIAL DE EDUCACIÓN EXTRAESCOLAR -CEEX-,"7A. AVENIDA 6-31, ZONA 3",57682161,ANGELINA LUX MENDOZA DE PUAC,JUANA US CONTRERAS,DIVERSIFICADO,OFICIAL,URBANA,ABIERTA,BILINGUE,DOBLE,FIN DE SEMANA,QUICHÉ
14-15-0262-46,14-042,QUICHE,SAN MIGUEL USPANTAN,INSTITUTO DIVERSIFICADO POR COOPERATIVA DE ENSEÑANZA,ALDEA EL PARAISO,40288243,OSBERTO FILADELFO RUIZ URÍZAR,SABINO SEP COC,DIVERSIFICADO,COOPERATIVA,RURAL,ABIERTA,MONOLINGUE,VESPERTINA,DIARIO(REGULAR),QUICHÉ
14-15-0264-46,14-025,QUICHE,SAN MIGUEL USPANTAN,"LICEO MIXTO ""SAN MIGUEL""",7A. CALLE-32 ZONA 1,79518102,FELIX AZAEL HERRERA DIAZ,JUAN VENTURA SOC,DIVERSIFICADO,PRIVADO,URBANA,ABIERTA,MONOLINGUE,SIN JORNADA,SEMIPRESENCIAL (UN DÍA A LA SEMANA),QUICHÉ
14-15-4573-46,14-023,QUICHE,SAN MIGUEL USPANTAN,INSTITUTO TECNICO MAYA EN RECURSOS NATURALES,BARRIO EL BORDITO,36575383,JOSÉ OSWALDO VÁSQUEZ AJIATAZ,PATRICIA YOLANDA TÚM HERNÁNDEZ,DIVERSIFICADO,PRIVADO,URBANA,ABIERTA,MONOLINGUE,DOBLE,DIARIO(REGULAR),QUICHÉ
14-15-5319-46,14-024,QUICHE,SAN MIGUEL USPANTAN,COLEGIO EVANGELICO METODISTA MARANATHA,4A. AVENIDA Y 7A. CALLE ZONA 1,79518432,MANUEL LOPEZ CHIVALAN,RONY GAMALIEL RODAS GARCÍA,DIVERSIFICADO,PRIVADO,URBANA,ABIERTA,MONOLINGUE,DOBLE,DIARIO(REGULAR),QUICHÉ
14-15-5412-46,14-024,QUICHE,SAN MIGUEL USPANTAN,INSTITUTO MUNICIPAL DE MAGISTERIO BILINGUE INTERCULTURAL USPANTEKO,4A. AVENIDA 3-36 ZONA 2,77917069,MANUEL LOPEZ CHIVALAN,ELVIA MARLENI AVILA TELLO,DIVERSIFICADO,MUNICIPAL,URBANA,ABIERTA,BILINGUE,VESPERTINA,DIARIO(REGULAR),QUICHÉ
14-15-6099-46,14-023,QUICHE,SAN MIGUEL USPANTAN,INSTITUTO TECNOLOGICO DE ESTUDIOS AVANZADOS USPANTAN,CABECERA MUNICIPAL,45054092,JOSÉ OSWALDO VÁSQUEZ AJIATAZ,WALFRED GABRIEL GRANADOS RAMIREZ,DIVERSIFICADO,PRIVADO,URBANA,ABIERTA,MONOLINGUE,VESPERTINA,DIARIO(REGULAR),QUICHÉ
14-16-0093-46,14-026,QUICHE,SACAPULAS,INSTITUTO MUNICIPAL DE SACAPULAS -IMSAC-,CASERÍO CHUPACAY,58808845,BYRON ESTUARDO SILVERIO ZAPETA REYNOZO,JOSÉ PÉREZ ALVARADO,DIVERSIFICADO,PRIVADO,URBANA,ABIERTA,MONOLINGUE,VESPERTINA,DIARIO(REGULAR),QUICHÉ
14-16-0104-46,14-026,QUICHE,SACAPULAS,"COLEGIO MIXTO DIVERSIFICADO ""INTERCULTURAL""","ALDEA RÍO BLANCO, ZONA 3",42579519,BYRON ESTUARDO SILVERIO ZAPETA REYNOZO,FRANCISCO SALVADOR RAMÍREZ,DIVERSIFICADO,PRIVADO,RURAL,ABIERTA,MONOLINGUE,VESPERTINA,DIARIO(REGULAR),QUICHÉ
14-16-0105-46,14-026,QUICHE,SACAPULAS,"COLEGIO MIXTO DIVERSIFICADO ""INTERCULTURAL""","ALDEA RÍO BLANCO, ZONA 3",40852248,BYRON ESTUARDO SILVERIO ZAPETA REYNOZO,FRANCISCO SALVADOR RAMÍREZ,DIVERSIFICADO,PRIVADO,RURAL,ABIERTA,MONOLINGUE,DOBLE,FIN DE SEMANA,QUICHÉ
14-16-0107-46,14-026,QUICHE,SACAPULAS,INSTITUTO NACIONAL DE EDUCACIÓN DIVERSIFICADA,ALDEA RÍO BLANCO,59296362,BYRON ESTUARDO SILVERIO ZAPETA REYNOZO,JUAN LANCERIO RAMOS,DIVERSIFICADO,OFICIAL,RURAL,ABIERTA,MONOLINGUE,VESPERTINA,DIARIO(REGULAR),QUICHÉ
14-16-5259-46,14-040,QUICHE,SACAPULAS,LICEO SACAPULAS,CASERÍO CHUPACAY,30166504,FERNANDO ROGELIO LOPEZ GALINDO,MATÍAS HERIBERTO GÓMEZ ULUÁN,DIVERSIFICADO,PRIVADO,URBANA,ABIERTA,BILINGUE,VESPERTINA,DIARIO(REGULAR),QUICHÉ
14-16-5260-46,14-026,QUICHE,SACAPULAS,COLEGIO PRIVADO MIXTO BILINGUE TUJAAL,BARRIO SAN SEBASTIAN,40217500,BYRON ESTUARDO SILVERIO ZAPETA REYNOZO,DAVID EDUARDO GALINDO GÓMEZ,DIVERSIFICADO,PRIVADO,URBANA,ABIERTA,MONOLINGUE,VESPERTINA,DIARIO(REGULAR),QUICHÉ
14-18-0004-46,14-029,QUICHE,CANILLA,CENTRO EDUCATIVO PLURICULTURAL,4TA CALLE 3-25 ZONA 4,56299833,YORJAN ALEXIS CRUZ MÉNDEZ,YEISON RIGOBERTO ALONZO BLANCO,DIVERSIFICADO,PRIVADO,URBANA,ABIERTA,MONOLINGUE,VESPERTINA,DIARIO(REGULAR),QUICHÉ
14-18-5508-46,14-029,QUICHE,CANILLA,'INSTITUTO MUNICIPAL DE MAGISTERIO INTERCULTURAL',"1A. AVENIDA 5-31 ZONA 3, CANILLA",49870911,YORJAN ALEXIS CRUZ MÉNDEZ,NORMA LETICIA GRAVE ZAPETA,DIVERSIFICADO,MUNICIPAL,URBANA,ABIERTA,MONOLINGUE,VESPERTINA,DIARIO(REGULAR),QUICHÉ
14-19-0055-46,14-050,QUICHE,CHICAMAN,INSTITUTO NACIONAL DE EDUCACION DIVERSIFICADA -INED-,"BARRIO SAN PEDRO BELEJU, ALDEA BELEJU",40101472,CARLOS LEM CAC,ALBERTO XOIM CAÁL,DIVERSIFICADO,OFICIAL,RURAL,ABIERTA,MONOLINGUE,VESPERTINA,DIARIO(REGULAR),QUICHÉ
14-19-0085-46,14-030,QUICHE,CHICAMAN,"""COLEGIO MIXTO CIENCIA Y DESARROLLO CHICAMÁN""",3A. CALLE 3-30 ZONA 2,58878991,JOSE ALBERTO HERNANDEZ GAMARRO,WILSON SOBERANIZ SOTO,DIVERSIFICADO,PRIVADO,URBANA,ABIERTA,MONOLINGUE,DOBLE,FIN DE SEMANA,QUICHÉ
14-19-0099-46,14-030,QUICHE,CHICAMAN,COLEGIO MIXTO CIENCIA Y DESARROLLO CHICAMÁN,3A.CALLE 3-30 ZONA 2,58878991,JOSE ALBERTO HERNANDEZ GAMARRO,WILSON SOBERANIZ SOTO,DIVERSIFICADO,PRIVADO,URBANA,ABIERTA,MONOLINGUE,SIN JORNADA,SEMIPRESENCIAL (FIN DE SEMANA),QUICHÉ
14-19-0101-46,14-042,QUICHE,CHICAMAN,"INSTITUTO DIVERSIFICADO DE ESTUDIOS AVANZADOS POR COOPERATIVA ""IDEACOP-PAJUIL""",ALDEA PAJUIL,30636051,OSBERTO FILADELFO RUIZ URÍZAR,MARCO TULIO ICAL JÓM,DIVERSIFICADO,COOPERATIVA,RURAL,ABIERTA,BILINGUE,VESPERTINA,DIARIO(REGULAR),QUICHÉ
14-19-0108-46,14-042,QUICHE,CHICAMAN,INSTITUTO DE EDUCACIÓN DIVERSIFICADA POR COOPERATIVA DE ENSEÑANZA,"BARRIO SAN SEBASTIÁN, ALDEA BELEJÚ",49170706,OSBERTO FILADELFO RUIZ URÍZAR,EDVIN AROLDO MORÁN COLORADO,DIVERSIFICADO,COOPERATIVA,RURAL,ABIERTA,MONOLINGUE,VESPERTINA,DIARIO(REGULAR),QUICHÉ
14-19-0112-46,14-030,QUICHE,CHICAMAN,"""COLEGIO MIXTO CIENCIA Y DESARROLLO CHICAMÁN""",3RA. CALLE 3-30 ZONA 2,57371407,JOSE ALBERTO HERNANDEZ GAMARRO,ALEXANDER SOBERÁNIZ SOTO,DIVERSIFICADO,PRIVADO,URBANA,ABIERTA,MONOLINGUE,MATUTINA,DIARIO(REGULAR),QUICHÉ
14-19-0113-46,14-030,QUICHE,CHICAMAN,INSTITUTO NACIONAL DE EDUCACIÓN DIVERSIFICADA,5A. CALLE (SALIDA A OJO DE AGUA CARRIZAL),48805993,JOSE ALBERTO HERNANDEZ GAMARRO,VICTORIA MÉNDEZ ALVAREZ,DIVERSIFICADO,OFICIAL,URBANA,ABIERTA,MONOLINGUE,MATUTINA,DIARIO(REGULAR),QUICHÉ
14-19-5511-46,14-042,QUICHE,CHICAMAN,INSTITUTO NORMAL MIXTO DIVERSIFICADO POR COOPERATIVA,"3A. CALLE 3-30, ZONA 2",77633770,OSBERTO FILADELFO RUIZ URÍZAR,YACLEN SEIRIN JUÁREZ GAMARRO,DIVERSIFICADO,COOPERATIVA,URBANA,ABIERTA,MONOLINGUE,VESPERTINA,DIARIO(REGULAR),QUICHÉ
14-20-0124-46,14-054,QUICHE,IXCAN,INSTITUTO NORMAL MIXTO CIENCIA Y ARTE,ZONA 1 PLAYA GRANDE,58908465,JERONIMO COC JUAREZ,TEODORO RAMÍREZ VELÁSQUEZ,DIVERSIFICADO,PRIVADO,URBANA,ABIERTA,MONOLINGUE,VESPERTINA,DIARIO(REGULAR),QUICHÉ NORTE
14-20-0130-46,14-033,QUICHE,IXCAN,CENTRO EDUCATIVO ASOCIACION DE MAESTRO DE EDUCACION RURAL DE GUATEMALA AMERG-IXCAN,"ZONA 1, PLAYA GRANDE",58747049,NAPOLEON FERNANDO XUC COC,MAURICIO YAT LUC,DIVERSIFICADO,PRIVADO,URBANA,ABIERTA,BILINGUE,DOBLE,FIN DE SEMANA,QUICHÉ NORTE
14-20-0134-46,14-054,QUICHE,IXCAN,INSTITUTO MIXTO DIVERSIFICADO POR COOPERATIVA WATAN,ALDEA ANGENIEROS,30701241,JERONIMO COC JUAREZ,JUAN GABRIEL JUAN SILVESTRE,DIVERSIFICADO,COOPERATIVA,RURAL,ABIERTA,BILINGUE,VESPERTINA,DIARIO(REGULAR),QUICHÉ NORTE
14-20-0135-46,14-054,QUICHE,IXCAN,COLEGIO PRE UNIVERSITARIO INTERCULTURAL -COTPI-,ALDEA LOS ÁNGELES,48463453,JERONIMO COC JUAREZ,MAUDILIO HIGINIO PASCUAL FRANCISCO,DIVERSIFICADO,PRIVADO,RURAL,ABIERTA,MONOLINGUE,MATUTINA,DIARIO(REGULAR),QUICHÉ NORTE
14-20-0140-46,14-054,QUICHE,IXCAN,INSTITUTO MIXTO DIVERSIFICADO POR COOPERATIVA DE ENSEÑANZA,COMUNIDAD PRIMAVERA DEL IXCÁN,45660972,JERONIMO COC JUAREZ,BENITO DIEGO MATEO,DIVERSIFICADO,COOPERATIVA,RURAL,ABIERTA,MONOLINGUE,VESPERTINA,DIARIO(REGULAR),QUICHÉ NORTE
14-20-0141-46,14-054,QUICHE,IXCAN,COLEGIO MIXTO OXLAJU B AQTUN,ALDEA SAN JUAN CHACTELA,57891607,JERONIMO COC JUAREZ,ANDRES QUIP CHAMÁN,DIVERSIFICADO,PRIVADO,RURAL,ABIERTA,BILINGUE,VESPERTINA,DIARIO(REGULAR),QUICHÉ NORTE
14-20-0142-46,14-033,QUICHE,IXCAN,"INSTITUTO TÉCNICO DIVERSIFICADO ASOCIATIVA ""AJ YICHKAN""","ZONA 1, PLAYA GRANDE",30340666,NAPOLEON FERNANDO XUC COC,JORGE CHITAY MAQUIN,DIVERSIFICADO,PRIVADO,URBANA,ABIERTA,MONOLINGUE,DOBLE,DIARIO(REGULAR),QUICHÉ NORTE
14-20-0143-46,14-054,QUICHE,IXCAN,LICEO TECNOLÓGICO DOCTOR JUAN JOSÉ ARÉVALO BERMEJO,2A. AV. Y 3A. CALLE ZONA 1,45638550,JERONIMO COC JUAREZ,NELSON ALFONSO CHOC SAM,DIVERSIFICADO,PRIVADO,URBANA,ABIERTA,MONOLINGUE,MATUTINA,DIARIO(REGULAR),QUICHÉ NORTE
14-20-0145-46,14-034,QUICHE,IXCAN,COLEGIO DIVERSIFICADO MAYALAND,ALDEA MAYALÁN,40909816,ANTONIO CALIXTO IXCOTAYAC LUX,CAMILO RAMIREZ MATIAS,DIVERSIFICADO,PRIVADO,RURAL,ABIERTA,MONOLINGUE,VESPERTINA,DIARIO(REGULAR),QUICHÉ NORTE
14-20-0147-46,14-054,QUICHE,IXCAN,ESCUELA NORMAL BILINGÜE INTERCULTURAL MAYAB´ TIJOB´AL OXLAJUJ TZÍ´,PARCELAMIENTO XALBAL,48617091,JERONIMO COC JUAREZ,JOSÉ ANDRADE GABRIEL AGUILAR,DIVERSIFICADO,OFICIAL,RURAL,ABIERTA,BILINGUE,MATUTINA,DIARIO(REGULAR),QUICHÉ NORTE
14-20-0148-46,14-032,QUICHE,IXCAN,COLEGIO MIXTO OXLAJUJ B´AQTUN,ALDEA EL PRADO,57891607,LUCAS IQUI CAHUEC,ELSA HERLINDA ESQUIVEL VÁSQUEZ,DIVERSIFICADO,PRIVADO,RURAL,ABIERTA,BILINGUE,VESPERTINA,DIARIO(REGULAR),QUICHÉ NORTE
14-20-0150-46,14-051,QUICHE,IXCAN,COLEGIO AMERICANO MAYA QUICHE,LOTE 08 COLONIA BUENA VISTA ENTRADA A SAN FRANCISCO,77557616,TOMÁS SÁNCHEZ GÓMEZ,MAYLING PATRICIA PINEDA URIZAR,DIVERSIFICADO,PRIVADO,URBANA,ABIERTA,MONOLINGUE,DOBLE,FIN DE SEMANA,QUICHÉ NORTE
14-20-0153-46,14-034,QUICHE,IXCAN,"COLEGIO EVANGÉLICO MIXTO ""EL EDÉN""",ALDEA VALLE DE CANDELARIA NO. 1,59078151,ANTONIO CALIXTO IXCOTAYAC LUX,GUSTAVO ADOLFO GÓMEZ TORRES,DIVERSIFICADO,PRIVADO,RURAL,ABIERTA,MONOLINGUE,VESPERTINA,DIARIO(REGULAR),QUICHÉ NORTE
14-20-0156-46,14-054,QUICHE,IXCAN,INSTITUTO TÉCNICO DIVERSIFICADO ASOCIATIVA AJ YICHKAN,ZONA 1 PLAYA GRANDE,30340666,JERONIMO COC JUAREZ,MARCOS GÓMEZ PÉREZ,DIVERSIFICADO,PRIVADO,URBANA,ABIERTA,MONOLINGUE,VESPERTINA,DIARIO(REGULAR),QUICHÉ NORTE
14-20-0158-46,14-034,QUICHE,IXCAN,COLEGIO MIXTO OXLAJU B'AQTUN,ALDEA CUARTO PUEBLO,57891607,ANTONIO CALIXTO IXCOTAYAC LUX,HERMEGILDO MATÍAS BAUTISTA,DIVERSIFICADO,PRIVADO,RURAL,ABIERTA,BILINGUE,VESPERTINA,DIARIO(REGULAR),QUICHÉ NORTE
14-20-0161-46,14-054,QUICHE,IXCAN,LICEO MIXTO DEL NORTE,ALDEA LAS ROSAS,30938392,JERONIMO COC JUAREZ,CARLOS GILBERTO DIEGO MALDONADO,DIVERSIFICADO,PRIVADO,RURAL,ABIERTA,MONOLINGUE,VESPERTINA,DIARIO(REGULAR),QUICHÉ NORTE
14-20-0162-46,14-054,QUICHE,IXCAN,INSTITUTO DIVERSIFICADO MAYA PADRE GUILLERMO WOODS,PARCELAMIENTO PUEBLO NUEVO,30007257,JERONIMO COC JUAREZ,JOSÉ LUIS GARCÍA FRANCISCO,DIVERSIFICADO,PRIVADO,RURAL,ABIERTA,BILINGUE,MATUTINA,DIARIO(REGULAR),QUICHÉ NORTE
14-20-0165-46,14-054,QUICHE,IXCAN,LICEO MIXTO DEL NORTE,"ZONA 1, PLAYA GRANDE IXCÁN",30938392,JERONIMO COC JUAREZ,JORGE ALBERTO QUIÑONEZ SANTIZO,DIVERSIFICADO,PRIVADO,URBANA,ABIERTA,MONOLINGUE,VESPERTINA,DIARIO(REGULAR),QUICHÉ NORTE
14-20-0167-46,14-054,QUICHE,IXCAN,"COLEGIO MIXTO DIVERSIFICADO ""EL AFÁN""","ALDEA EL AFÁN, IXCÁN, QUICHÉ",57287433,JERONIMO COC JUAREZ,BERTA LUCRECIA TZUY IBARRA,DIVERSIFICADO,PRIVADO,RURAL,ABIERTA,MONOLINGUE,VESPERTINA,DIARIO(REGULAR),QUICHÉ NORTE
14-20-0172-46,14-054,QUICHE,IXCAN,"COLEGIO MIXTO MESOAMERICANO ""SANTIAGUENSE""",ALDEA SANTIAGO IXCAN,49917240,JERONIMO COC JUAREZ,SANTOS ELÍAS CHALÍ SUBUYUC,DIVERSIFICADO,PRIVADO,RURAL,ABIERTA,BILINGUE,DOBLE,FIN DE SEMANA,QUICHÉ NORTE
14-20-0174-46,14-054,QUICHE,IXCAN,LICEO MIXTO DEL NORTE FIN DE SEMANA,"5TA. CALLE, ZONA 1, PLAYA GRANDE",30938392,JERONIMO COC JUAREZ,JORGE ALBERTO QUIÑONEZ SANTIZO,DIVERSIFICADO,PRIVADO,URBANA,ABIERTA,MONOLINGUE,DOBLE,FIN DE SEMANA,QUICHÉ NORTE
14-20-0176-46,14-032,QUICHE,IXCAN,"PROGRAMA NACIONAL DE EDUCACIÓN ALTERNATIVA, PRONEA.","LOTE 16, COLONIA LA PAZ, ZONA 1, PLAYA GRANDE",30053859,LUCAS IQUI CAHUEC,BERNARDO ENRIQUES LAJUJ SICAL,DIVERSIFICADO,OFICIAL,URBANA,ABIERTA,MONOLINGUE,DOBLE,A DISTANCIA,QUICHÉ NORTE
14-20-0178-46,14-054,QUICHE,IXCAN,LICEO TECNOLOGICO DOCTOR JUAN JOSE AREVALO BERMEJO,ZONA 1 PLAYA GRANDE 2A. AV. Y 3A. CALLE ZONA 1,46613387,JERONIMO COC JUAREZ,NELSON ALFONSO CHOC SAM,DIVERSIFICADO,PRIVADO,URBANA,ABIERTA,MONOLINGUE,SIN JORNADA,SEMIPRESENCIAL (FIN DE SEMANA),QUICHÉ NORTE
14-20-0180-46,14-054,QUICHE,IXCAN,INSTITUTO NORMAL MIXTO CIENCIA Y ARTE,ZONA 1 PLAYA GRANDE,30223394,JERONIMO COC JUAREZ,TEODORO RAMÍREZ VELÁSQUEZ,DIVERSIFICADO,PRIVADO,URBANA,ABIERTA,BILINGUE,SIN JORNADA,SEMIPRESENCIAL (FIN DE SEMANA),QUICHÉ NORTE
14-20-0181-46,14-054,QUICHE,IXCAN,"COLEGIO MIXTO ""JOSÉ MARÍA""",ALDEA LAS ROSAS,58937744,JERONIMO COC JUAREZ,CARLOS GILBERTO DIEGO MALDONADO,DIVERSIFICADO,PRIVADO,RURAL,ABIERTA,MONOLINGUE,SIN JORNADA,SEMIPRESENCIAL (FIN DE SEMANA),QUICHÉ NORTE
14-20-0182-46,14-054,QUICHE,IXCAN,LICEO MIXTO DEL NORTE,ZONA 1 PLAYA GRANDE,31087045,JERONIMO COC JUAREZ,JORGE ALBERTO QUIÑONEZ SANTIZO,DIVERSIFICADO,PRIVADO,URBANA,ABIERTA,MONOLINGUE,SIN JORNADA,SEMIPRESENCIAL (FIN DE SEMANA),QUICHÉ NORTE
14-20-0184-46,14-054,QUICHE,IXCAN,COLEGIO AMERICANO MAYA QUICHE,"LOTE 08 COLONIA BUENA VISTA, ENTRADA A SAN FRANCISCO",77557616,JERONIMO COC JUAREZ,MAYLING PATRICIA PINEDA URIZAR,DIVERSIFICADO,PRIVADO,URBANA,ABIERTA,MONOLINGUE,SIN JORNADA,SEMIPRESENCIAL (FIN DE SEMANA),QUICHÉ NORTE
14-20-0186-46,14-054,QUICHE,IXCAN,COLEGIO MIXTO PREUNIVERSITARIO BILINGÜE INTERCULTURAL,ZONA 1 PLAYA GRANDE,57891607,JERONIMO COC JUAREZ,MAURICIO YAT LUC,DIVERSIFICADO,PRIVADO,URBANA,ABIERTA,BILINGUE,SIN JORNADA,SEMIPRESENCIAL (UN DÍA A LA SEMANA),QUICHÉ NORTE
14-20-0226-46,14-054,QUICHE,IXCAN,PROGRAMA MODALIDADES FLEXIBLES PARA LA EDUCACIÓN MEDIA,"LOTE 16, COLONIA LA PAZ, ZONA 1, PLAYA GRANDE",51799061,JERONIMO COC JUAREZ,OFELIA PAÁU TZI,DIVERSIFICADO,OFICIAL,URBANA,ABIERTA,MONOLINGUE,DOBLE,SEMIPRESENCIAL,QUICHÉ NORTE
14-20-5525-46,14-054,QUICHE,IXCAN,COLEGIO AMERICANO MAYA QUICHE,ZONA 1 PLAYA GRANDE,77557616,JERONIMO COC JUAREZ,MAYLING PATRICIA PINEDA URIZAR,DIVERSIFICADO,PRIVADO,URBANA,ABIERTA,MONOLINGUE,VESPERTINA,DIARIO(REGULAR),QUICHÉ NORTE
14-20-5530-46,14-054,QUICHE,IXCAN,INSTITUTO DIVERSIFICADO MAYA PADRE GUILLERMO WOODS,PARCELAMIENTO PUEBLO NUEVO,30007257,JERONIMO COC JUAREZ,JOSÉ LUIS GARCÍA FRANCISCO,DIVERSIFICADO,PRIVADO,RURAL,ABIERTA,BILINGUE,MATUTINA,DIARIO(REGULAR),QUICHÉ NORTE
14-20-5707-46,14-054,QUICHE,IXCAN,INSTITUTO NORMAL MIXTO CIENCIA Y ARTE,ZONA 1 PLAYA GRANDE,58908465,JERONIMO COC JUAREZ,TEODORO RAMÍREZ VELÁSQUEZ,DIVERSIFICADO,PRIVADO,URBANA,ABIERTA,BILINGUE,VESPERTINA,DIARIO(REGULAR),QUICHÉ NORTE
14-20-5709-46,14-036,QUICHE,IXCAN,"INSTITUTO DE EDUCACION A DISTANCIA ""LA ESCUELA EN SU CASA""","3A. AVENIDA Y 3A. CALLE ZONA 1, EDIFICIO EL PEREGRINO",54606010,GONZALO VENTURA LUX,FRANCISCO SICAL SICAL,DIVERSIFICADO,PRIVADO,URBANA,ABIERTA,MONOLINGUE,DOBLE,FIN DE SEMANA,QUICHÉ NORTE
14-20-5717-46,14-054,QUICHE,IXCAN,ENBI ESCUELA NORMAL BILINGUE INTERCULTURAL MAYAB TIJOB AL OXLAJUJ TZ I,PARCELAMIENTO XALBAL,30053859,JERONIMO COC JUAREZ,JOSÉ ANDRADE GABRIEL AGUILAR,DIVERSIFICADO,OFICIAL,RURAL,ABIERTA,BILINGUE,DOBLE,DIARIO(REGULAR),QUICHÉ NORTE
14-20-5813-46,14-054,QUICHE,IXCAN,INSTITUTO TECNICO DIVERSIFICADO ASOCIATIVA AJ YICHKAN,"ZONA 1 PLAYA GRANDE CENTRO DE CAPACITACIÓN MUNICIPAL, ZONA 1, PLAYA GRANDE, IXCAN.",30340666,JERONIMO COC JUAREZ,LAURA NOHEMÍ CANO MÉRIDA,DIVERSIFICADO,PRIVADO,URBANA,ABIERTA,BILINGUE,DOBLE,DIARIO(REGULAR),QUICHÉ NORTE
14-20-5872-46,14-054,QUICHE,IXCAN,LICEO AMERICANO MUNDO MAYA,ZONA 1 PLAYA GRANDE,77557616,JERONIMO COC JUAREZ,SINDY MARILÚ GIL PÉREZ,DIVERSIFICADO,PRIVADO,URBANA,ABIERTA,MONOLINGUE,VESPERTINA,DIARIO(REGULAR),QUICHÉ NORTE
14-20-5873-46,14-054,QUICHE,IXCAN,LICEO AMERICANO MUNDO MAYA,ZONA 1 PLAYA GRANDE,77557616,JERONIMO COC JUAREZ,SILA MAGDALENA AC CHICOJ,DIVERSIFICADO,PRIVADO,URBANA,ABIERTA,MONOLINGUE,DOBLE,FIN DE SEMANA,QUICHÉ NORTE
14-20-5876-46,14-054,QUICHE,IXCAN,INSTITUTO PRIVADO MIXTO DE DIVERSIFICADO KAIBIL BALAM,PARCELAMIENTO KAIBIL BALAM,30046660,JERONIMO COC JUAREZ,MIGUEL PÉREZ LÓPEZ,DIVERSIFICADO,PRIVADO,RURAL,ABIERTA,MONOLINGUE,VESPERTINA,DIARIO(REGULAR),QUICHÉ NORTE
14-20-5881-46,14-054,QUICHE,IXCAN,INSTITUTO MIXTO DIVERSIFICADO POR COOPERATIVA DE ENSEÑANZA,ZONA 1 PLAYA GRANDE,53681098,JERONIMO COC JUAREZ,HUGO ADALBERTO FERNANDEZ DELGADO,DIVERSIFICADO,COOPERATIVA,URBANA,ABIERTA,MONOLINGUE,MATUTINA,DIARIO(REGULAR),QUICHÉ NORTE
14-20-5966-46,14-054,QUICHE,IXCAN,INSTITUTO NORMAL MIXTO CIENCIA Y ARTE,ZONA 1 PLAYA GRANDE,54158954,JERONIMO COC JUAREZ,TEODORO RAMÍREZ VELÁSQUEZ,DIVERSIFICADO,PRIVADO,URBANA,ABIERTA,MONOLINGUE,DOBLE,FIN DE SEMANA,QUICHÉ NORTE
14-21-0006-46,14-042,QUICHE,PACHALUN,INSTITUTO MIXTO DIVERSIFICADO POR COOPERATIVA DE ENSEÑANZA,CABECERA MUNICIPAL,56254999,OSBERTO FILADELFO RUIZ URÍZAR,OLEVER UDIEL MOTA CANO,DIVERSIFICADO,COOPERATIVA,RURAL,ABIERTA,MONOLINGUE,VESPERTINA,DIARIO(REGULAR),QUICHÉ
14-21-0023-46,14-035,QUICHE,PACHALUN,"""LICEO INTERCULTURAL PACHALUMENSE""","VALLE LINDA VISTA, SALIDA A MORITAS",40895934,ERIK ISRAEL GIRON JUAREZ,EZEQUIEL MONTUFAR ORREGO,DIVERSIFICADO,PRIVADO,URBANA,ABIERTA,MONOLINGUE,MATUTINA,DIARIO(REGULAR),QUICHÉ
14-21-0024-46,14-035,QUICHE,PACHALUN,LICEO INTERCULTURAL PACHALUMENSE,"VALLE LINDA VISTA, SALIDA A MORITAS",57461136,ERIK ISRAEL GIRON JUAREZ,MARVIN JHONY SOTO HERRERA,DIVERSIFICADO,PRIVADO,RURAL,ABIERTA,MONOLINGUE,DOBLE,FIN DE SEMANA,QUICHÉ
14-21-0026-46,14-035,QUICHE,PACHALUN,INSTITUTO TECNÓLOGICO PACHALUM,ZONA 2,41450108,ERIK ISRAEL GIRON JUAREZ,JOSUE ESTRADA Y ESTRADA,DIVERSIFICADO,PRIVADO,URBANA,ABIERTA,MONOLINGUE,MATUTINA,DIARIO(REGULAR),QUICHÉ
14-21-0030-46,14-035,QUICHE,PACHALUN,INSTITUTO MUNICIPAL DE EDUCACIÓN TECNOLÓGICA PACHALUM -IMET-,CASERÍO EL AGUACATE ZONA 0,51321900,ERIK ISRAEL GIRON JUAREZ,MARIA AYDEE GARCIA RIVERA,DIVERSIFICADO,PRIVADO,URBANA,ABIERTA,MONOLINGUE,DOBLE,DIARIO(REGULAR),QUICHÉ
14-21-0031-46,14-035,QUICHE,PACHALUN,INSTITUTO MUNICIPAL DE EDUCACIÓN TECNOLÓGICA PACHALUM -IMET-,CASERÍO EL AGUACATE ZONA 0,41450108,ERIK ISRAEL GIRON JUAREZ,JOSUÉ ESTRADA Y ESTRADA,DIVERSIFICADO,PRIVADO,URBANA,ABIERTA,MONOLINGUE,MATUTINA,DIARIO(REGULAR),QUICHÉ
14-21-0032-46,14-035,QUICHE,PACHALUN,"COLEGIO BILINGÜE DE COMPUTACIÓN PACHALUM DE LOS SANTOS ""CBC-PS""","VENIDA LOS LIRIOS, ZONA 3, LUGAR DENOMINADO ""POTRERO VIEJO""",42591034,ERIK ISRAEL GIRON JUAREZ,CRISTIAN FERNANDO VALDÉZ SOTO,DIVERSIFICADO,PRIVADO,URBANA,ABIERTA,MONOLINGUE,VESPERTINA,DIARIO(REGULAR),QUICHÉ
14-21-0036-46,14-035,QUICHE,PACHALUN,LICEO INTERCULTURAL PACHALUMENSE,"VALLE LINDA VISTA, SALIDA A MORITAS",57461136,ERIK ISRAEL GIRON JUAREZ,MARVIN JHONY SOTO HERRERA,DIVERSIFICADO,PRIVADO,URBANA,ABIERTA,MONOLINGUE,SIN JORNADA,SEMIPRESENCIAL (FIN DE SEMANA),QUICHÉ
14-21-5690-46,14-035,QUICHE,PACHALUN,INSTITUTO TECNOLOGICO DE PACHALUM,CASERIO EL AGUACATE,41450108,ERIK ISRAEL GIRON JUAREZ,,DIVERSIFICADO,PRIVADO,RURAL,ABIERTA,MONOLINGUE,DOBLE,DIARIO(REGULAR),QUICHÉ
14-21-6000-46,14-035,QUICHE,PACHALUN,LICEO INTERCULTURAL PACHALUMENSE,AVENIDA LAS AMELIAS ZONA 4 CASA NO. C-01,57461136,ERIK ISRAEL GIRON JUAREZ,MARVIN JHONY SOTO HERRERA,DIVERSIFICADO,PRIVADO,URBANA,ABIERTA,MONOLINGUE,DOBLE,FIN DE SEMANA,QUICHÉ
14-21-6029-46,14-035,QUICHE,PACHALUN,LICEO INTERCULTURAL PACHALUMENSE,CABECERA MUNICIPAL,57461136,ERIK ISRAEL GIRON JUAREZ,MARVIN JHONY SOTO HERRERA,DIVERSIFICADO,PRIVADO,URBANA,ABIERTA,MONOLINGUE,VESPERTINA,DIARIO(REGULAR),QUICHÉ
,,,,,,,,,,,,,,,,
,,,,,,,,,,,,,,,,
184 Establecimientos encontrados,,,,,,,,,,,,,,,,
,,,,,,,,,,,,,,,,
"Ministerio de Educación, Copyright © 2,012",,Aviso Legal | Términos y Condiciones | Contacto ,,,,,,,,,,,,,,
