,[ e-Servicios ],,,,,,,,,,,,,,,
,Búsqueda de centros educativos autorizados por el Mineduc y carreras que pueden impartir.,,,,,,,,,,,,,,,
,,,,,,,,,,,,,,,,
,  ,,,,,,,,,,,,,,,
Importante:,,,,,,,,,,,,,,,,
,,,,,,,,,,,,,,,,
"Para una mejor búsqueda puede seleccionar el departamento y municipio, con base a la ubicación del centro educativo, ingresando el código del establecimiento separado por guiones o el nombre completo o parte de él.",,,,,,,,,,,,,,,,
,,,,,,,,,,,,,,,,
"Un centro educativo puede contar con uno o más códigos de acuerdo con los servicios educativos autorizados (nivel, plan o jornada).",,,,,,,,,,,,,,,,
,,,,,,,,,,,,,,,,
"Las carreras pueden visualizarse únicamente en los códigos de centros educativos que tienen autorizado el Nivel de Educación Media, Ciclo de Educación Diversificada.",,,,,,,,,,,,,,,,
,,,,,,,,,,,,,,,,
Para visualizar las carreras autorizadas a un centro educativo seleccione el Nivel Escolar: Diversificado.,,,,,,,,,,,,,,,,
,,,,,,,,,,,,,,,,
Departamento,Municipio,,,,,,,,,,,,,,,
,,,,,,,,,,,,,,,,
Nivel Escolar,,,,,,,,,,,,,,,,
Sector,,,,,,,,,,,,,,,,
Plan,Modalidad,,,,,,,,,,,,,,,
,,,,,,,,,,,,,,,,
Código (##-##-####-##),,,,,,,,,,,,,,,,
Nombre,,,,,,,,,,,,,,,,
Dirección,,,,,,,,,,,,,,,,
,,,,,,,,,,,,,,,,
,,,,,,,,,,,,,,,,
CODIGO,DISTRITO,DEPARTAMENTO,MUNICIPIO,ESTABLECIMIENTO,DIRECCION,TELEFONO,SUPERVISOR,DIRECTOR,NIVEL,SECTOR,AREA,STATUS,MODALIDAD,JORNADA,PLAN,DEPARTAMENTAL
03-01-0052-46,03-001,SACATEPEQUEZ,ANTIGUA GUATEMALA,ESCUELA NACIONAL DE CIENCIAS COMERCIALES SECCION NOCTURNA,5A. CALLE ORIENTE NO.17,78328708,JUAN DEMETRIO SICAJOL PEREZ,JULIO ABDIEL HERNÁNDEZ GARCÍA,DIVERSIFICADO,OFICIAL,URBANA,ABIERTA,MONOLINGUE,NOCTURNA,DIARIO(REGULAR),SACATEPÉQUEZ
03-01-0056-46,03-002,SACATEPEQUEZ,ANTIGUA GUATEMALA,LICEO ANTIGUEÑO,3A. CALLE ORIENTE NO.11,78320670,ZOILA ESTHELA JONFE OROZCO,JOSUÉ NATHÁN SOLÓRZANO BERDÚO,DIVERSIFICADO,PRIVADO,URBANA,ABIERTA,MONOLINGUE,MATUTINA,DIARIO(REGULAR),SACATEPÉQUEZ
03-01-0057-46,03-002,SACATEPEQUEZ,ANTIGUA GUATEMALA,COLEGIO LA SALLE,4A. AVENIDA NORTE N-26,78320556,ZOILA ESTHELA JONFE OROZCO,MARCOS MANUEL HERNÁNDEZ PÉREZ,DIVERSIFICADO,PRIVADO,URBANA,ABIERTA,MONOLINGUE,MATUTINA,DIARIO(REGULAR),SACATEPÉQUEZ
03-01-0058-46,03-001,SACATEPEQUEZ,ANTIGUA GUATEMALA,INSTITUTO NORMAL P/SEÑORITAS OLIMPIA LEAL,5A. CALLE ORIENTE N-15,78323391,JUAN DEMETRIO SICAJOL PEREZ,SONIA JUDITH GALVEZ GARCIA,DIVERSIFICADO,OFICIAL,URBANA,ABIERTA,MONOLINGUE,MATUTINA,DIARIO(REGULAR),SACATEPÉQUEZ
03-01-0059-46,03-001,SACATEPEQUEZ,ANTIGUA GUATEMALA,INSTITUTO NORMAL PARA VARONES ANTONIO LARRAZABAL,FINCA LA PRIMAVERA SALIDA A SANTA MARIA DE JESUS KM.2,58437849,JUAN DEMETRIO SICAJOL PEREZ,MANUEL ANTONIO ESTRADA ORTIZ,DIVERSIFICADO,OFICIAL,URBANA,ABIERTA,MONOLINGUE,VESPERTINA,DIARIO(REGULAR),SACATEPÉQUEZ
03-01-0075-46,03-002,SACATEPEQUEZ,ANTIGUA GUATEMALA,COLEGIO MUNDO VERDE,2A. AVENIDA SUR NO. 46,78320315,ZOILA ESTHELA JONFE OROZCO,MANUEL ANTONIO ESTRADA ORTIZ,DIVERSIFICADO,PRIVADO,URBANA,ABIERTA,MONOLINGUE,VESPERTINA,DIARIO(REGULAR),SACATEPÉQUEZ
03-01-0090-46,03-002,SACATEPEQUEZ,ANTIGUA GUATEMALA,COLEGIO MIXTO PRE-UNIVERSITARIO GALILEO GALILEI,CALLE ANCHA NO. 86,78320255,ZOILA ESTHELA JONFE OROZCO,MARÍA EUGENIA MORALES ZAMORA,DIVERSIFICADO,PRIVADO,URBANA,ABIERTA,MONOLINGUE,VESPERTINA,DIARIO(REGULAR),SACATEPÉQUEZ
03-01-0103-46,03-002,SACATEPEQUEZ,ANTIGUA GUATEMALA,COLEGIO COLONIAL BILINGUE,"LOTE F-6, MANZANA G, SAN PEDRO EL PANORAMA",79346373,ZOILA ESTHELA JONFE OROZCO,MERCEDES DE LAS NIEVES BLANCO ROMEU,DIVERSIFICADO,PRIVADO,URBANA,ABIERTA,MONOLINGUE,MATUTINA,DIARIO(REGULAR),SACATEPÉQUEZ
03-01-0119-46,03-002,SACATEPEQUEZ,ANTIGUA GUATEMALA,INSTITUTO MUNICIPAL DE EDUCACION DIVERSIFICADA,2DA. CALLE ORIENTE NO. 1 ALDEA SAN JUAN DEL OBISPO,59721931,ZOILA ESTHELA JONFE OROZCO,VICTOR HUGO SIMÓN MARROQUÍN,DIVERSIFICADO,MUNICIPAL,RURAL,ABIERTA,MONOLINGUE,MATUTINA,DIARIO(REGULAR),SACATEPÉQUEZ
03-01-0120-46,03-002,SACATEPEQUEZ,ANTIGUA GUATEMALA,COLEGIO BELEN,PLAZUELA BELEN,78320322,ZOILA ESTHELA JONFE OROZCO,MARÍA DEL CARMEN GÓMEZ,DIVERSIFICADO,PRIVADO,URBANA,ABIERTA,MONOLINGUE,MATUTINA,DIARIO(REGULAR),SACATEPÉQUEZ
03-01-0127-46,03-002,SACATEPEQUEZ,ANTIGUA GUATEMALA,INSTITUTO TECNOLOGICO EMPRESARIAL,CALLE CHIPILAPA NO. 11,78326854,ZOILA ESTHELA JONFE OROZCO,JUAN JOSÉ CASTILLO REGUAN,DIVERSIFICADO,PRIVADO,URBANA,ABIERTA,MONOLINGUE,VESPERTINA,DIARIO(REGULAR),SACATEPÉQUEZ
03-01-0128-46,03-002,SACATEPEQUEZ,ANTIGUA GUATEMALA,INSTITUTO TECNOLOGICO EMPRESARIAL,CALLE CHIPILAPA NO. 11,78326854,ZOILA ESTHELA JONFE OROZCO,JUAN JOSÉ CASTILLO REGUAN,DIVERSIFICADO,PRIVADO,URBANA,ABIERTA,MONOLINGUE,MATUTINA,DIARIO(REGULAR),SACATEPÉQUEZ
03-01-0129-46,03-002,SACATEPEQUEZ,ANTIGUA GUATEMALA,INSTITUTO TECNOLOGICO EMPRESARIAL,CALLE CHIPILAPA NO. 11,78326854,ZOILA ESTHELA JONFE OROZCO,LILIA ELIZABETH MORALES VELÁSQUEZ,DIVERSIFICADO,PRIVADO,URBANA,ABIERTA,MONOLINGUE,DOBLE,FIN DE SEMANA,SACATEPÉQUEZ
03-01-0133-46,03-002,SACATEPEQUEZ,ANTIGUA GUATEMALA,INSTITUTO TECNOLOGICO EMPRESARIAL,CALLE CHIPILAPA NO. 11,78326854,ZOILA ESTHELA JONFE OROZCO,JUAN JOSÉ CASTILLO REGUAN,DIVERSIFICADO,PRIVADO,URBANA,ABIERTA,MONOLINGUE,DOBLE,DIARIO(REGULAR),SACATEPÉQUEZ
03-01-0139-46,03-002,SACATEPEQUEZ,ANTIGUA GUATEMALA,LICEO SUPERIOR INTERNACIONAL JUAN PABLO II (LESI),CALLE ANCHA DE LOS HERREROS NO. 16,78324149,ZOILA ESTHELA JONFE OROZCO,JUAN ALBERTO MONROY GAYTAN,DIVERSIFICADO,PRIVADO,URBANA,ABIERTA,MONOLINGUE,MATUTINA,DIARIO(REGULAR),SACATEPÉQUEZ
03-01-0141-46,03-009,SACATEPEQUEZ,ANTIGUA GUATEMALA,"INSTITUTO MIXTO DE EDUCACION DIVERSIFICADA POR COOPERATIVA, JORNADA NOCTURNA",ALDEA SAN PEDRO LAS HUERTAS,54749861,AURA MARINA LORENZO SAGCHE,RICARDO PEREIRA SOLORZANO,DIVERSIFICADO,COOPERATIVA,RURAL,ABIERTA,MONOLINGUE,NOCTURNA,DIARIO(REGULAR),SACATEPÉQUEZ
03-01-0147-46,03-002,SACATEPEQUEZ,ANTIGUA GUATEMALA,COLEGIO TRIDENTINO,COLONIA SAN FRANCISCO NO.7,78322944,ZOILA ESTHELA JONFE OROZCO,LESLIE JANETH DE LEÓN JUÁREZ,DIVERSIFICADO,PRIVADO,URBANA,ABIERTA,MONOLINGUE,MATUTINA,DIARIO(REGULAR),SACATEPÉQUEZ
03-01-0148-46,03-002,SACATEPEQUEZ,ANTIGUA GUATEMALA,COLEGIO AMERICANO SUPERIOR,CALLE LOS NAZARENOS NO. 28,79372450,ZOILA ESTHELA JONFE OROZCO,JAIRO SAUL REYES BARRIOS,DIVERSIFICADO,PRIVADO,URBANA,ABIERTA,MONOLINGUE,MATUTINA,DIARIO(REGULAR),SACATEPÉQUEZ
03-01-0153-46,03-002,SACATEPEQUEZ,ANTIGUA GUATEMALA,CENTRO EDUCACIONAL VALLE COLONIAL,CALLE ANCHA DE LOS HERREROS NO. 59 INTERIOR,78329444,ZOILA ESTHELA JONFE OROZCO,EDGAR ADOLFO VALLE ALVAREZ,DIVERSIFICADO,PRIVADO,URBANA,ABIERTA,MONOLINGUE,DOBLE,FIN DE SEMANA,SACATEPÉQUEZ
03-01-0154-46,03-002,SACATEPEQUEZ,ANTIGUA GUATEMALA,CENTRO EDUCACIONAL VALLE COLONIAL,CALLE ANCHA DE LOS HERREROS NO. 59 INTERIOR,78321483,ZOILA ESTHELA JONFE OROZCO,EDGAR ADOLFO VALLE ALVAREZ,DIVERSIFICADO,PRIVADO,URBANA,ABIERTA,MONOLINGUE,VESPERTINA,DIARIO(REGULAR),SACATEPÉQUEZ
03-01-0155-46,03-002,SACATEPEQUEZ,ANTIGUA GUATEMALA,CENTRO EDUCACIONAL VALLE COLONIAL,CALLE ANCHA DE LOS HERREROS NO. 59 INTERIOR,78321483,ZOILA ESTHELA JONFE OROZCO,EDGAR ADOLFO VALLE ALVAREZ,DIVERSIFICADO,PRIVADO,URBANA,ABIERTA,MONOLINGUE,MATUTINA,DIARIO(REGULAR),SACATEPÉQUEZ
03-01-0156-46,03-002,SACATEPEQUEZ,ANTIGUA GUATEMALA,INSTITUTO INDIGENA NUESTRA SEÑORA DEL SOCORRO,PLAZUELA DE BELEN,78320322,ZOILA ESTHELA JONFE OROZCO,MARÍA DEL CARMEN GÓMEZ,DIVERSIFICADO,PRIVADO,URBANA,ABIERTA,MONOLINGUE,DOBLE,DIARIO(REGULAR),SACATEPÉQUEZ
03-01-0172-46,03-002,SACATEPEQUEZ,ANTIGUA GUATEMALA,COLEGIO MIXTO INTEGRAL SANTIAGO,LOTIFICACION EL COROZAL NO. 6-7 ALDEA SANTA ANA,78325208,ZOILA ESTHELA JONFE OROZCO,JOSÉ ANTONIO CARRASCOZA OCHAETA,DIVERSIFICADO,PRIVADO,RURAL,ABIERTA,MONOLINGUE,MATUTINA,DIARIO(REGULAR),SACATEPÉQUEZ
03-01-0178-46,03-002,SACATEPEQUEZ,ANTIGUA GUATEMALA,LICEO SUPERIOR INTERNACIONAL JUAN PABLO II (LESI),CALLE ANCHA DE LOS HERREROS NO. 16,78324149,ZOILA ESTHELA JONFE OROZCO,JUAN ALBERTO MONROY GAYTAN,DIVERSIFICADO,PRIVADO,URBANA,ABIERTA,MONOLINGUE,VESPERTINA,DIARIO(REGULAR),SACATEPÉQUEZ
03-01-0179-46,03-002,SACATEPEQUEZ,ANTIGUA GUATEMALA,COLEGIO MIXTO SAN FELIPE,CALLE AL PORTAL NO. 01 BARRIO SAN ANTONIO,43665653,ZOILA ESTHELA JONFE OROZCO,HECTOR GEOVANI VELASQUEZ HERNÁNDEZ,DIVERSIFICADO,PRIVADO,URBANA,ABIERTA,MONOLINGUE,DOBLE,FIN DE SEMANA,SACATEPÉQUEZ
03-01-0182-46,03-002,SACATEPEQUEZ,ANTIGUA GUATEMALA,LICEO POLITECNICO PEDAGOGICO ANTIGUEÑO,BARRIO SAN LUQUITAS NO. 29,79370154,ZOILA ESTHELA JONFE OROZCO,CLAUDIA MIRELLA LOPEZ HURTARTE,DIVERSIFICADO,PRIVADO,URBANA,ABIERTA,MONOLINGUE,VESPERTINA,DIARIO(REGULAR),SACATEPÉQUEZ
03-01-0187-46,03-002,SACATEPEQUEZ,ANTIGUA GUATEMALA,LICEO ROSALES,KM. 46.3 CARRETERA A CIUDAD VIEJA,77569111,ZOILA ESTHELA JONFE OROZCO,MONICA JUDITH DE LEON CHAVEZ,DIVERSIFICADO,PRIVADO,URBANA,ABIERTA,MONOLINGUE,MATUTINA,DIARIO(REGULAR),SACATEPÉQUEZ
03-01-0189-46,03-002,SACATEPEQUEZ,ANTIGUA GUATEMALA,COLEGIO INNOVACION EDUCATIVA,CALLE DE LA AZOTEA NO. 23,78325547,ZOILA ESTHELA JONFE OROZCO,IRMA JANNETTE CUÉLLAR NÁJERA,DIVERSIFICADO,PRIVADO,URBANA,ABIERTA,MONOLINGUE,MATUTINA,DIARIO(REGULAR),SACATEPÉQUEZ
03-01-0192-46,03-002,SACATEPEQUEZ,ANTIGUA GUATEMALA,LICEO POLITECNICO PEDAGOGICO ANTIGÜEÑO,BARRIO SAN LUQUITAS NO. 29,77954936,ZOILA ESTHELA JONFE OROZCO,CLAUDIA MIRELLA LOPEZ HURTARTE,DIVERSIFICADO,PRIVADO,URBANA,ABIERTA,MONOLINGUE,DOBLE,FIN DE SEMANA,SACATEPÉQUEZ
03-01-0194-46,03-016,SACATEPEQUEZ,ANTIGUA GUATEMALA,-CEEX- ESCUELA DE CAFICULTURA ANTIGUA COFEE,HACIENDA FINCA CARMONA ALDEA SAN JUAN DEL OBISPO,42176394,OSCAR OSWALDO SON CAMEZ,MARVIN EDUARDO GONZÁLEZ CARCUZ,DIVERSIFICADO,PRIVADO,RURAL,ABIERTA,MONOLINGUE,DOBLE,FIN DE SEMANA,SACATEPÉQUEZ
03-01-0199-46,03-002,SACATEPEQUEZ,ANTIGUA GUATEMALA,COLEGIO DR. JUAN JOSE AREVALO BERMEJO,BARRIO SAN LUQUITAS NO. 29,78429152,ZOILA ESTHELA JONFE OROZCO,HILTON SOEL PÉREZ ESCOBAR,DIVERSIFICADO,PRIVADO,URBANA,ABIERTA,MONOLINGUE,VESPERTINA,DIARIO(REGULAR),SACATEPÉQUEZ
03-01-0203-46,03-002,SACATEPEQUEZ,ANTIGUA GUATEMALA,COLEGIO ANTIGUA VERDE,CALLE DEL PORTAL LOTE 11,78323445,ZOILA ESTHELA JONFE OROZCO,CLAUDIA MARÍA LÓPEZ LARIOS,DIVERSIFICADO,PRIVADO,URBANA,ABIERTA,MONOLINGUE,MATUTINA,DIARIO(REGULAR),SACATEPÉQUEZ
03-01-0210-46,03-002,SACATEPEQUEZ,ANTIGUA GUATEMALA,COLEGIO ANTIGUA,"CALLE DEL HERMANO PEDRO FINAL PRIMAVERA ENTRADA DE SANTA ANA NO. 29, ALDEA SANTA ANA",78326275,ZOILA ESTHELA JONFE OROZCO,JOSÉ SALOMÓN RODRÍGUEZ ROGEL,DIVERSIFICADO,PRIVADO,RURAL,ABIERTA,MONOLINGUE,MATUTINA,DIARIO(REGULAR),SACATEPÉQUEZ
03-01-0219-46,03-016,SACATEPEQUEZ,ANTIGUA GUATEMALA,"PROGRAMA NACIONAL DE EDUCACION ALTERNATIVA, PRONEA",6TA. AVENIDA NORTE NO. 80,79311313,OSCAR OSWALDO SON CAMEZ,IVONE ELIZABETH NAVAS BARRIOS,DIVERSIFICADO,OFICIAL,RURAL,ABIERTA,MONOLINGUE,DOBLE,A DISTANCIA,SACATEPÉQUEZ
03-01-0220-46,03-002,SACATEPEQUEZ,ANTIGUA GUATEMALA,INSTITUTO MUNICIPAL DE EDUCACION BASICA,"1A. AVENIDA 3ER. CANTON FINAL, ALDEA SAN PEDRO LAS HUERTAS",78739308,ZOILA ESTHELA JONFE OROZCO,LIDIA SALEM OJER TOLEDO,DIVERSIFICADO,MUNICIPAL,RURAL,ABIERTA,MONOLINGUE,MATUTINA,DIARIO(REGULAR),SACATEPÉQUEZ
03-01-0233-46,03-016,SACATEPEQUEZ,ANTIGUA GUATEMALA,CENTRO DE EDUCACION EXTRAESCOLAR -CEEX- DEPARTAMENTAL,6A. AVENIDA NORTE NO. 80,30648947,OSCAR OSWALDO SON CAMEZ,ANA ISABEL SANCHEZ CATAVI,DIVERSIFICADO,OFICIAL,RURAL,ABIERTA,MONOLINGUE,DOBLE,SEMIPRESENCIAL,SACATEPÉQUEZ
03-01-0245-46,03-002,SACATEPEQUEZ,ANTIGUA GUATEMALA,COLEGIO SISTEMA EDUCATIVO LATINOAMERICANO SEL,CALLE ANCHA DE LOS HERREROS NO. 56 CASA VICTORIA,43148686,ZOILA ESTHELA JONFE OROZCO,SAMUEL EDUARDO SANTOS BARREONDO,DIVERSIFICADO,PRIVADO,URBANA,ABIERTA,MONOLINGUE,SIN JORNADA,SEMIPRESENCIAL (FIN DE SEMANA),SACATEPÉQUEZ
03-01-0246-46,03-002,SACATEPEQUEZ,ANTIGUA GUATEMALA,INSTITUTO TECNOLOGICO EMPRESARIAL,CALLE CHIPILAPA NO.11,78326854,ZOILA ESTHELA JONFE OROZCO,LILIA ELIZABETH MORALES VELÁSQUEZ,DIVERSIFICADO,PRIVADO,URBANA,ABIERTA,MONOLINGUE,SIN JORNADA,SEMIPRESENCIAL (FIN DE SEMANA),SACATEPÉQUEZ
03-01-0251-46,03-002,SACATEPEQUEZ,ANTIGUA GUATEMALA,LICEO POLITECNICO PEDAGOGICO ANTIGUEÑO,BARRIO SAN LUQUITAS NO. 29,55641214,ZOILA ESTHELA JONFE OROZCO,CLAUDIA MIRELLA LOPEZ HURTARTE,DIVERSIFICADO,PRIVADO,URBANA,ABIERTA,MONOLINGUE,SIN JORNADA,SEMIPRESENCIAL (FIN DE SEMANA),SACATEPÉQUEZ
03-01-0253-46,03-002,SACATEPEQUEZ,ANTIGUA GUATEMALA,COLEGIO DR. JUAN JOSE AREVALO BERMEJO,BARRIO SAN LUQUITAS NO. 29 03/01/2023,78429153,ZOILA ESTHELA JONFE OROZCO,HILTON SOEL PÉREZ ESCOBAR,DIVERSIFICADO,PRIVADO,URBANA,ABIERTA,MONOLINGUE,SIN JORNADA,SEMIPRESENCIAL (FIN DE SEMANA),SACATEPÉQUEZ
03-01-0257-46,03-002,SACATEPEQUEZ,ANTIGUA GUATEMALA,INSTITUTO DE COMPUTACION INFORMATICA,KILOMETRO 1.5 CARRETERA A CIUDAD VIEJA,41374514,ZOILA ESTHELA JONFE OROZCO,UBER ORLANDO MARROQUÍN JUÁREZ,DIVERSIFICADO,PRIVADO,URBANA,ABIERTA,MONOLINGUE,SIN JORNADA,SEMIPRESENCIAL (FIN DE SEMANA),SACATEPÉQUEZ
03-01-0259-46,03-002,SACATEPEQUEZ,ANTIGUA GUATEMALA,INSTITUTO PARTICULAR MIXTO CIENCIA Y DESARROLLO,"9A. CALLE ORIENTE NO. 13 ""A""",58566256,ZOILA ESTHELA JONFE OROZCO,DINA CARRILLO PAREDES,DIVERSIFICADO,PRIVADO,URBANA,ABIERTA,MONOLINGUE,SIN JORNADA,SEMIPRESENCIAL (FIN DE SEMANA),SACATEPÉQUEZ
03-01-0267-46,03-002,SACATEPEQUEZ,ANTIGUA GUATEMALA,COLEGIO MIXTO SAN FELIPE,CALLE AL PORTAL NO. 01 BARRIO SAN ANTONIO,59047593,ZOILA ESTHELA JONFE OROZCO,HECTOR GEOVANI VELASQUEZ HERNÁNDEZ,DIVERSIFICADO,PRIVADO,URBANA,ABIERTA,MONOLINGUE,SIN JORNADA,SEMIPRESENCIAL (FIN DE SEMANA),SACATEPÉQUEZ
03-01-0268-46,03-002,SACATEPEQUEZ,ANTIGUA GUATEMALA,TECNOLÓGICO MODERNO CENTRO EDUCACIONAL,9A. CALLE NO. 13 A,78328255,ZOILA ESTHELA JONFE OROZCO,ENIO PAUL ALVAREZ MORALES,DIVERSIFICADO,PRIVADO,URBANA,ABIERTA,MONOLINGUE,SIN JORNADA,SEMIPRESENCIAL (FIN DE SEMANA),SACATEPÉQUEZ
03-01-0272-46,03-001,SACATEPEQUEZ,ANTIGUA GUATEMALA,ESCUELA NACIONAL DE CIENCIAS COMERCIALES SECCION NOCTURNA,5A. CALLE ORIENTE NO. 17,78328708,JUAN DEMETRIO SICAJOL PEREZ,JULIO ABDIEL HERNÁNDEZ GARCÍA,DIVERSIFICADO,OFICIAL,URBANA,ABIERTA,MONOLINGUE,NOCTURNA,DIARIO(REGULAR),SACATEPÉQUEZ
03-01-0280-46,03-002,SACATEPEQUEZ,ANTIGUA GUATEMALA,ANTIGUA GREEN SCHOOL,CALLE DEL PORTAL LOTE 11,78323445,ZOILA ESTHELA JONFE OROZCO,CLAUDIA MARÍA LÓPEZ LARIOS,DIVERSIFICADO,PRIVADO,URBANA,ABIERTA,MONOLINGUE,MATUTINA,DIARIO(REGULAR),SACATEPÉQUEZ
03-01-0287-46,03-002,SACATEPEQUEZ,ANTIGUA GUATEMALA,TECNOLOGICO MODERNO CENTRO EDUCACIONAL,"9A. CALLE ORIENTE NO. 13 ""A""",78328255,ZOILA ESTHELA JONFE OROZCO,ENIO PAUL ALVAREZ MORALES,DIVERSIFICADO,PRIVADO,URBANA,ABIERTA,MONOLINGUE,MATUTINA,DIARIO(REGULAR),SACATEPÉQUEZ
03-01-0305-46,03-002,SACATEPEQUEZ,ANTIGUA GUATEMALA,COLEGIO MIXTO SANTIAGO DE LOS CABALLEROS,"LOTIFICACION SAN PEDRO PANORAMA, LOTES 67,68 Y 69",41478868,ZOILA ESTHELA JONFE OROZCO,LUIS FELIPE CONTRERAS QUINTANILLA,DIVERSIFICADO,PRIVADO,URBANA,ABIERTA,MONOLINGUE,MATUTINA,DIARIO(REGULAR),SACATEPÉQUEZ
03-01-0811-46,03-002,SACATEPEQUEZ,ANTIGUA GUATEMALA,COLEGIO TRIDENTINO,COLONIA SAN FRANCISCO NO. 7,78322944,ZOILA ESTHELA JONFE OROZCO,LESLIE JANETH DE LEÓN JUÁREZ,DIVERSIFICADO,PRIVADO,URBANA,ABIERTA,MONOLINGUE,VESPERTINA,DIARIO(REGULAR),SACATEPÉQUEZ
03-01-0860-46,03-002,SACATEPEQUEZ,ANTIGUA GUATEMALA,COLEGIO MIXTO INTEGRAL SANTIAGO,LOTIFICACION EL COROZAL NO. 6-7 ALDEA SANTA ANA,78325188,ZOILA ESTHELA JONFE OROZCO,JOSÉ ANTONIO CARRASCOZA OCHAETA,DIVERSIFICADO,PRIVADO,RURAL,ABIERTA,MONOLINGUE,DOBLE,DIARIO(REGULAR),SACATEPÉQUEZ
03-01-0880-46,03-002,SACATEPEQUEZ,ANTIGUA GUATEMALA,'TECNOLOGICO MODERNO' CENTRO EDUCACIONAL,9A. CALLE ORIENTE N-13 A,78328255,ZOILA ESTHELA JONFE OROZCO,ENIO PAUL ALVAREZ MORALES,DIVERSIFICADO,PRIVADO,URBANA,ABIERTA,MONOLINGUE,MATUTINA,DIARIO(REGULAR),SACATEPÉQUEZ
03-01-0887-46,03-002,SACATEPEQUEZ,ANTIGUA GUATEMALA,CENTRO EDUCATIVO DEL DISEÑO Y LA ALTA COSTURA,9A. CALLE A ORIENTE NO. 19,78720050,ZOILA ESTHELA JONFE OROZCO,CLAUDIA ISOLINA RUANO MUÑOZ,DIVERSIFICADO,PRIVADO,URBANA,ABIERTA,MONOLINGUE,DOBLE,DIARIO(REGULAR),SACATEPÉQUEZ
03-01-0947-46,03-002,SACATEPEQUEZ,ANTIGUA GUATEMALA,COLEGIO ANTIGUA,COLONIA SAN FRANCISCO NO. 10,78326275,ZOILA ESTHELA JONFE OROZCO,JOSÉ SALOMÓN RODRÍGUEZ ROGEL,DIVERSIFICADO,PRIVADO,RURAL,ABIERTA,MONOLINGUE,MATUTINA,DIARIO(REGULAR),SACATEPÉQUEZ
03-01-1046-46,03-002,SACATEPEQUEZ,ANTIGUA GUATEMALA,CENTRO EDUCATIVO EL VALLE,LOTIFICACION SANTIAGO DE LOS CABALLEROS N.6,78321184,ZOILA ESTHELA JONFE OROZCO,MARÍA FELISA OVALLE AGUIRRE,DIVERSIFICADO,PRIVADO,URBANA,ABIERTA,MONOLINGUE,MATUTINA,DIARIO(REGULAR),SACATEPÉQUEZ
03-01-1047-46,03-002,SACATEPEQUEZ,ANTIGUA GUATEMALA,COLEGIO MIXTO CONSTANCIO C. VIGIL,2A. AV. SUR NO. 3,78320154,ZOILA ESTHELA JONFE OROZCO,MARÍA ELENA ANZUETO BARDALES,DIVERSIFICADO,PRIVADO,URBANA,ABIERTA,MONOLINGUE,VESPERTINA,DIARIO(REGULAR),SACATEPÉQUEZ
03-01-1056-46,03-002,SACATEPEQUEZ,ANTIGUA GUATEMALA,INSTITUTO DE FORMACION SECRETARIAL,CALLE DEL ESPIRITU SANTO NO. 4.,78591906,ZOILA ESTHELA JONFE OROZCO,ESTUARDO GARCIA CARRERA,DIVERSIFICADO,PRIVADO,URBANA,ABIERTA,MONOLINGUE,MATUTINA,DIARIO(REGULAR),SACATEPÉQUEZ
03-01-1127-46,03-002,SACATEPEQUEZ,ANTIGUA GUATEMALA,COLEGIO MIXTO PREUNIVERSITARIO GALILEO GALILEI,CALLE ANCHA NO.86,78320255,ZOILA ESTHELA JONFE OROZCO,MARÍA EUGENIA MORALES ZAMORA,DIVERSIFICADO,PRIVADO,URBANA,ABIERTA,MONOLINGUE,DOBLE,DIARIO(REGULAR),SACATEPÉQUEZ
03-01-1189-46,03-002,SACATEPEQUEZ,ANTIGUA GUATEMALA,INSTITUTO TECNICO VOCACIONAL DE SACATEPEQUEZ,KM. 1.5 CARRETERA A CIUDAD VIEJA CASA NO. 3,79346250,ZOILA ESTHELA JONFE OROZCO,ROSA EUGENIA CASTRO GONZALEZ,DIVERSIFICADO,PRIVADO,URBANA,ABIERTA,MONOLINGUE,DOBLE,DIARIO(REGULAR),SACATEPÉQUEZ
03-01-1231-46,03-001,SACATEPEQUEZ,ANTIGUA GUATEMALA,ESCUELA NORMAL DE EDUCACION FISICA,SALIDA A SANTA MARIA DE JESUS KILOMETRO 2,47251130,JUAN DEMETRIO SICAJOL PEREZ,NIXA YANETH VELÁSQUEZ BARRIOS,DIVERSIFICADO,OFICIAL,URBANA,ABIERTA,MONOLINGUE,DOBLE,DIARIO(REGULAR),SACATEPÉQUEZ
03-01-1293-46,03-002,SACATEPEQUEZ,ANTIGUA GUATEMALA,INSTITUTO DE COMPUTACION INFORMATICA,KILOMETRO 1.5 CARRETERA A CIUDAD VIEJA,41374514,ZOILA ESTHELA JONFE OROZCO,UBER ORLANDO MARROQUÍN JUÁREZ,DIVERSIFICADO,PRIVADO,URBANA,ABIERTA,MONOLINGUE,DOBLE,FIN DE SEMANA,SACATEPÉQUEZ
03-01-1340-46,03-002,SACATEPEQUEZ,ANTIGUA GUATEMALA,COLEGIO SISTEMA EDUCATIVO LATINOAMERICANO SEL,CALLE ANCHA DE LOS HERREROS NO. 99,43148686,ZOILA ESTHELA JONFE OROZCO,SAMUEL EDUARDO SANTOS BARREONDO,DIVERSIFICADO,PRIVADO,URBANA,ABIERTA,MONOLINGUE,MATUTINA,DIARIO(REGULAR),SACATEPÉQUEZ
03-01-1341-46,03-002,SACATEPEQUEZ,ANTIGUA GUATEMALA,COLEGIO SISTEMA EDUCATIVO LATINOAMERICANO SEL,CALLE ANCHA DE LOS HERREROS NO. 99,52660000,ZOILA ESTHELA JONFE OROZCO,SAMUEL EDUARDO SANTOS BARREONDO,DIVERSIFICADO,PRIVADO,URBANA,ABIERTA,MONOLINGUE,VESPERTINA,DIARIO(REGULAR),SACATEPÉQUEZ
03-01-1344-46,03-002,SACATEPEQUEZ,ANTIGUA GUATEMALA,COLEGIO SISTEMA EDUCATIVO LATINOAMERICANO SEL,CALLE ANCHA DE LOS HERREROS CALLEJON EL COPANTE NO. 133,52660000-78323083,ZOILA ESTHELA JONFE OROZCO,SAMUEL EDUARDO SANTOS BARREONDO,DIVERSIFICADO,PRIVADO,URBANA,ABIERTA,MONOLINGUE,DOBLE,FIN DE SEMANA,SACATEPÉQUEZ
03-01-1387-46,03-002,SACATEPEQUEZ,ANTIGUA GUATEMALA,LICEO ANTIGUEÑO,3A. CALLE ORIENTE NO.11,76005100,ZOILA ESTHELA JONFE OROZCO,JOSUÉ NATHÁN SOLÓRZANO BERDÚO,DIVERSIFICADO,PRIVADO,URBANA,ABIERTA,MONOLINGUE,VESPERTINA,DIARIO(REGULAR),SACATEPÉQUEZ
03-01-1394-46,03-002,SACATEPEQUEZ,ANTIGUA GUATEMALA,COLEGIO MIXTO INTEGRAL SANTIAGO,LOTIFICACION EL COROZAL NO.6-7 ALDEA SANTA ANA,78325188,ZOILA ESTHELA JONFE OROZCO,JOSÉ ANTONIO CARRASCOZA OCHAETA,DIVERSIFICADO,PRIVADO,RURAL,ABIERTA,MONOLINGUE,VESPERTINA,DIARIO(REGULAR),SACATEPÉQUEZ
03-01-1398-46,03-002,SACATEPEQUEZ,ANTIGUA GUATEMALA,TECNOLOGICO MODERNO CENTRO EDUCACIONAL,9A. CALLE ORIENTE NO. 13 A,78328255,ZOILA ESTHELA JONFE OROZCO,ENIO PAUL ALVAREZ MORALES,DIVERSIFICADO,PRIVADO,URBANA,ABIERTA,MONOLINGUE,VESPERTINA,DIARIO(REGULAR),SACATEPÉQUEZ
03-01-1425-46,03-002,SACATEPEQUEZ,ANTIGUA GUATEMALA,INSTITUTO PARTICULAR MIXTO CIENCIA Y DESARROLLO,"9A. CALLE ORIENTE NO. 13 ""A""",58566256,ZOILA ESTHELA JONFE OROZCO,DINA CARRILLO PAREDES,DIVERSIFICADO,PRIVADO,URBANA,ABIERTA,MONOLINGUE,DOBLE,FIN DE SEMANA,SACATEPÉQUEZ
03-02-0023-46,03-003,SACATEPEQUEZ,JOCOTENANGO,COLEGIO MIXTO LICEO CLASICO KENNEDY ANEXO AL COLEGIO MIXTO LICEO LATINO,LOTIFICACION LOLITA NO. 5 ZONA 4,78310881,JUVENTINO PEREZ SICAN,GENARO RODRÍGUEZ PEREIRA,DIVERSIFICADO,PRIVADO,URBANA,ABIERTA,MONOLINGUE,DOBLE,FIN DE SEMANA,SACATEPÉQUEZ
03-02-0029-46,03-003,SACATEPEQUEZ,JOCOTENANGO,COLEGIO ADVENTISTA ORION,CALLE EL CEMENTERIO NO. 28,79659726,JUVENTINO PEREZ SICAN,JENIFFER MARÍA HERNÁNDEZ JUAN,DIVERSIFICADO,PRIVADO,URBANA,ABIERTA,MONOLINGUE,VESPERTINA,DIARIO(REGULAR),SACATEPÉQUEZ
03-02-0051-46,03-003,SACATEPEQUEZ,JOCOTENANGO,COLEGIO NUESTRA SEÑORA DE LAS VICTORIAS,10A. CALLE CASA NO. 1 LOS LLANOS,77550315,JUVENTINO PEREZ SICAN,ANA NOHEMI GUTIERREZ ISMATUL,DIVERSIFICADO,PRIVADO,URBANA,ABIERTA,MONOLINGUE,VESPERTINA,DIARIO(REGULAR),SACATEPÉQUEZ
03-02-0053-46,03-003,SACATEPEQUEZ,JOCOTENANGO,CENTRO DE INTEGRACION DE TECNICAS EDUCATIVAS CITE,9A. CALLE 2-66 COLONIA LOS LLANOS ZONA 7,23399760,JUVENTINO PEREZ SICAN,KARLA VANESA HERNÁNDEZ VILLATORO,DIVERSIFICADO,PRIVADO,URBANA,ABIERTA,MONOLINGUE,SIN JORNADA,A DISTANCIA,SACATEPÉQUEZ
03-02-0057-46,03-003,SACATEPEQUEZ,JOCOTENANGO,LICEO CIENCIA Y DESARROLLO,COLONIA LOS ANGELES 08 03/01/2023,56957031,JUVENTINO PEREZ SICAN,MARTIN SATZ TOL,DIVERSIFICADO,PRIVADO,URBANA,ABIERTA,MONOLINGUE,MATUTINA,DIARIO(REGULAR),SACATEPÉQUEZ
03-02-0058-46,03-003,SACATEPEQUEZ,JOCOTENANGO,CENTRO SOCIOEDUCATIVO LIC. MAGNO RUDY ROMERO AREVALO,COLONIA EL NANCE NO. 28,59189719,JUVENTINO PEREZ SICAN,MARVIN ESTUARDO ROSALES GARCIA,DIVERSIFICADO,PRIVADO,URBANA,ABIERTA,MONOLINGUE,MATUTINA,DIARIO(REGULAR),SACATEPÉQUEZ
03-02-0059-46,03-003,SACATEPEQUEZ,JOCOTENANGO,INSTITUTO TECNICO EMANUEL,"COLONIA LAS PERPETUAS ROSAS, CALLE PRINCIPAL NO. 9",49561586,JUVENTINO PEREZ SICAN,LUZ MARÍA SEGURA SAENZ,DIVERSIFICADO,PRIVADO,URBANA,ABIERTA,MONOLINGUE,SIN JORNADA,SEMIPRESENCIAL (FIN DE SEMANA),SACATEPÉQUEZ
03-02-0060-46,03-003,SACATEPEQUEZ,JOCOTENANGO,INSTITUTO TECNICO EMANUEL,"COLONIA LAS PERPETUAS ROSAS, CALLE PRINCIPAL NO. 9",49561586,JUVENTINO PEREZ SICAN,LUZ MARÍA SEGURA SAENZ,DIVERSIFICADO,PRIVADO,URBANA,ABIERTA,MONOLINGUE,DOBLE,FIN DE SEMANA,SACATEPÉQUEZ
03-02-0061-46,03-003,SACATEPEQUEZ,JOCOTENANGO,LICEO CIENCIA Y DESARROLLO,3A. CALLE COLONIA LOS ANGELES NO.8,40636312,JUVENTINO PEREZ SICAN,MARTIN SATZ TOL,DIVERSIFICADO,PRIVADO,URBANA,ABIERTA,MONOLINGUE,SIN JORNADA,SEMIPRESENCIAL (FIN DE SEMANA),SACATEPÉQUEZ
03-02-0065-46,03-003,SACATEPEQUEZ,JOCOTENANGO,COLEGIO IMB-PC-NO. 7,"LOTE 83, CALLE REAL DE JOCOTENANGO, ZONA 1",78626671,JUVENTINO PEREZ SICAN,RUDY ALBERTO GÁLVEZ VALLEJO,DIVERSIFICADO,PRIVADO,URBANA,ABIERTA,MONOLINGUE,MATUTINA,DIARIO(REGULAR),SACATEPÉQUEZ
03-02-0066-46,03-003,SACATEPEQUEZ,JOCOTENANGO,INSTITUTO TECNICO EMANUEL,"COLONIA LAS PERPETUAS ROSAS, CALLE PRINCIPAL NO. 9",37357791,JUVENTINO PEREZ SICAN,LUZ MARIA SEGURA SAENZ,DIVERSIFICADO,PRIVADO,URBANA,ABIERTA,MONOLINGUE,VESPERTINA,DIARIO(REGULAR),SACATEPÉQUEZ
03-02-0070-46,03-003,SACATEPEQUEZ,JOCOTENANGO,COLEGIO INTEGRAL ACTIVATE,SECTOR D-2 COLONIA LAS VICTORIAS ZONA 5,34938286,JUVENTINO PEREZ SICAN,HUBER WYLDER PÉREZ GARRIDO,DIVERSIFICADO,PRIVADO,URBANA,ABIERTA,MONOLINGUE,VESPERTINA,DIARIO(REGULAR),SACATEPÉQUEZ
03-02-0269-46,03-003,SACATEPEQUEZ,JOCOTENANGO,COLEGIO MIXTO LICEO LATINO,LOTIFICACION LOLITA NO. 5 ZONA 4,41410003,JUVENTINO PEREZ SICAN,GENARO RODRÍGUEZ PEREIRA,DIVERSIFICADO,PRIVADO,URBANA,ABIERTA,MONOLINGUE,VESPERTINA,DIARIO(REGULAR),SACATEPÉQUEZ
03-02-1004-46,03-003,SACATEPEQUEZ,JOCOTENANGO,INSTITUTO TECNICO DIVERSIFICADO PARA SECRETARIADO Y OFICINISTA CON ORIENT. JURIDICA Y BACH. EN TURISMO Y HOTELERIA,1A. AVENIDA Y 1A. CALLE ZONA 3,78311405,JUVENTINO PEREZ SICAN,JULIA DEL ROSARIO LIMA OCHOA,DIVERSIFICADO,OFICIAL,URBANA,ABIERTA,MONOLINGUE,VESPERTINA,DIARIO(REGULAR),SACATEPÉQUEZ
03-02-1103-46,03-003,SACATEPEQUEZ,JOCOTENANGO,COLEGIO MIXTO LICEO LATINO,LOTIFICACION LOLITA NO. 5 ZONA 4,41410003,JUVENTINO PEREZ SICAN,GENARO RODRÍGUEZ PEREIRA,DIVERSIFICADO,PRIVADO,URBANA,ABIERTA,MONOLINGUE,MATUTINA,DIARIO(REGULAR),SACATEPÉQUEZ
03-02-1399-46,03-003,SACATEPEQUEZ,JOCOTENANGO,COLEGIO MIXTO LICEO LATINO,LOTIFICACION LOLITA NO. 5 ZONA 4,41410003,JUVENTINO PEREZ SICAN,GENARO RODRÍGUEZ PEREIRA,DIVERSIFICADO,PRIVADO,URBANA,ABIERTA,MONOLINGUE,VESPERTINA,DIARIO(REGULAR),SACATEPÉQUEZ
03-03-0005-46,03-003,SACATEPEQUEZ,PASTORES,INSTITUTO NACIONAL DE EDUCACION DIVERSIFICADA DE PASTORES,CALLE REAL,52672187,JUVENTINO PEREZ SICAN,FAUSTO RAFAEL HERNÁNDEZ FLORES,DIVERSIFICADO,OFICIAL,URBANA,ABIERTA,MONOLINGUE,VESPERTINA,DIARIO(REGULAR),SACATEPÉQUEZ
03-03-0019-46,03-003,SACATEPEQUEZ,PASTORES,COLEGIO LA ESPERANZA,1A. CALLE 3-42 ZONA 2,78739244,JUVENTINO PEREZ SICAN,HILARIO VALLE AVILA,DIVERSIFICADO,PRIVADO,URBANA,ABIERTA,MONOLINGUE,VESPERTINA,DIARIO(REGULAR),SACATEPÉQUEZ
03-03-0022-46,03-003,SACATEPEQUEZ,PASTORES,COLEGIO LA ESPERANZA,1A. CALLE 3-42 ZONA 2,78739244,JUVENTINO PEREZ SICAN,HILARIO VALLE AVILA,DIVERSIFICADO,PRIVADO,URBANA,ABIERTA,MONOLINGUE,DOBLE,FIN DE SEMANA,SACATEPÉQUEZ
03-03-0032-46,03-003,SACATEPEQUEZ,PASTORES,COLEGIO CRISTIANO AVIVANDO EL FUEGO,"LOS PLANES DE PASTORES, COLONIA EL TIZATE ZONA 0",32152264,JUVENTINO PEREZ SICAN,CINTHYA GABRIELA CASTELLANOS ALMENGOR,DIVERSIFICADO,PRIVADO,RURAL,ABIERTA,MONOLINGUE,MATUTINA,DIARIO(REGULAR),SACATEPÉQUEZ
03-03-0039-46,03-003,SACATEPEQUEZ,PASTORES,COLEGIO MIXTO MONTESSORI,CALLE REAL NO. 1-43 ZONA 5,77910009,JUVENTINO PEREZ SICAN,BRADYS ANTONIO BARAHONA ANDRADE,DIVERSIFICADO,PRIVADO,URBANA,ABIERTA,MONOLINGUE,VESPERTINA,DIARIO(REGULAR),SACATEPÉQUEZ
03-03-0043-46,03-003,SACATEPEQUEZ,PASTORES,COLEGIO LA ESPERANZA,1A. CALLE 3-42 ZONA 2,78739244,JUVENTINO PEREZ SICAN,HILARIO VALLE AVILA,DIVERSIFICADO,PRIVADO,URBANA,ABIERTA,MONOLINGUE,SIN JORNADA,SEMIPRESENCIAL (FIN DE SEMANA),SACATEPÉQUEZ
03-03-0045-46,03-003,SACATEPEQUEZ,PASTORES,COLEGIO MIXTO MONTESSORI,CANTON LA VEGA 3A. CALLE 1-10 ZONA 7,55465806,JUVENTINO PEREZ SICAN,BRADYS ANTONIO BARAHONA ANDRADE,DIVERSIFICADO,PRIVADO,URBANA,ABIERTA,MONOLINGUE,SIN JORNADA,SEMIPRESENCIAL (FIN DE SEMANA),SACATEPÉQUEZ
03-03-1028-46,03-003,SACATEPEQUEZ,PASTORES,INSTITUTO DIVERSIFICADO POR COOPERATIVA,CABECERA MUNICIPAL,78887018,JUVENTINO PEREZ SICAN,HUGO LEONEL VALLE Y VALLE,DIVERSIFICADO,COOPERATIVA,URBANA,ABIERTA,MONOLINGUE,NOCTURNA,DIARIO(REGULAR),SACATEPÉQUEZ
03-04-0005-46,03-004,SACATEPEQUEZ,SUMPANGO,CENTRO EDUCATIVO TERRA MAYA EMANUEL TEM,0 CALLE 9-33 ZONA 3,78331506,MIRIAM VERONICA GIL QUISQUINAY,GLADYS ELIZABETH BURRIÓN BURRIÓN,DIVERSIFICADO,PRIVADO,URBANA,ABIERTA,MONOLINGUE,DOBLE,FIN DE SEMANA,SACATEPÉQUEZ
03-04-0019-46,03-004,SACATEPEQUEZ,SUMPANGO,INSTITUTO NACIONAL DE EDUCACION DIVERSIFICADA SERGIO LEONEL CELIS NAVAS,AVENIDA DEL NIÑO ZONA 4,78331687,MIRIAM VERONICA GIL QUISQUINAY,MERIDA ANDREA JURACÁN SOLIS,DIVERSIFICADO,OFICIAL,URBANA,ABIERTA,MONOLINGUE,VESPERTINA,DIARIO(REGULAR),SACATEPÉQUEZ
03-04-0031-46,03-004,SACATEPEQUEZ,SUMPANGO,CENTRO EDUCATIVO TECNOLOGICO DESARROLLO INTEGRAL CETEDI,2A. CALLE 6-12 ZONA 3,53248515,MIRIAM VERONICA GIL QUISQUINAY,MARIA ORTENCIA ASTURIAS CHIQUITÓ,DIVERSIFICADO,PRIVADO,URBANA,ABIERTA,MONOLINGUE,DOBLE,FIN DE SEMANA,SACATEPÉQUEZ
03-04-0041-46,03-004,SACATEPEQUEZ,SUMPANGO,CENTRO EDUCATIVO LICEO LA SAGRADA FAMILIA,"5A. CALLE ""A"" 5-16, ZONA 4",50779848,MIRIAM VERONICA GIL QUISQUINAY,ROSA ESTELA GALLINA GARCIA,DIVERSIFICADO,PRIVADO,URBANA,ABIERTA,MONOLINGUE,MATUTINA,DIARIO(REGULAR),SACATEPÉQUEZ
03-04-0048-46,03-004,SACATEPEQUEZ,SUMPANGO,"CENTRO EDUCATIVO SHALOM ""PAZ CONTIGO""","KM. 40.00 CARRETERA INTERAMERICANA LOTE NO. 1 SECTOR ""CHIPONQUIN""",41698268,MIRIAM VERONICA GIL QUISQUINAY,WELMER DAVID AZURDIA AGUILAR,DIVERSIFICADO,PRIVADO,URBANA,ABIERTA,MONOLINGUE,MATUTINA,DIARIO(REGULAR),SACATEPÉQUEZ
03-04-0058-46,03-004,SACATEPEQUEZ,SUMPANGO,COLEGIO METODISTA LA SENDA,KM. 41.5 CARRETERA INTERAMERICANA,54652669,MIRIAM VERONICA GIL QUISQUINAY,BRYAN JOEL LOPEZ CASTRO,DIVERSIFICADO,PRIVADO,RURAL,ABIERTA,MONOLINGUE,MATUTINA,DIARIO(REGULAR),SACATEPÉQUEZ
03-04-0060-46,03-004,SACATEPEQUEZ,SUMPANGO,CENTRO EDUCATIVO TERRA MAYA EMANUEL TEM,0 CALLE 9-33 ZONA 3,78331506,MIRIAM VERONICA GIL QUISQUINAY,GLADYS ELIZABETH BURRIÓN BURRIÓN,DIVERSIFICADO,PRIVADO,URBANA,ABIERTA,MONOLINGUE,DOBLE,FIN DE SEMANA,SACATEPÉQUEZ
03-04-0072-46,03-004,SACATEPEQUEZ,SUMPANGO,"CENTRO EDUCATIVO ""JUDA""",KM. 0.190 CAMINO A ALDEA EL REJON ZONA 5,51466129,MIRIAM VERONICA GIL QUISQUINAY,BRENDA JOHANA IBOY SICAJOL,DIVERSIFICADO,PRIVADO,URBANA,ABIERTA,MONOLINGUE,MATUTINA,DIARIO(REGULAR),SACATEPÉQUEZ
03-04-0079-46,03-004,SACATEPEQUEZ,SUMPANGO,CENTRO EDUCATIVO TERRA MAYA EMANUEL TEM,0 CALLE 9-33 ZONA 3,78331506,MIRIAM VERONICA GIL QUISQUINAY,GLADYS ELIZABETH BURRIÓN BURRIÓN,DIVERSIFICADO,PRIVADO,URBANA,ABIERTA,MONOLINGUE,MATUTINA,DIARIO(REGULAR),SACATEPÉQUEZ
03-04-0082-46,03-004,SACATEPEQUEZ,SUMPANGO,CENTRO EDUCATIVO TERRA MAYA EMANUEL TEM,0 CALLE 9-33 ZONA 3,78331506,MIRIAM VERONICA GIL QUISQUINAY,GLADYS ELIZABETH BURRIÓN BURRIÓN,DIVERSIFICADO,PRIVADO,URBANA,ABIERTA,MONOLINGUE,SIN JORNADA,SEMIPRESENCIAL (FIN DE SEMANA),SACATEPÉQUEZ
03-04-0085-46,03-004,SACATEPEQUEZ,SUMPANGO,CENTRO EDUCATIVO TECNOLOGICO DESARROLLO INTEGRAL CETEDI,2A. CALLE 2-32 ZONA 5,53248515,MIRIAM VERONICA GIL QUISQUINAY,GLORIA ANTONIETA ASTURIAS CHIQUITÓ,DIVERSIFICADO,PRIVADO,URBANA,ABIERTA,MONOLINGUE,SIN JORNADA,SEMIPRESENCIAL (FIN DE SEMANA),SACATEPÉQUEZ
03-04-0087-46,03-004,SACATEPEQUEZ,SUMPANGO,"INSTITUTO NACIONAL DE EDUCACION BASICA Y DIVERSIFICADA ""SERGIO LEONEL CELIS NAVAS""",AVENIDA DEL NIÑO ZONA 4,51623524,MIRIAM VERONICA GIL QUISQUINAY,ANGELA YASELÍN CHIQUITÓ XOQUIC,DIVERSIFICADO,OFICIAL,URBANA,ABIERTA,MONOLINGUE,SIN JORNADA,SEMIPRESENCIAL (FIN DE SEMANA),SACATEPÉQUEZ
03-04-0089-46,03-016,SACATEPEQUEZ,SUMPANGO,CENTRO DE EDUCACION EXTRA ESCOLAR -CEEX,1RA. CALLE 0-22 ZONA 3,79576060,OSCAR OSWALDO SON CAMEZ,PAMELA ALEJANDRA HERNANDEZ MONTERROSO,DIVERSIFICADO,OFICIAL,URBANA,ABIERTA,MONOLINGUE,DOBLE,FIN DE SEMANA,SACATEPÉQUEZ
03-04-0094-46,03-004,SACATEPEQUEZ,SUMPANGO,COLEGIO CRISTIANO CAMINO DE VIDA,1A. CALLE 1-23 ZONA 1,49440136,MIRIAM VERONICA GIL QUISQUINAY,BRYAN JOEL LOPEZ CASTRO,DIVERSIFICADO,PRIVADO,URBANA,ABIERTA,MONOLINGUE,MATUTINA,DIARIO(REGULAR),SACATEPÉQUEZ
03-04-1322-46,03-004,SACATEPEQUEZ,SUMPANGO,COLEGIO DE COMPUTACION MIXTO GUATEMALTECO,6A. AVENIDA 3-05 ZONA 4,78331902,MIRIAM VERONICA GIL QUISQUINAY,CARMEN CECILIA MENDOZA GARCÍA,DIVERSIFICADO,PRIVADO,URBANA,ABIERTA,MONOLINGUE,MATUTINA,DIARIO(REGULAR),SACATEPÉQUEZ
03-05-0016-46,03-010,SACATEPEQUEZ,SANTO DOMINGO XENACOJ,INSTITUTO MIXTO DE EDUCACION DIVERSIFICADA POR COOPERATIVA,"1A. AVENIDA FINAL ZONA 2, LOS HORIZONTES",78823113,OSCAR HUMBERTO SUBUYUJ GIL,GABRIEL BACAJOL AQUINO,DIVERSIFICADO,COOPERATIVA,URBANA,ABIERTA,MONOLINGUE,VESPERTINA,DIARIO(REGULAR),SACATEPÉQUEZ
03-05-0023-46,03-010,SACATEPEQUEZ,SANTO DOMINGO XENACOJ,COLEGIO LICEO CLASICO MIXTO EN COMPUTACION GUATEMALTECO,0 CALLE 3-45 ZONA 1,56187803,OSCAR HUMBERTO SUBUYUJ GIL,ANNIE LADY ESPAÑA TUY,DIVERSIFICADO,PRIVADO,URBANA,ABIERTA,MONOLINGUE,DOBLE,FIN DE SEMANA,SACATEPÉQUEZ
03-05-0028-46,03-010,SACATEPEQUEZ,SANTO DOMINGO XENACOJ,COLEGIO BILINGUE SANTO DOMINGO,"2A. CALLE 5-61, COLONIA EL CARMEN, ZONA 2",54608791,OSCAR HUMBERTO SUBUYUJ GIL,IRMA ANABELLA CASTELLANOS GONZÁLEZ,DIVERSIFICADO,PRIVADO,URBANA,ABIERTA,MONOLINGUE,MATUTINA,DIARIO(REGULAR),SACATEPÉQUEZ
03-05-0030-46,03-010,SACATEPEQUEZ,SANTO DOMINGO XENACOJ,INSTITUTO MIXTO MUNICIPAL NAWAL,"CHICACOTOJ, COLONIA EL ESFUERZO",42180755,OSCAR HUMBERTO SUBUYUJ GIL,BRAULIO LORENZO QUINILLA CASTRO,DIVERSIFICADO,PRIVADO,RURAL,ABIERTA,MONOLINGUE,SIN JORNADA,SEMIPRESENCIAL (FIN DE SEMANA),SACATEPÉQUEZ
03-05-0032-46,03-010,SACATEPEQUEZ,SANTO DOMINGO XENACOJ,COLEGIO LICEO CLASICO MIXTO EN COMPUTACION GUATEMALTECO,0 CALLE 3-45 ZONA 1,54420245,OSCAR HUMBERTO SUBUYUJ GIL,ANNIE LADY ESPAÑA TUY,DIVERSIFICADO,PRIVADO,URBANA,ABIERTA,MONOLINGUE,SIN JORNADA,SEMIPRESENCIAL (FIN DE SEMANA),SACATEPÉQUEZ
03-06-0008-46,03-005,SACATEPEQUEZ,SANTIAGO SACATEPEQUEZ,INSTITUTO NACIONAL DE EDUCACION DIVERSIFICADA,"3RA. AVENIDA Y 4TA. CALLE, ZONA 4",44841645,ROSALBINA SISIMIT PEREN DE SOCOP,EDGAR EMILIO REYES QUEXEL,DIVERSIFICADO,OFICIAL,URBANA,ABIERTA,MONOLINGUE,MATUTINA,DIARIO(REGULAR),SACATEPÉQUEZ
03-06-0010-46,03-005,SACATEPEQUEZ,SANTIAGO SACATEPEQUEZ,COLEGIO CENTRO DE APRENDIZAJE INTELECTO INTELLEGO,LOTE NO. 333 JARDINES DE SANTIAGO,79641800,ROSALBINA SISIMIT PEREN DE SOCOP,MICHELLE LUCRECIA VALDÉS TOCK,DIVERSIFICADO,PRIVADO,URBANA,ABIERTA,MONOLINGUE,MATUTINA,DIARIO(REGULAR),SACATEPÉQUEZ
03-06-0039-46,03-005,SACATEPEQUEZ,SANTIAGO SACATEPEQUEZ,LICEO EL CARMEN,2A. CALLE 2-21 ZONA 2,78312577,ROSALBINA SISIMIT PEREN DE SOCOP,GISLENA VARINIA VILLATORO VARGAS,DIVERSIFICADO,PRIVADO,URBANA,ABIERTA,MONOLINGUE,DOBLE,FIN DE SEMANA,SACATEPÉQUEZ
03-06-0042-46,03-005,SACATEPEQUEZ,SANTIAGO SACATEPEQUEZ,INSTITUTO TECNOLOGICO EBENEZER,2A. CALLE 5-111 ZONA 1,50695027,ROSALBINA SISIMIT PEREN DE SOCOP,ANA RAQUEL LÓPEZ CORADO,DIVERSIFICADO,PRIVADO,URBANA,ABIERTA,MONOLINGUE,DOBLE,FIN DE SEMANA,SACATEPÉQUEZ
03-06-0048-46,03-005,SACATEPEQUEZ,SANTIAGO SACATEPEQUEZ,INSTITUTO TECNOLOGICO EBENEZER,2DA. CALLE 5-111 ZONA 1,50695027,ROSALBINA SISIMIT PEREN DE SOCOP,ANA RAQUEL LÓPEZ CORADO,DIVERSIFICADO,PRIVADO,URBANA,ABIERTA,MONOLINGUE,VESPERTINA,DIARIO(REGULAR),SACATEPÉQUEZ
03-06-0056-46,03-005,SACATEPEQUEZ,SANTIAGO SACATEPEQUEZ,INSTITUTO MIXTO LOMA LINDA,6A. CALLE 1-33 ZONA 2,42910030,ROSALBINA SISIMIT PEREN DE SOCOP,ARLIN GARY ARRIVILLAGA BARRIOS,DIVERSIFICADO,PRIVADO,URBANA,ABIERTA,MONOLINGUE,SIN JORNADA,SEMIPRESENCIAL (DOS DÍAS A LA SEMANA),SACATEPÉQUEZ
03-06-0059-46,03-005,SACATEPEQUEZ,SANTIAGO SACATEPEQUEZ,INSTITUTO TECNOLOGICO EBENEZER,2A. CALLE 5-111 ZONA 1,50695027,ROSALBINA SISIMIT PEREN DE SOCOP,ANA RAQUEL LÓPEZ CORADO,DIVERSIFICADO,PRIVADO,URBANA,ABIERTA,MONOLINGUE,SIN JORNADA,SEMIPRESENCIAL (FIN DE SEMANA),SACATEPÉQUEZ
03-06-0061-46,03-005,SACATEPEQUEZ,SANTIAGO SACATEPEQUEZ,LICEO EL CARMEN,2A. CALLE 2-21 ZONA 2,78312500,ROSALBINA SISIMIT PEREN DE SOCOP,GISLENA VARINIA VILLATORO VARGAS,DIVERSIFICADO,PRIVADO,URBANA,ABIERTA,MONOLINGUE,SIN JORNADA,SEMIPRESENCIAL (FIN DE SEMANA),SACATEPÉQUEZ
03-06-1375-46,03-005,SACATEPEQUEZ,SANTIAGO SACATEPEQUEZ,INSTITUTO MIXTO LOMA LINDA,SANTIAGO SACATEPEQUEZ,42910030,ROSALBINA SISIMIT PEREN DE SOCOP,ARLIN GARY ARRIVILLAGA BARRIOS,DIVERSIFICADO,PRIVADO,URBANA,ABIERTA,MONOLINGUE,DOBLE,FIN DE SEMANA,SACATEPÉQUEZ
03-07-0022-46,03-010,SACATEPEQUEZ,SAN BARTOLOME MILPAS ALTAS,COLEGIO CRISTIANO MIXTO ALELUYA,KILOMETRO 32 CARRETERA INTERAMERICANA,78312329,OSCAR HUMBERTO SUBUYUJ GIL,FLOR LOURDES CHICOL SIPAC,DIVERSIFICADO,PRIVADO,URBANA,ABIERTA,MONOLINGUE,MATUTINA,DIARIO(REGULAR),SACATEPÉQUEZ
03-07-0027-46,03-010,SACATEPEQUEZ,SAN BARTOLOME MILPAS ALTAS,CENTRO EDUCATIVO MUNICIPAL SAN BARTOLOME MILPAS ALTAS,FINCA EL CERRO 2DA. AVENIDA 5-82 ZONA 1,50695027,OSCAR HUMBERTO SUBUYUJ GIL,ANA RAQUEL LÓPEZ CORADO,DIVERSIFICADO,MUNICIPAL,URBANA,ABIERTA,MONOLINGUE,NOCTURNA,DIARIO(REGULAR),SACATEPÉQUEZ
03-07-0032-46,03-010,SACATEPEQUEZ,SAN BARTOLOME MILPAS ALTAS,CENTRO EDUCATIVO MUNICIPAL SAN BARTOLOME MILPAS ALTAS,"FINCA EL CERRO, 2A. AVENIDA FINAL ZONA 1",50937239,OSCAR HUMBERTO SUBUYUJ GIL,ANA RAQUEL LÓPEZ CORADO,DIVERSIFICADO,MUNICIPAL,URBANA,ABIERTA,MONOLINGUE,NOCTURNA,DIARIO(REGULAR),SACATEPÉQUEZ
03-07-1217-46,03-010,SACATEPEQUEZ,SAN BARTOLOME MILPAS ALTAS,INSTITUTO DIVERSIFICADO POR COOPERATIVA DE ENSEÑANZA,2A. AVENIDA FINAL ZONA 1,78303845,OSCAR HUMBERTO SUBUYUJ GIL,JOSÉ JOAQUIN AXPUAC VELÁSQUEZ,DIVERSIFICADO,COOPERATIVA,URBANA,ABIERTA,MONOLINGUE,VESPERTINA,DIARIO(REGULAR),SACATEPÉQUEZ
03-08-0001-46,03-005,SACATEPEQUEZ,SAN LUCAS SACATEPEQUEZ,COLEGIO BILINGUE SAN LUCAS,LOTE 10 JARDINES DE SAN LUCAS II,78304516,ROSALBINA SISIMIT PEREN DE SOCOP,JACKELINNE ARACELY HERNÁNDEZ HERNÁNDEZ,DIVERSIFICADO,PRIVADO,URBANA,ABIERTA,MONOLINGUE,DOBLE,DIARIO(REGULAR),SACATEPÉQUEZ
03-08-0017-46,03-005,SACATEPEQUEZ,SAN LUCAS SACATEPEQUEZ,COLEGIO VALLE AMERICANO,LOTE 11 GRANJA LAS AMERICAS JARDINES DE SAN LUCAS 4,78301515,ROSALBINA SISIMIT PEREN DE SOCOP,BRENDA LORENA CABRERA SARAVIA,DIVERSIFICADO,PRIVADO,URBANA,ABIERTA,MONOLINGUE,MATUTINA,DIARIO(REGULAR),SACATEPÉQUEZ
03-08-0019-46,03-005,SACATEPEQUEZ,SAN LUCAS SACATEPEQUEZ,COLEGIO MIXTO TEZULUTLAN,1A. AVENIDA Y 6A. CALLE 1-80 ZONA 1,43242498,ROSALBINA SISIMIT PEREN DE SOCOP,JESSICA LIZETH ALVAREZ AVILA,DIVERSIFICADO,PRIVADO,URBANA,ABIERTA,MONOLINGUE,DOBLE,DIARIO(REGULAR),SACATEPÉQUEZ
03-08-0021-46,03-005,SACATEPEQUEZ,SAN LUCAS SACATEPEQUEZ,INSTITUTO MIXTO DE EDUCACION DIVERSIFICADA POR COOPERATIVA,"1RA. CALLE 4-00 Y 4TA. AVENIDA ""A"" 1-01 CASCO URBANO ZONA 2",78308026,ROSALBINA SISIMIT PEREN DE SOCOP,ELVIA LORENA BENITO GIRÓN,DIVERSIFICADO,COOPERATIVA,URBANA,ABIERTA,MONOLINGUE,VESPERTINA,DIARIO(REGULAR),SACATEPÉQUEZ
03-08-0029-46,03-005,SACATEPEQUEZ,SAN LUCAS SACATEPEQUEZ,LICEO JOHN DEWEY,1A. AVENIDA A 4-17 QUINTAS EL PARAISO,77258854,ROSALBINA SISIMIT PEREN DE SOCOP,JOSUÉ NATANAEL CHÓ VÁSQUEZ,DIVERSIFICADO,PRIVADO,URBANA,ABIERTA,MONOLINGUE,MATUTINA,DIARIO(REGULAR),SACATEPÉQUEZ
03-08-0030-46,03-005,SACATEPEQUEZ,SAN LUCAS SACATEPEQUEZ,LICEO JOHN DEWEY,1A. AVENIDA A 4-17 QUINTAS EL PARAISO,77258854,ROSALBINA SISIMIT PEREN DE SOCOP,JOSUÉ NATANAEL CHÓ VÁSQUEZ,DIVERSIFICADO,PRIVADO,URBANA,ABIERTA,MONOLINGUE,VESPERTINA,DIARIO(REGULAR),SACATEPÉQUEZ
03-08-0032-46,03-005,SACATEPEQUEZ,SAN LUCAS SACATEPEQUEZ,LICEO JOHN DEWEY,1A. AVENIDA A 4-17 QUINTAS EL PARAISO,77258854,ROSALBINA SISIMIT PEREN DE SOCOP,JOSUÉ NATANAEL CHÓ VÁSQUEZ,DIVERSIFICADO,PRIVADO,URBANA,ABIERTA,MONOLINGUE,DOBLE,FIN DE SEMANA,SACATEPÉQUEZ
03-08-0036-46,03-005,SACATEPEQUEZ,SAN LUCAS SACATEPEQUEZ,COLEGIO BILINGÜE CAMPO VERDE,3A. AVENIDA 2-15 ALDEA CHOACORRAL ZONA 4,77218461,ROSALBINA SISIMIT PEREN DE SOCOP,CLAUDIA MARÍA CALDERÓN CACERES,DIVERSIFICADO,PRIVADO,RURAL,ABIERTA,MONOLINGUE,MATUTINA,DIARIO(REGULAR),SACATEPÉQUEZ
03-08-0038-46,03-005,SACATEPEQUEZ,SAN LUCAS SACATEPEQUEZ,CENTRO EDUCATIVO LA COLINA,6TA CALLE 1-14 Y 1-16 Y 7MA CALLE 1-11 CASCO URBANO ZONA 1,77901500,ROSALBINA SISIMIT PEREN DE SOCOP,MARILYNN YESSENIA MORALES MEDINA,DIVERSIFICADO,PRIVADO,URBANA,ABIERTA,MONOLINGUE,MATUTINA,DIARIO(REGULAR),SACATEPÉQUEZ
03-08-0044-46,03-005,SACATEPEQUEZ,SAN LUCAS SACATEPEQUEZ,TECNOLOGICO INDUSTRIAL MIXTO ANDRE AMPERE,"7A. AVENIDA 3-21, CASCO URBANO ZONA 1",79656382,ROSALBINA SISIMIT PEREN DE SOCOP,CINDY FERNANDA FLORES GARRIDO,DIVERSIFICADO,PRIVADO,URBANA,ABIERTA,MONOLINGUE,MATUTINA,DIARIO(REGULAR),SACATEPÉQUEZ
03-08-0045-46,03-005,SACATEPEQUEZ,SAN LUCAS SACATEPEQUEZ,CENTRO EDUCATIVO GETSEMANI,2A. AVENIDA 3-00 ZONA 1,78308921,ROSALBINA SISIMIT PEREN DE SOCOP,WILSON ARNOLDO HERNÁNDEZ CASTAÑEDA,DIVERSIFICADO,PRIVADO,URBANA,ABIERTA,MONOLINGUE,DOBLE,DIARIO(REGULAR),SACATEPÉQUEZ
03-08-0046-46,03-005,SACATEPEQUEZ,SAN LUCAS SACATEPEQUEZ,COLEGIO APRENDIENDO A CRECER,LOTE 50 JARDINES DE SAN LUCAS 2,78304832,ROSALBINA SISIMIT PEREN DE SOCOP,MONICA MARIBEL HERNANDEZ VIELMAN,DIVERSIFICADO,PRIVADO,URBANA,ABIERTA,MONOLINGUE,MATUTINA,DIARIO(REGULAR),SACATEPÉQUEZ
03-08-0051-46,03-005,SACATEPEQUEZ,SAN LUCAS SACATEPEQUEZ,COLEGIO MIXTO INTEGRAL,4TA. CALLE 4-06 ZONA 1,78301329,ROSALBINA SISIMIT PEREN DE SOCOP,SARA LÓPEZ EGUIZABAL,DIVERSIFICADO,PRIVADO,URBANA,ABIERTA,MONOLINGUE,MATUTINA,DIARIO(REGULAR),SACATEPÉQUEZ
03-08-0053-46,03-005,SACATEPEQUEZ,SAN LUCAS SACATEPEQUEZ,LICEO JOHN DEWEY,1A. AV. A 4-17 QUINTAS EL PARAISO,77258854,ROSALBINA SISIMIT PEREN DE SOCOP,JOSUÉ NATANAEL CHÓ VÁSQUEZ,DIVERSIFICADO,PRIVADO,URBANA,ABIERTA,MONOLINGUE,SIN JORNADA,SEMIPRESENCIAL (FIN DE SEMANA),SACATEPÉQUEZ
03-08-0054-46,03-005,SACATEPEQUEZ,SAN LUCAS SACATEPEQUEZ,COLEGIO MIXTO TEZULUTLAN,1A. AVENIDA 6A. CALLE 1-80 ZONA 1,43242498,ROSALBINA SISIMIT PEREN DE SOCOP,JESSICA LIZETH ALVAREZ AVILA,DIVERSIFICADO,PRIVADO,URBANA,ABIERTA,MONOLINGUE,VESPERTINA,DIARIO(REGULAR),SACATEPÉQUEZ
03-08-0057-46,03-005,SACATEPEQUEZ,SAN LUCAS SACATEPEQUEZ,COLEGIO MIXTO TEZULUTLAN,1A. AVENIDA 6A. CALLE 1-80 ZONA 1,43242498,ROSALBINA SISIMIT PEREN DE SOCOP,JESSICA LIZETH ALVAREZ AVILA,DIVERSIFICADO,PRIVADO,URBANA,ABIERTA,MONOLINGUE,SIN JORNADA,SEMIPRESENCIAL (FIN DE SEMANA),SACATEPÉQUEZ
03-08-0060-46,03-005,SACATEPEQUEZ,SAN LUCAS SACATEPEQUEZ,INSTITUTO SANTA MARIA DEL NUEVO EXODO,"CALLEJON LA TORRE ZONA 2, KM.2 7.5 CARRETERA INTERAMERICANA",47068818,ROSALBINA SISIMIT PEREN DE SOCOP,EDUARDO CRISTIÁN AGUIRRE OESTMANN,DIVERSIFICADO,PRIVADO,URBANA,ABIERTA,MONOLINGUE,SIN JORNADA,SEMIPRESENCIAL (FIN DE SEMANA),SACATEPÉQUEZ
03-08-0064-46,03-005,SACATEPEQUEZ,SAN LUCAS SACATEPEQUEZ,CENTRO EDUCATIVO TECNOLOGICO BLESSING,"1A. AVE. 4-00 Y 4-00 ""A"" CASCO URBANO ZONA 1",59878781,ROSALBINA SISIMIT PEREN DE SOCOP,JESSICA LIZETH ALVAREZ AVILA DE MORALES,DIVERSIFICADO,PRIVADO,URBANA,ABIERTA,MONOLINGUE,NOCTURNA,DIARIO(REGULAR),SACATEPÉQUEZ
03-08-0066-46,03-005,SACATEPEQUEZ,SAN LUCAS SACATEPEQUEZ,CENTRO EDUCATIVO TECNOLOGICO BLESSING,"1A. AVE. 4-00 Y 4-00 ""A"" CASCO URBANO ZONA 1",59878781,ROSALBINA SISIMIT PEREN DE SOCOP,JESSICA LIZETH ALVAREZ AVILA DE MORALES,DIVERSIFICADO,PRIVADO,URBANA,ABIERTA,MONOLINGUE,VESPERTINA,DIARIO(REGULAR),SACATEPÉQUEZ
03-08-0067-46,03-005,SACATEPEQUEZ,SAN LUCAS SACATEPEQUEZ,CENTRO EDUCATIVO TECNOLOGICO BLESSING,"1A. AVE. 4-00 Y 4-00 ""A"" CASCO URBANO ZONA 1",59878781,ROSALBINA SISIMIT PEREN DE SOCOP,JESSICA LIZETH ALVAREZ AVILA DE MORALES,DIVERSIFICADO,PRIVADO,URBANA,ABIERTA,MONOLINGUE,MATUTINA,DIARIO(REGULAR),SACATEPÉQUEZ
03-08-0878-46,03-005,SACATEPEQUEZ,SAN LUCAS SACATEPEQUEZ,CENTRO EDUCATIVO GETSEMANI,2A. AVENIDA 3-00 ZONA 1,78308921,ROSALBINA SISIMIT PEREN DE SOCOP,WILSON ARNOLDO HERNÁNDEZ CASTAÑEDA,DIVERSIFICADO,PRIVADO,URBANA,ABIERTA,MONOLINGUE,MATUTINA,DIARIO(REGULAR),SACATEPÉQUEZ
03-08-0923-46,03-005,SACATEPEQUEZ,SAN LUCAS SACATEPEQUEZ,INSTITUTO MIXTO POR COOPERATIVA DE ENSEÑANZA,KM.28.5 CARRETERA INTERAMERICANA SAN LUCAS,48263108,ROSALBINA SISIMIT PEREN DE SOCOP,WALTER OTTO RENÉ BARRERA BORRAYO,DIVERSIFICADO,COOPERATIVA,URBANA,ABIERTA,MONOLINGUE,NOCTURNA,DIARIO(REGULAR),SACATEPÉQUEZ
03-08-1138-46,03-005,SACATEPEQUEZ,SAN LUCAS SACATEPEQUEZ,LICEO CRISTIANO DE ESTUDIOS AVANZADOS ELIM,4TA. CALLE Y 1A. AV. A,78301212,ROSALBINA SISIMIT PEREN DE SOCOP,PABLO DAVID LICARDIÉ ARMAS,DIVERSIFICADO,PRIVADO,URBANA,ABIERTA,MONOLINGUE,MATUTINA,DIARIO(REGULAR),SACATEPÉQUEZ
03-08-1411-46,03-005,SACATEPEQUEZ,SAN LUCAS SACATEPEQUEZ,TECNOLOGICO INDUSTRIAL MIXTO ANDRE AMPERE,"7A. AVENIDA 3-21, CASCO URBANO ZONA 1",51389983,ROSALBINA SISIMIT PEREN DE SOCOP,CINDY FERNANDA FLORES GARRIDO,DIVERSIFICADO,PRIVADO,URBANA,ABIERTA,MONOLINGUE,DOBLE,DIARIO(REGULAR),SACATEPÉQUEZ
03-08-1413-46,03-005,SACATEPEQUEZ,SAN LUCAS SACATEPEQUEZ,TECNOLOGICO INDUSTRIAL MIXTO ANDRE AMPERE,"7A. AVENIDA 3-21, CASCO URBANO ZONA 1",78301646,ROSALBINA SISIMIT PEREN DE SOCOP,CINDY FERNANDA FLORES GARRIDO,DIVERSIFICADO,PRIVADO,URBANA,ABIERTA,MONOLINGUE,DOBLE,FIN DE SEMANA,SACATEPÉQUEZ
03-09-0003-46,03-006,SACATEPEQUEZ,SANTA LUCIA MILPAS ALTAS,INSTITUTO MIXTO MUNICIPAL DE EDUCACION DIVERSIFICADO,SEGUNDA AVENIDA Y TERCERA CALLE ZONA 1,54044951,JOEL CHANCHO SIRIN,YODI ESCARLEN LÓPEZ CASTELLANOS,DIVERSIFICADO,MUNICIPAL,URBANA,ABIERTA,MONOLINGUE,MATUTINA,DIARIO(REGULAR),SACATEPÉQUEZ
03-09-0009-46,03-006,SACATEPEQUEZ,SANTA LUCIA MILPAS ALTAS,INSTITUTO MIXTO MUNICIPAL DE EDUCACION DIVERSIFICADO,SEGUNDA AVENIDA Y TERCERA CALLE ZONA 1,54044951,JOEL CHANCHO SIRIN,YODI ESCARLEN LÓPEZ CASTELLANOS,DIVERSIFICADO,MUNICIPAL,URBANA,ABIERTA,MONOLINGUE,VESPERTINA,DIARIO(REGULAR),SACATEPÉQUEZ
03-09-0022-46,03-006,SACATEPEQUEZ,SANTA LUCIA MILPAS ALTAS,LICEO SANTA LUCIA,6A. AVENIDA 1-15 ZONA 1,59679411,JOEL CHANCHO SIRIN,JOEL ARMANDO SALAZAR GIRÓN,DIVERSIFICADO,PRIVADO,URBANA,ABIERTA,MONOLINGUE,DOBLE,FIN DE SEMANA,SACATEPÉQUEZ
03-09-0029-46,03-006,SACATEPEQUEZ,SANTA LUCIA MILPAS ALTAS,CENTRO EDUCATIVO CRISTIANO VIDA Y ESPERANZA,4A. CALLE 4-44 ZONA 1,77560427,JOEL CHANCHO SIRIN,OLGA CAROLINA ESTRADA REYES,DIVERSIFICADO,PRIVADO,URBANA,ABIERTA,MONOLINGUE,VESPERTINA,DIARIO(REGULAR),SACATEPÉQUEZ
03-09-0033-46,03-006,SACATEPEQUEZ,SANTA LUCIA MILPAS ALTAS,"COLEGIO MIXTO ""HERMANO PEDRO""","3RA. CALLE, CALLEJON ""M"" 3-28, ALDEA SANTO TOMAS MILPAS ALTAS",51043556,JOEL CHANCHO SIRIN,JOSE ARGELIO HERNANDEZ CHANTA,DIVERSIFICADO,PRIVADO,RURAL,ABIERTA,MONOLINGUE,DOBLE,FIN DE SEMANA,SACATEPÉQUEZ
03-09-0036-46,03-006,SACATEPEQUEZ,SANTA LUCIA MILPAS ALTAS,"COLEGIO MIXTO ""HERMANO PEDRO""","3RA. CALLE CALLEJON ""M"" 3-28, ALDEA SANTO TOMAS MILPAS ALTAS",51043556,JOEL CHANCHO SIRIN,JOSE ARGELIO HERNANDEZ CHANTA,DIVERSIFICADO,PRIVADO,RURAL,ABIERTA,MONOLINGUE,VESPERTINA,DIARIO(REGULAR),SACATEPÉQUEZ
03-09-0042-46,03-006,SACATEPEQUEZ,SANTA LUCIA MILPAS ALTAS,COLEGIO CRISTIANO SABER Y GRACIA,"3RA. CALLE, CALLEJON I 3-09 ZONA 2 ALDEA SANTO TOMAS MILPAS ALTAS",77272423,JOEL CHANCHO SIRIN,RUDI ARNOLDO PINEDA LÓPEZ,DIVERSIFICADO,PRIVADO,RURAL,ABIERTA,MONOLINGUE,DOBLE,DIARIO(REGULAR),SACATEPÉQUEZ
03-09-0048-46,03-006,SACATEPEQUEZ,SANTA LUCIA MILPAS ALTAS,IDEAS INSTITUTO,"4A. AVENIDA 1-14 ZONA 2, ALDEA LA LIBERTAD",77253265,JOEL CHANCHO SIRIN,OSCAR ESTUARDO BAUTISTA SOTO,DIVERSIFICADO,PRIVADO,RURAL,ABIERTA,MONOLINGUE,DOBLE,FIN DE SEMANA,SACATEPÉQUEZ
03-09-0052-46,03-006,SACATEPEQUEZ,SANTA LUCIA MILPAS ALTAS,COLEGIO MIXTO SANTO TOMAS APOSTOL,"2A. CALLE 0-26-B, ALDEA SANTO TOMAS MILPAS ALTAS",41830674,JOEL CHANCHO SIRIN,ENY AMARILIS HERNÁNDEZ LÓPEZ,DIVERSIFICADO,PRIVADO,RURAL,ABIERTA,MONOLINGUE,VESPERTINA,DIARIO(REGULAR),SACATEPÉQUEZ
03-09-0056-46,03-006,SACATEPEQUEZ,SANTA LUCIA MILPAS ALTAS,CENTRO EDUCATIVO BILINGUE FASE,"KILOMETRO 31.5 LOTE 23 ZONA 0, ALDEA LA LIBERTAD",77560966,JOEL CHANCHO SIRIN,STEPHANIE LUCY VALDEZ GONZÁLEZ,DIVERSIFICADO,PRIVADO,RURAL,ABIERTA,MONOLINGUE,MATUTINA,VIRTUAL A DISTANCIA,SACATEPÉQUEZ
03-09-0057-46,03-006,SACATEPEQUEZ,SANTA LUCIA MILPAS ALTAS,CENTRO EDUCATIVO BILINGUE FASE,"KILOMETRO 31.5 LOTE 23 ZONA 0, ALDEA LA LIBERTAD",77560966,JOEL CHANCHO SIRIN,STEPHANIE LUCY VALDEZ GONZÁLEZ,DIVERSIFICADO,PRIVADO,RURAL,ABIERTA,MONOLINGUE,MATUTINA,VIRTUAL A DISTANCIA,SACATEPÉQUEZ
03-09-0059-46,03-006,SACATEPEQUEZ,SANTA LUCIA MILPAS ALTAS,INSTITUTO MIXTO MUNICIPAL DE EDUCACION DIVERSIFICADO,2A. AVENIDA Y TERCERA CALLE ZONA 1,54044951,JOEL CHANCHO SIRIN,YODI ESCARLEN LÓPEZ CASTELLANOS,DIVERSIFICADO,PRIVADO,URBANA,ABIERTA,MONOLINGUE,SIN JORNADA,SEMIPRESENCIAL (FIN DE SEMANA),SACATEPÉQUEZ
03-09-0061-46,03-006,SACATEPEQUEZ,SANTA LUCIA MILPAS ALTAS,LICEO SANTA LUCIA,6A. AVENIDA 1-15 ZONA 1,59679411,JOEL CHANCHO SIRIN,JOEL ARMANDO SALAZAR GIRÓN,DIVERSIFICADO,PRIVADO,URBANA,ABIERTA,MONOLINGUE,SIN JORNADA,SEMIPRESENCIAL (FIN DE SEMANA),SACATEPÉQUEZ
03-09-1224-46,03-006,SACATEPEQUEZ,SANTA LUCIA MILPAS ALTAS,LICEO SANTA LUCIA,6A. AVENIDA 1-15 ZONA 1,59679411,JOEL CHANCHO SIRIN,JOEL ARMANDO SALAZAR GIRÓN,DIVERSIFICADO,PRIVADO,URBANA,ABIERTA,MONOLINGUE,VESPERTINA,DIARIO(REGULAR),SACATEPÉQUEZ
03-09-1329-46,03-006,SACATEPEQUEZ,SANTA LUCIA MILPAS ALTAS,COLEGIO CRISTIANO SABER Y GRACIA,3A. CALLE CALLEJON I 3-09 ZONA 2 ALDEA SANTO TOMAS MILPAS ALTAS,77272423,JOEL CHANCHO SIRIN,RUDI ARNOLDO PINEDA LÓPEZ,DIVERSIFICADO,PRIVADO,RURAL,ABIERTA,MONOLINGUE,MATUTINA,DIARIO(REGULAR),SACATEPÉQUEZ
03-10-0014-46,03-006,SACATEPEQUEZ,MAGDALENA MILPAS ALTAS,CENTRO EDUCATIVO DEEPSTREAM,"MANZANA 10 LOTE #9.1, ALDEA BUENA VISTA",53296012,JOEL CHANCHO SIRIN,DENIA CANDELARIA SÁNCHEZ GARCÍA,DIVERSIFICADO,PRIVADO,RURAL,ABIERTA,MONOLINGUE,MATUTINA,DIARIO(REGULAR),SACATEPÉQUEZ
03-10-0015-46,03-016,SACATEPEQUEZ,MAGDALENA MILPAS ALTAS,LOVE GUATEMALA,1A CALLE F-25 COLONIA VISTA HERMOSA ZONA 5,59155882,OSCAR OSWALDO SON CAMEZ,SERGIO NICOLAS LOPEZ GARCIA,DIVERSIFICADO,OFICIAL,RURAL,ABIERTA,MONOLINGUE,SIN JORNADA,SEMIPRESENCIAL (FIN DE SEMANA),SACATEPÉQUEZ
03-10-0017-46,03-006,SACATEPEQUEZ,MAGDALENA MILPAS ALTAS,INSTITUTO MUNICIPAL MIXTO DE EDUCACIÓN,"4A.CALLE ""A"", B-06 ZONA 1",43665867,JOEL CHANCHO SIRIN,ANGEL FRANCISCO RAMOS Y RAMOS,DIVERSIFICADO,MUNICIPAL,URBANA,ABIERTA,MONOLINGUE,SIN JORNADA,SEMIPRESENCIAL (FIN DE SEMANA),SACATEPÉQUEZ
03-11-0007-46,03-009,SACATEPEQUEZ,SANTA MARIA DE JESUS,INSTITUTO NACIONAL DE EDUCACION DIVERSIFICADA,PRIMER CANTON PLAZUELA,59308220,AURA MARINA LORENZO SAGCHE,LIGIA PATRICIA FLORES JUÁREZ,DIVERSIFICADO,OFICIAL,URBANA,ABIERTA,MONOLINGUE,NOCTURNA,DIARIO(REGULAR),SACATEPÉQUEZ
03-11-0029-46,03-009,SACATEPEQUEZ,SANTA MARIA DE JESUS,CENTRO EDUCATIVO DE NIÑAS PROXIMOS PASOS,TERCER CANTON 3-822,59910987,AURA MARINA LORENZO SAGCHE,MARIO RODOLFO MENDEZ VICENTE,DIVERSIFICADO,PRIVADO,URBANA,ABIERTA,MONOLINGUE,VESPERTINA,DIARIO(REGULAR),SACATEPÉQUEZ
03-11-0030-46,03-009,SACATEPEQUEZ,SANTA MARIA DE JESUS,COLEGIO TRAVESIA DE CONOCIMIENTOS,PRIMER CANTON 1-232,50690877,AURA MARINA LORENZO SAGCHE,LUIS MIGUEL SIMÓN MARROQUÍN,DIVERSIFICADO,PRIVADO,URBANA,ABIERTA,BILINGUE,VESPERTINA,DIARIO(REGULAR),SACATEPÉQUEZ
03-11-0031-46,03-009,SACATEPEQUEZ,SANTA MARIA DE JESUS,COLEGIO TRAVESIA DE CONOCIMIENTOS,PRIMER CANTON 1-232,50690877,AURA MARINA LORENZO SAGCHE,LUIS MIGUEL SIMÓN MARROQUÍN,DIVERSIFICADO,PRIVADO,URBANA,ABIERTA,BILINGUE,DOBLE,FIN DE SEMANA,SACATEPÉQUEZ
03-12-0022-46,03-007,SACATEPEQUEZ,CIUDAD VIEJA,LICEO DE COMPUTACION CIENCIA Y TECNOLOGIA,2A. CALLE 1-27 ZONA 2,57778349,MARLIS BERZABE REYES REYES,MIGUEL ALVARO RODRIGUEZ PORTILLO,DIVERSIFICADO,PRIVADO,URBANA,ABIERTA,MONOLINGUE,DOBLE,FIN DE SEMANA,SACATEPÉQUEZ
03-12-0037-46,03-007,SACATEPEQUEZ,CIUDAD VIEJA,LICEO TERESA DE AVILA,2A. AVENIDA 2-55 ZONA 3,50715990,MARLIS BERZABE REYES REYES,EDGAR RODERICO VÁSQUEZ BATRES,DIVERSIFICADO,PRIVADO,URBANA,ABIERTA,MONOLINGUE,DOBLE,FIN DE SEMANA,SACATEPÉQUEZ
03-12-0041-46,03-007,SACATEPEQUEZ,CIUDAD VIEJA,COLEGIO VALLE DE ALMOLONGA,3ERA. AVENIDA 1-74 ZONA 4,78340436,MARLIS BERZABE REYES REYES,JUANA CONSUELO SÁNCHEZ QUIÑONEZ,DIVERSIFICADO,PRIVADO,URBANA,ABIERTA,MONOLINGUE,MATUTINA,DIARIO(REGULAR),SACATEPÉQUEZ
03-12-0043-46,03-007,SACATEPEQUEZ,CIUDAD VIEJA,LICEO DE COMPUTACION CIENCIA Y TECNOLOGIA,2A. CALLE 1-27 ZONA 2,57778349,MARLIS BERZABE REYES REYES,MIGUEL ALVARO RODRIGUEZ PORTILLO,DIVERSIFICADO,PRIVADO,URBANA,ABIERTA,MONOLINGUE,MATUTINA,DIARIO(REGULAR),SACATEPÉQUEZ
03-12-0044-46,03-007,SACATEPEQUEZ,CIUDAD VIEJA,LICEO MIXTO INTEGRAL,3A. CALLE 1-22 ZONA 3,78340664,MARLIS BERZABE REYES REYES,NILDA MARIANA GONZÁLEZ PÉREZ,DIVERSIFICADO,PRIVADO,URBANA,ABIERTA,MONOLINGUE,VESPERTINA,DIARIO(REGULAR),SACATEPÉQUEZ
03-12-0051-46,03-007,SACATEPEQUEZ,CIUDAD VIEJA,"CENTRO EDUCATIVO MIXTO ""LICEO DEL VALLE""",6TA. CALLE 4-90 ZONA 1,53940871,MARLIS BERZABE REYES REYES,MAYRA VERONICA SANTIZO MÉNDEZ,DIVERSIFICADO,PRIVADO,URBANA,ABIERTA,MONOLINGUE,DOBLE,FIN DE SEMANA,SACATEPÉQUEZ
03-12-0054-46,03-007,SACATEPEQUEZ,CIUDAD VIEJA,COLEGIO ANTIGUA INTERNATIONAL SCHOOL,KILOMETRO 74.8 RUTA NACIONAL 14,77409403,MARLIS BERZABE REYES REYES,ORLANDO RUBEN SICAJOL TOLEDO,DIVERSIFICADO,PRIVADO,URBANA,ABIERTA,MONOLINGUE,MATUTINA,DIARIO(REGULAR),SACATEPÉQUEZ
03-12-0058-46,03-007,SACATEPEQUEZ,CIUDAD VIEJA,"CENTRO EDUCATIVO MIXTO ""LICEO DEL VALLE""",6TA. CALLE 4-90 ZONA 1,52650238,MARLIS BERZABE REYES REYES,MAYRA VERONICA SANTIZO MÉNDEZ,DIVERSIFICADO,PRIVADO,URBANA,ABIERTA,MONOLINGUE,VESPERTINA,DIARIO(REGULAR),SACATEPÉQUEZ
03-12-0061-46,03-007,SACATEPEQUEZ,CIUDAD VIEJA,LICEO MIXTO INTEGRAL,3A. CALLE 1-22 ZONA 3,78315283,MARLIS BERZABE REYES REYES,NILDA MARIANA GONZÁLEZ PÉREZ,DIVERSIFICADO,PRIVADO,URBANA,ABIERTA,MONOLINGUE,DOBLE,FIN DE SEMANA,SACATEPÉQUEZ
03-12-0073-46,03-007,SACATEPEQUEZ,CIUDAD VIEJA,INSTITUTO TECNICO EMPRESARIAL,KILOMETRO 81 RN-14,45477495,MARLIS BERZABE REYES REYES,BRENDA NOEMÍ LARIOS GARCÍA,DIVERSIFICADO,PRIVADO,URBANA,ABIERTA,MONOLINGUE,MATUTINA,DIARIO(REGULAR),SACATEPÉQUEZ
03-12-0074-46,03-007,SACATEPEQUEZ,CIUDAD VIEJA,INSTITUTO TECNICO EMPRESARIAL,KILOMETRO 81 RN-14,45477495,MARLIS BERZABE REYES REYES,BRENDA NOEMÍ LARIOS GARCÍA,DIVERSIFICADO,PRIVADO,URBANA,ABIERTA,MONOLINGUE,DOBLE,DIARIO(REGULAR),SACATEPÉQUEZ
03-12-0078-46,03-007,SACATEPEQUEZ,CIUDAD VIEJA,COLEGIO CRISTIANO KAIROS,3RA. CALLE 1-31 ZONA 1,78887757,MARLIS BERZABE REYES REYES,DANILO RENÉ GARCÍA BARRUTIA,DIVERSIFICADO,PRIVADO,URBANA,ABIERTA,MONOLINGUE,VESPERTINA,DIARIO(REGULAR),SACATEPÉQUEZ
03-12-0081-46,03-007,SACATEPEQUEZ,CIUDAD VIEJA,COLEGIO PRIVADO MIXTO NUESTRA SEÑORA DE LOURDES,5TA. AVENIDA 1-95 ZONA 1,57473345,MARLIS BERZABE REYES REYES,MARÍA SARVELIA ROSAS ZELADA,DIVERSIFICADO,PRIVADO,URBANA,ABIERTA,MONOLINGUE,DOBLE,FIN DE SEMANA,SACATEPÉQUEZ
03-12-0092-46,03-007,SACATEPEQUEZ,CIUDAD VIEJA,LICEO MIXTO INTEGRAL,3A. CALLE1-22 ZONA 3,52905166,MARLIS BERZABE REYES REYES,NILDA MARIANA GONZÁLEZ PÉREZ,DIVERSIFICADO,PRIVADO,URBANA,ABIERTA,MONOLINGUE,SIN JORNADA,SEMIPRESENCIAL (FIN DE SEMANA),SACATEPÉQUEZ
03-12-0094-46,03-007,SACATEPEQUEZ,CIUDAD VIEJA,COLEGIO NUESTRA SEÑORA DE LOURDES,5A. AVENIDA 1-95 ZONA 1,30368577,MARLIS BERZABE REYES REYES,MARÍA SARVELIA ROSAS ZELADA,DIVERSIFICADO,PRIVADO,URBANA,ABIERTA,MONOLINGUE,SIN JORNADA,SEMIPRESENCIAL (FIN DE SEMANA),SACATEPÉQUEZ
03-12-0098-46,03-007,SACATEPEQUEZ,CIUDAD VIEJA,LICEO TERESA DE AVILA,2A. AVENIDA 2-55 ZONA 3,55154546,MARLIS BERZABE REYES REYES,EDGAR RODERICO VÁSQUEZ BATRES,DIVERSIFICADO,PRIVADO,URBANA,ABIERTA,MONOLINGUE,SIN JORNADA,SEMIPRESENCIAL (FIN DE SEMANA),SACATEPÉQUEZ
03-12-0100-46,03-007,SACATEPEQUEZ,CIUDAD VIEJA,LICEO DE COMPUTACION CIENCIA Y TECNOLOGIA,2A. CALLE 1-27 ZONA 2,33463816,MARLIS BERZABE REYES REYES,MIGUEL ALVARO RODRIGUEZ PORTILLO,DIVERSIFICADO,PRIVADO,URBANA,ABIERTA,MONOLINGUE,SIN JORNADA,SEMIPRESENCIAL (FIN DE SEMANA),SACATEPÉQUEZ
03-12-0101-46,03-007,SACATEPEQUEZ,CIUDAD VIEJA,CENTRO EDUCATIVO MIXTO LICEO DEL VALLE,6A. CALLE 4-90 ZONA 1,43521190,MARLIS BERZABE REYES REYES,MAYRA VERONICA SANTIZO MÉNDEZ,DIVERSIFICADO,PRIVADO,URBANA,ABIERTA,MONOLINGUE,SIN JORNADA,SEMIPRESENCIAL (FIN DE SEMANA),SACATEPÉQUEZ
03-12-0106-46,03-007,SACATEPEQUEZ,CIUDAD VIEJA,CENTRO DE EDUCACION DE NIVEL MEDIO NUESTRO FUTURO,4A. AVENIDA 8-11 ZONA 3,78315257,MARLIS BERZABE REYES REYES,DELIA ALEJANDRA GÁMEZ MENCOS,DIVERSIFICADO,PRIVADO,URBANA,ABIERTA,MONOLINGUE,MATUTINA,DIARIO(REGULAR),SACATEPÉQUEZ
03-12-0108-46,03-007,SACATEPEQUEZ,CIUDAD VIEJA,INSTITUTO TECNICO EMPRESARIAL,RUTA NACIONAL 14 KM 81,45477495,MARLIS BERZABE REYES REYES,MIRLA EUNICE BARRIOS BARRIOS,DIVERSIFICADO,PRIVADO,URBANA,ABIERTA,MONOLINGUE,SIN JORNADA,SEMIPRESENCIAL (FIN DE SEMANA),SACATEPÉQUEZ
03-12-0109-46,03-007,SACATEPEQUEZ,CIUDAD VIEJA,INSTITUTO TECNICO EMPRESARIAL,KILOMETRO 81 RN-14,45477495,MARLIS BERZABE REYES REYES,MIRLA EUNICE BARRIOS BARRIOS,DIVERSIFICADO,PRIVADO,URBANA,ABIERTA,MONOLINGUE,DOBLE,FIN DE SEMANA,SACATEPÉQUEZ
03-12-0110-46,03-007,SACATEPEQUEZ,CIUDAD VIEJA,INSTITUTO TECNICO EMPRESARIAL,KILOMETRO 81 RN-14,45477495,MARLIS BERZABE REYES REYES,BRENDA NOEMÍ LARIOS GARCÍA,DIVERSIFICADO,PRIVADO,URBANA,ABIERTA,MONOLINGUE,VESPERTINA,DIARIO(REGULAR),SACATEPÉQUEZ
03-12-0113-46,03-007,SACATEPEQUEZ,CIUDAD VIEJA,COLEGIO VALLE ALEGRE,4A. CALLE 3-61 ZONA 1,52051608,MARLIS BERZABE REYES REYES,GLADYS NOHEMI GÜIGÜI MORALES,DIVERSIFICADO,PRIVADO,URBANA,ABIERTA,MONOLINGUE,VESPERTINA,DIARIO(REGULAR),SACATEPÉQUEZ
03-12-0117-46,03-007,SACATEPEQUEZ,CIUDAD VIEJA,COLEGIO MIXTO SANTO TOMAS,4A. CALLE 2-55 ZONA 2,55445555,MARLIS BERZABE REYES REYES,CLAUDIA YESENIA FLORES GONZÁLEZ,DIVERSIFICADO,PRIVADO,URBANA,ABIERTA,MONOLINGUE,VESPERTINA,DIARIO(REGULAR),SACATEPÉQUEZ
03-12-0237-46,03-007,SACATEPEQUEZ,CIUDAD VIEJA,INSTITUTO DIVERSIFICADO POR COOPERATIVA ALMOLONGA I.D.C.A,4TA. CALLE 4-30 ZONA 5,78315662,MARLIS BERZABE REYES REYES,MIGUEL FRANCISCO SÁNCHEZ,DIVERSIFICADO,COOPERATIVA,URBANA,ABIERTA,MONOLINGUE,VESPERTINA,DIARIO(REGULAR),SACATEPÉQUEZ
03-12-0998-46,03-007,SACATEPEQUEZ,CIUDAD VIEJA,COLEGIO PRIVADO MIXTO NUESTRA SEÑORA DE LOURDES,5A. AVENIDA 1-95 ZONA 1,57473345,MARLIS BERZABE REYES REYES,MARÍA SARVELIA ROSAS ZELADA,DIVERSIFICADO,PRIVADO,URBANA,ABIERTA,MONOLINGUE,VESPERTINA,DIARIO(REGULAR),SACATEPÉQUEZ
03-12-1112-46,03-007,SACATEPEQUEZ,CIUDAD VIEJA,INSTITUTO TECNICO INDUSTRIAL,2A. CALLE 2-09 ZONA 3,78315009,MARLIS BERZABE REYES REYES,SAUL TREJO DUQUE,DIVERSIFICADO,PRIVADO,URBANA,ABIERTA,MONOLINGUE,DOBLE,DIARIO(REGULAR),SACATEPÉQUEZ
03-12-1188-46,03-007,SACATEPEQUEZ,CIUDAD VIEJA,COLEGIO BOSTON,CARRETERA PRINCIPAL A SAN LORENZO,38097274,MARLIS BERZABE REYES REYES,LAURA JOSEFINA PALOMO MORALES,DIVERSIFICADO,PRIVADO,RURAL,ABIERTA,MONOLINGUE,MATUTINA,DIARIO(REGULAR),SACATEPÉQUEZ
03-13-0013-46,03-008,SACATEPEQUEZ,SAN MIGUEL DUENAS,INSTITUTO MIXTO NOCTURNO MUNICIPAL,5A. AVENIDA 1-01 ZONA 2 VILLAS DE DUEÑAS,55841838,OSCAR YOVANY ZELADA CASTILLO,NANCY SULAY MOYA DEL CID,DIVERSIFICADO,MUNICIPAL,URBANA,ABIERTA,MONOLINGUE,NOCTURNA,DIARIO(REGULAR),SACATEPÉQUEZ
03-13-0022-46,03-008,SACATEPEQUEZ,SAN MIGUEL DUENAS,INSTITUTO MIXTO DE EDUCACION DIVERSIFICADA POR COOPERATIVA,1RA. CALLE 1-01 ZONA 03,78315166,OSCAR YOVANY ZELADA CASTILLO,JOSÉ FIDEL MORALES ESPAÑA,DIVERSIFICADO,COOPERATIVA,URBANA,ABIERTA,MONOLINGUE,VESPERTINA,DIARIO(REGULAR),SACATEPÉQUEZ
03-14-0006-46,03-008,SACATEPEQUEZ,ALOTENANGO,INSTITUTO NACIONAL DE EDUCACION DIVERSIFICADA,CUARTO CANTON,78306274,OSCAR YOVANY ZELADA CASTILLO,MARÍA ELIZABETH PAMAL VÁSQUEZ,DIVERSIFICADO,OFICIAL,URBANA,ABIERTA,MONOLINGUE,VESPERTINA,DIARIO(REGULAR),SACATEPÉQUEZ
03-14-0029-46,03-016,SACATEPEQUEZ,ALOTENANGO,CENTRO DE EDUCACION EXTRAESCOLAR MUNICIPAL SAN JUAN ALOTENANGO,0 CALLE C 0-74 ZONA 1. EDIFICIO EL CALVARIO,58660376,OSCAR OSWALDO SON CAMEZ,JOSÉ DAMIÁN MELGAR PERENCEN,DIVERSIFICADO,OFICIAL,URBANA,ABIERTA,MONOLINGUE,DOBLE,FIN DE SEMANA,SACATEPÉQUEZ
03-14-0033-46,03-008,SACATEPEQUEZ,ALOTENANGO,LICEO EVANGELICO INDISPENSABLE,PRIMER CANTON,51568121,OSCAR YOVANY ZELADA CASTILLO,SARA NOEMÍ SIQUINAJAY OJOT,DIVERSIFICADO,PRIVADO,URBANA,ABIERTA,MONOLINGUE,VESPERTINA,DIARIO(REGULAR),SACATEPÉQUEZ
03-15-0019-46,03-008,SACATEPEQUEZ,SAN ANTONIO AGUAS CALIENTES,INSTITUTO NACIONAL DE EDUCACION DIVERSIFICADA,6TA. CALLE FINAL 4-81 ZONA 2,48405896,OSCAR YOVANY ZELADA CASTILLO,HILDA ARACELY PEREZ GARCIA,DIVERSIFICADO,OFICIAL,URBANA,ABIERTA,MONOLINGUE,VESPERTINA,DIARIO(REGULAR),SACATEPÉQUEZ
03-15-0022-46,03-008,SACATEPEQUEZ,SAN ANTONIO AGUAS CALIENTES,INSTITUTO NACIONAL DE EDUCACION DIVERSIFICADA,"6TA. CALLE FINAL 4-81, ZONA 2",48405896,OSCAR YOVANY ZELADA CASTILLO,HILDA ARACELY PEREZ GARCIA,DIVERSIFICADO,OFICIAL,URBANA,ABIERTA,MONOLINGUE,DOBLE,DIARIO(REGULAR),SACATEPÉQUEZ
03-16-0006-46,03-007,SACATEPEQUEZ,SANTA CATARINA BARAHONA,INSTITUTO MUNICIPAL DE EDUCACIÓN BÁSICA Y BACHILLERATO EN CIENCIAS Y LETRAS POR MADUREZ,CALLE PRINCIPAL,45707357,MARLIS BERZABE REYES REYES,CATALINA LÓPEZ GÓMEZ,DIVERSIFICADO,MUNICIPAL,URBANA,ABIERTA,MONOLINGUE,DOBLE,FIN DE SEMANA,SACATEPÉQUEZ
03-16-0010-46,03-007,SACATEPEQUEZ,SANTA CATARINA BARAHONA,INSTITUTO MUNICIPAL DE EDUCACION BASICA Y BACHILLERATO POR MADUREZ,CALLE PRINCIPAL,41575081,MARLIS BERZABE REYES REYES,CATALINA LÓPEZ GÓMEZ,DIVERSIFICADO,MUNICIPAL,URBANA,ABIERTA,MONOLINGUE,SIN JORNADA,SEMIPRESENCIAL (FIN DE SEMANA),SACATEPÉQUEZ
,,,,,,,,,,,,,,,,
,,,,,,,,,,,,,,,,
208 Establecimientos encontrados,,,,,,,,,,,,,,,,
,,,,,,,,,,,,,,,,
"Ministerio de Educación, Copyright © 2,012",,Aviso Legal | Términos y Condiciones | Contacto ,,,,,,,,,,,,,,
