,[ e-Servicios ],,,,,,,,,,,,,,,
,Búsqueda de centros educativos autorizados por el Mineduc y carreras que pueden impartir.,,,,,,,,,,,,,,,
,,,,,,,,,,,,,,,,
,  ,,,,,,,,,,,,,,,
Importante:,,,,,,,,,,,,,,,,
,,,,,,,,,,,,,,,,
"Para una mejor búsqueda puede seleccionar el departamento y municipio, con base a la ubicación del centro educativo, ingresando el código del establecimiento separado por guiones o el nombre completo o parte de él.",,,,,,,,,,,,,,,,
,,,,,,,,,,,,,,,,
"Un centro educativo puede contar con uno o más códigos de acuerdo con los servicios educativos autorizados (nivel, plan o jornada).",,,,,,,,,,,,,,,,
,,,,,,,,,,,,,,,,
"Las carreras pueden visualizarse únicamente en los códigos de centros educativos que tienen autorizado el Nivel de Educación Media, Ciclo de Educación Diversificada.",,,,,,,,,,,,,,,,
,,,,,,,,,,,,,,,,
Para visualizar las carreras autorizadas a un centro educativo seleccione el Nivel Escolar: Diversificado.,,,,,,,,,,,,,,,,
,,,,,,,,,,,,,,,,
Departamento,Municipio,,,,,,,,,,,,,,,
,,,,,,,,,,,,,,,,
Nivel Escolar,,,,,,,,,,,,,,,,
Sector,,,,,,,,,,,,,,,,
Plan,Modalidad,,,,,,,,,,,,,,,
,,,,,,,,,,,,,,,,
Código (##-##-####-##),,,,,,,,,,,,,,,,
Nombre,,,,,,,,,,,,,,,,
Dirección,,,,,,,,,,,,,,,,
,,,,,,,,,,,,,,,,
,,,,,,,,,,,,,,,,
CODIGO,DISTRITO,DEPARTAMENTO,MUNICIPIO,ESTABLECIMIENTO,DIRECCION,TELEFONO,SUPERVISOR,DIRECTOR,NIVEL,SECTOR,AREA,STATUS,MODALIDAD,JORNADA,PLAN,DEPARTAMENTAL
07-01-0059-46,07-003,SOLOLA,SOLOLA,"LICEO TECNOLÓGICO BILINGÜE ""CUAUHTEMALLAN DE SOLOLA""","CASERÍO CAYALÁ, ALDEA EL TABLÓN",35923669,VÍCTOR CHUMIL CHIROY,MOISES GUARCAX CHIROY,DIVERSIFICADO,PRIVADO,URBANA,ABIERTA,MONOLINGUE,MATUTINA,DIARIO(REGULAR),SOLOLÁ
07-01-0061-46,07-003,SOLOLA,SOLOLA,"LICEO TECNOLÓGICO BILINGÜE ""CUAUHTEMALLAN DE SOLOLA""","CASERÍO CAYALÁ, ALDEA EL TABLÓN",35923669,VÍCTOR CHUMIL CHIROY,MOISES GUARCAX CHIROY,DIVERSIFICADO,PRIVADO,URBANA,ABIERTA,MONOLINGUE,DOBLE,DIARIO(REGULAR),SOLOLÁ
07-01-0096-46,07-019,SOLOLA,SOLOLA,COLEGIO MONTE SION,6A. AVENIDA 8-07 ZONA 2 BARRIO EL CALVARIO,77623832,ESTELA BEN AJCALÓN DE TUY,JOSÉ DAVID TZAY PUÁC,DIVERSIFICADO,PRIVADO,URBANA,ABIERTA,MONOLINGUE,MATUTINA,DIARIO(REGULAR),SOLOLÁ
07-01-0106-46,07-019,SOLOLA,SOLOLA,INSTITUTO NACIONAL DE EDUCACION DIVERSIFICADA,5TA. CALLE 0-37 BARRIO SAN ANTONIO,32442607,ESTELA BEN AJCALÓN DE TUY,LINCY MARÍA TIU GARCÍA,DIVERSIFICADO,OFICIAL,URBANA,ABIERTA,MONOLINGUE,VESPERTINA,DIARIO(REGULAR),SOLOLÁ
07-01-0121-46,07-004,SOLOLA,SOLOLA,CENTRO EDUCATIVO DE FORMACIÓN PROFESIONAL -CEFPRO-,"CASERÍO COXOM, ALDEA SAN JUAN ARGUETA",59356919,VÍCTOR MIGUEL MENCHÚ MENCHÚ,ELIAS MIGUEL ROSALES TAHAY,DIVERSIFICADO,PRIVADO,RURAL,ABIERTA,MONOLINGUE,DOBLE,FIN DE SEMANA,SOLOLÁ
07-01-0124-46,07-003,SOLOLA,SOLOLA,"LICEO TECNOLÓGICO BILINGÜE ""CUAUHTEMALLAN DE SOLOLÁ""","CASERÍO CAYALÁ, ALDEA EL TABLÓN",35923669,VÍCTOR CHUMIL CHIROY,MOISES GUARCAX CHIROY,DIVERSIFICADO,PRIVADO,URBANA,ABIERTA,MONOLINGUE,DOBLE,FIN DE SEMANA,SOLOLÁ
07-01-0144-46,07-019,SOLOLA,SOLOLA,"COLEGIO CIENTIFICO ""MONTESSORI""","9A. CALLE 8-81 ZONA 2, BARRIO EL CALVARIO",77623427,ESTELA BEN AJCALÓN DE TUY,YOVANY ISRAEL ROSALES CORZO,DIVERSIFICADO,PRIVADO,URBANA,ABIERTA,MONOLINGUE,VESPERTINA,DIARIO(REGULAR),SOLOLÁ
07-01-0152-46,07-003,SOLOLA,SOLOLA,"LICEO PROFESIONAL ""LAS AMERICAS""","CASERÍO CENTRAL, CANTÓN EL TABLÓN",77624703,VÍCTOR CHUMIL CHIROY,CAMILIO YAXÓN COSIGUÁ,DIVERSIFICADO,PRIVADO,RURAL,ABIERTA,MONOLINGUE,DOBLE,FIN DE SEMANA,SOLOLÁ
07-01-0158-46,07-002,SOLOLA,SOLOLA,INSTITUTO MIXTO DE EDUCACIÓN DIVERSIFICADA POR COOPERATIVA,"CASERÍO CENTRAL, ALDEA PIXABAJ",45684531,CARLOS RIGOBERTO POS TUY,SEBASTIAN TUN TUN,DIVERSIFICADO,COOPERATIVA,RURAL,ABIERTA,MONOLINGUE,VESPERTINA,DIARIO(REGULAR),SOLOLÁ
07-01-0162-46,07-004,SOLOLA,SOLOLA,INSTITUTO DE EDUCACIÓN DIVERSIFICADA POR COOPERATIVA CHAQUIJYÁ,"CASERÍO COOPERATIVA, ALDEA CHAQUIJYÁ",44554930,VÍCTOR MIGUEL MENCHÚ MENCHÚ,VÍCTOR SALOJ YAXÓN,DIVERSIFICADO,COOPERATIVA,RURAL,ABIERTA,MONOLINGUE,VESPERTINA,DIARIO(REGULAR),SOLOLÁ
07-01-0164-46,07-019,SOLOLA,SOLOLA,INSTITUTO TECNOLÓGICO DE LA UNIVERSIDAD DEL VALLE DE GUATEMALA ALTIPLANO,"KM. 137, CASERÍO XOLBÉ ALDEA EL TABLÓN",79310814,ESTELA BEN AJCALÓN DE TUY,CECILIA YORDENY VICENTE ZAPETA,DIVERSIFICADO,PRIVADO,RURAL,ABIERTA,MONOLINGUE,MATUTINA,DIARIO(REGULAR),SOLOLÁ
07-01-0165-46,07-019,SOLOLA,SOLOLA,ESCUELA EN CIENCIAS DE LA COMPUTACIÓN,"3RA. CALLE 1-30 ZONA 1, BARRIO SAN ANTONIO",77625180,ESTELA BEN AJCALÓN DE TUY,LUIS LEONARDO ARGUETA MOGOLLÓN,DIVERSIFICADO,PRIVADO,URBANA,ABIERTA,MONOLINGUE,DOBLE,FIN DE SEMANA,SOLOLÁ
07-01-0166-46,07-019,SOLOLA,SOLOLA,ESCUELA EN CIENCIAS DE LA COMPUTACIÓN,"3RA. CALLE 1-30 ZONA 1, BARRIO SAN ANTONIO",77625180,ESTELA BEN AJCALÓN DE TUY,LUIS LEONARDO ARGUETA MOGOLLÓN,DIVERSIFICADO,PRIVADO,URBANA,ABIERTA,MONOLINGUE,MATUTINA,DIARIO(REGULAR),SOLOLÁ
07-01-0171-46,07-003,SOLOLA,SOLOLA,"COLEGIO DE EDUCACIÓN BÁSICA IMPACTO, EMPODERANDO MUJERES","KM. 137, CASERÍO XOLBE, ALDEA EL TABLÓN",32815153,VÍCTOR CHUMIL CHIROY,VILMA VERONICA SALOJ CHIYAL,DIVERSIFICADO,PRIVADO,RURAL,ABIERTA,MONOLINGUE,MATUTINA,DIARIO(REGULAR),SOLOLÁ
07-01-0174-46,07-024,SOLOLA,SOLOLA,PROGRAMA NACIONAL DE EDUCACIÓN ALTERNATIVA -PRONEA-,13AV. 3-18 BARRIO EL CARMEN,77289930,MARÍA OFELIA MUY QUICHÉ,FREDY EDGAR URÍZAR RODRÍGUEZ,DIVERSIFICADO,OFICIAL,URBANA,ABIERTA,MONOLINGUE,DOBLE,A DISTANCIA,SOLOLÁ
07-01-0175-46,07-024,SOLOLA,SOLOLA,"""CENTRO DE EDUCACIÓN EXTRAESCOLAR -CEEX-DEPARTAMENTAL""",13 CALLE 3-18 ZONA 1,42168347,MARÍA OFELIA MUY QUICHÉ,FREDY EDGAR URÍZAR RODRÍGUEZ,DIVERSIFICADO,OFICIAL,URBANA,ABIERTA,MONOLINGUE,DOBLE,SEMIPRESENCIAL,SOLOLÁ
07-01-0181-46,07-003,SOLOLA,SOLOLA,"LICEO PROFESIONAL ""LAS AMERICAS""","CASERÍO CENTRAL, CANTÓN EL TABLÓN",77623985,VÍCTOR CHUMIL CHIROY,CAMILIO YAXÓN COSIGUÁ,DIVERSIFICADO,PRIVADO,RURAL,ABIERTA,MONOLINGUE,SIN JORNADA,SEMIPRESENCIAL (UN DÍA A LA SEMANA),SOLOLÁ
07-01-0184-46,07-004,SOLOLA,SOLOLA,CENTRO EDUCATIVO DE FORMACIÓN PROFESIONAL -CEFPRO-,"CASERÍO COXOM, ALDEA SAN JUAN ARGUETA",33007964,VÍCTOR MIGUEL MENCHÚ MENCHÚ,ELIAS MIGUEL ROSALES TAHAY,DIVERSIFICADO,PRIVADO,RURAL,ABIERTA,MONOLINGUE,SIN JORNADA,SEMIPRESENCIAL (FIN DE SEMANA),SOLOLÁ
07-01-0195-46,07-019,SOLOLA,SOLOLA,CENTRO EDUCATIVO INTERCULTURAL PARA EL DESARROLLO COMUNITARIO CEIDECO,5AV. 2-28 ZONA 1 BARRIO SAN ANTONIO,55629690,ESTELA BEN AJCALÓN DE TUY,VILMA JEANNETTE PAR GIRÓN,DIVERSIFICADO,PRIVADO,URBANA,ABIERTA,MONOLINGUE,SIN JORNADA,SEMIPRESENCIAL (FIN DE SEMANA),SOLOLÁ
07-01-0198-46,07-019,SOLOLA,SOLOLA,"INSTITUTO PRIVADO URBANO MIXTO ""SOLOLÁ""",6TA. AVENIDA 6-37 BARRIO EL CALVARIO ZONA 2,77623103,ESTELA BEN AJCALÓN DE TUY,PATRICIA ROCÍO SAMAYOA MALDONADO,DIVERSIFICADO,PRIVADO,URBANA,ABIERTA,MONOLINGUE,SIN JORNADA,SEMIPRESENCIAL (UN DÍA A LA SEMANA),SOLOLÁ
07-01-0200-46,07-019,SOLOLA,SOLOLA,CENTRO EDUCATIVO DE FORMACIÓN TÉCNICA -CEFTEC-,"6 AVENIDA 13-60 ZONA 1, BARRIO EL CARMEN",58255240,ESTELA BEN AJCALÓN DE TUY,ISRAÉL CHOCOJ YAC,DIVERSIFICADO,PRIVADO,URBANA,ABIERTA,MONOLINGUE,SIN JORNADA,SEMIPRESENCIAL (UN DÍA A LA SEMANA),SOLOLÁ
07-01-0499-46,07-019,SOLOLA,SOLOLA,ESCUELA NACIONAL DE CIENCIAS COMERCIALES,13 CALLE Y 5TA. AVENIDA ESQUINA ZONA 1,55348935,ESTELA BEN AJCALÓN DE TUY,RAMIRO PANJOJ BULUX,DIVERSIFICADO,OFICIAL,URBANA,ABIERTA,MONOLINGUE,VESPERTINA,DIARIO(REGULAR),SOLOLÁ
07-01-0500-46,07-019,SOLOLA,SOLOLA,ESCUELA NORMAL PRIVADA,13 CALLE FINAL ZONA 1 COLONIA MIRALINDA,77624433,ESTELA BEN AJCALÓN DE TUY,JORGE MARIO ZELADA SÁNCHEZ,DIVERSIFICADO,PRIVADO,URBANA,ABIERTA,MONOLINGUE,VESPERTINA,DIARIO(REGULAR),SOLOLÁ
07-01-0577-46,07-019,SOLOLA,SOLOLA,"COLEGIO ""INTEGRAL SOLOLATECO""","6TA. AVENIDA 6-37 ZONA 2, BARRIO EL CALVARIO",77623709,ESTELA BEN AJCALÓN DE TUY,ELSA JEANETT SÁNCHEZ SOTO,DIVERSIFICADO,PRIVADO,URBANA,ABIERTA,BILINGUE,VESPERTINA,DIARIO(REGULAR),SOLOLÁ
07-01-0691-46,07-019,SOLOLA,SOLOLA,"COLEGIO PRIVADO URBANO PARA VARONES ""ATITLÁN""",13 CALLE 03-19 ZONA 1 BARRIO EL CARMEN,77623319,ESTELA BEN AJCALÓN DE TUY,FRANCISCO ROLANDO ALVARADO RECINOS,DIVERSIFICADO,PRIVADO,URBANA,ABIERTA,MONOLINGUE,VESPERTINA,DIARIO(REGULAR),SOLOLÁ
07-01-0693-46,07-004,SOLOLA,SOLOLA,"INSTITUTO DE CIENCIAS COMERCIALES POR COOPERATIVA RURAL MIXTO ""SAN JUAN BAUTISTA""",ALDEA SAN JUAN ARGUETA,40579014,VÍCTOR MIGUEL MENCHÚ MENCHÚ,WILMER GABRIEL MENCHÚ AJPACAJÁ,DIVERSIFICADO,COOPERATIVA,RURAL,ABIERTA,BILINGUE,VESPERTINA,DIARIO(REGULAR),SOLOLÁ
07-01-2483-46,07-019,SOLOLA,SOLOLA,ESCUELA EN CIENCIAS DE LA COMPUTACIÓN,"3A. CALLE 1-30 ZONA 1, BARRIO SAN ANTONIO",58343319,ESTELA BEN AJCALÓN DE TUY,LUIS LEONARDO ARGUETA MOGOLLÓN,DIVERSIFICADO,PRIVADO,URBANA,ABIERTA,MONOLINGUE,DOBLE,DIARIO(REGULAR),SOLOLÁ
07-01-2568-46,07-019,SOLOLA,SOLOLA,COLEGIO MONTE SION,6A. AVENIDA 8-07 ZONA 2 BARRIO EL CALVARIO,77623832,ESTELA BEN AJCALÓN DE TUY,JOSÉ DAVID TZAY PUÁC,DIVERSIFICADO,PRIVADO,URBANA,ABIERTA,MONOLINGUE,VESPERTINA,DIARIO(REGULAR),SOLOLÁ
07-01-2702-46,07-003,SOLOLA,SOLOLA,CENTRO EDUCATIVO COMUNITARIO MAYA' TIJOB'ÄL TZ'OLOJYA',"CASERÍO CENTRAL, ALDEA EL TABLÓN",77624283,VÍCTOR CHUMIL CHIROY,SANTIAGO PANJOJ TUY,DIVERSIFICADO,PRIVADO,RURAL,ABIERTA,BILINGUE,VESPERTINA,DIARIO(REGULAR),SOLOLÁ
07-01-2767-46,07-019,SOLOLA,SOLOLA,ESCUELA NORMAL DE EDUCACIÓN FÍSICA,5A. AVENIDA 2-28 ZONA 1,77625207,ESTELA BEN AJCALÓN DE TUY,JUANA NICOLASA TZORÍN ORDÓÑEZ,DIVERSIFICADO,OFICIAL,URBANA,ABIERTA,MONOLINGUE,DOBLE,DIARIO(REGULAR),SOLOLÁ
07-01-2768-46,07-019,SOLOLA,SOLOLA,INSTITUTO TECNOLOGICO DE LA UNIVERSIDAD DEL VALLE DE GUATEMALA ALTIPLANO,"KM. 137, CASERÍO XOLBÉ ALDEA EL TABLÓN",79310814,ESTELA BEN AJCALÓN DE TUY,CECILIA YORDENY VICENTE ZAPETA,DIVERSIFICADO,PRIVADO,RURAL,ABIERTA,MONOLINGUE,DOBLE,DIARIO(REGULAR),SOLOLÁ
07-02-0006-46,07-005,SOLOLA,SAN JOSE CHACAYA,INSTITUTO NACIONAL DE EDUCACIÓN DIVERSIFICADA,"ZONA 0, SECTOR CENTRO",50905091,JUSTO SANTIAGO PONCIO PÚ,ZOILA ELIZABETH CUÁ AJÚ,DIVERSIFICADO,OFICIAL,URBANA,ABIERTA,MONOLINGUE,MATUTINA,DIARIO(REGULAR),SOLOLÁ
07-03-0002-46,07-014,SOLOLA,SANTA MARIA VISITACION,INSTITUTO NACIONAL DE EDUCACION DIVERSIFICADA,SECTOR SUR,41787615,FRANCISCO AARÓN MATUL MÉNDEZ,GLADIS NOHEMÍ MORENO GÓMEZ,DIVERSIFICADO,OFICIAL,URBANA,ABIERTA,MONOLINGUE,VESPERTINA,DIARIO(REGULAR),SOLOLÁ
07-03-0008-46,07-014,SOLOLA,SANTA MARIA VISITACION,"""INSTITUTO TÉCNICO CIENTÍFICO INTERCULTURAL -ITECI-""",SANTA MARÍA VISITACIÓN,58542494,FRANCISCO AARÓN MATUL MÉNDEZ,EDWIN EFRAÍN PUÁC DIONISIO,DIVERSIFICADO,OFICIAL,URBANA,ABIERTA,MONOLINGUE,MATUTINA,DIARIO(REGULAR),SOLOLÁ
07-03-2928-46,07-014,SOLOLA,SANTA MARIA VISITACION,CENTRO EDUCATIVO COMUNITARIO INTERCULTURAL POR MADUREZ CECIM,EDIFICIO DEL INSTITUTO LA SALLE ENTRADA PRINCIPAL,57274128,FRANCISCO AARÓN MATUL MÉNDEZ,VICTOR QUICHÉ AJCHÉ,DIVERSIFICADO,PRIVADO,URBANA,ABIERTA,MONOLINGUE,DOBLE,FIN DE SEMANA,SOLOLÁ
07-04-0008-46,07-006,SOLOLA,SANTA LUCIA UTATLAN,COLEGIO PRIVADO DR. JORGE ROMERO IMERY,"BARRIO ""EL ROSARIO""",77221518,LESTER FRANCISCO PUAC COCHOY,MARCOS JOSUÉ AQUINO NORIEGA,DIVERSIFICADO,PRIVADO,URBANA,ABIERTA,MONOLINGUE,MATUTINA,DIARIO(REGULAR),SOLOLÁ
07-04-0023-46,07-006,SOLOLA,SANTA LUCIA UTATLAN,INSTITUTO NACIONAL DE EDUCACIÓN DIVERSIFICADA,SANTA LUCÍA UTATLÁN,33567108,LESTER FRANCISCO PUAC COCHOY,GLENDY HAIDALY PIXABAJ GODOY,DIVERSIFICADO,OFICIAL,URBANA,ABIERTA,MONOLINGUE,MATUTINA,DIARIO(REGULAR),SOLOLÁ
07-04-0041-46,07-032,SOLOLA,SANTA LUCIA UTATLAN,ESCUELA NORMAL REGIONAL DE OCCIDENTE,"PARCELAMIENTO EL MOLINO SAN PEDRO, CANTON CHUCHEXIC",78234597,MOISÉS ISRAEL SAQUÍC JOJ,MOISES MARIANO SAY SOLÍS,DIVERSIFICADO,OFICIAL,RURAL,ABIERTA,MONOLINGUE,MATUTINA,DIARIO(REGULAR),SOLOLÁ
07-04-0042-46,07-032,SOLOLA,SANTA LUCIA UTATLAN,ESCUELA NORMAL REGIONAL DE OCCIDENTE,"CANTÓN CHUCHEXIC, PARCELAMIENTO EL MOLINO SAN PEDRO",78234597,MOISÉS ISRAEL SAQUÍC JOJ,MOISES MARIANO SAY SOLÍS,DIVERSIFICADO,OFICIAL,RURAL,ABIERTA,MONOLINGUE,DOBLE,DIARIO(REGULAR),SOLOLÁ
07-04-0091-46,07-032,SOLOLA,SANTA LUCIA UTATLAN,ESCUELA NORMAL REGIONAL DE OCCIDENTE,CANTON CHUCHEXIC PARCELAMIENTO EL MOLINO SAN PEDRO,78234597,MOISÉS ISRAEL SAQUÍC JOJ,MOISES MARIANO SAY SOLÍS,DIVERSIFICADO,OFICIAL,RURAL,ABIERTA,BILINGUE,DOBLE,DIARIO(REGULAR),SOLOLÁ
07-04-2766-46,07-006,SOLOLA,SANTA LUCIA UTATLAN,ESCUELA NORMAL INFANTIL BILINGUE ADSCRITA A LA NORMAL REGIONAL DE OCCIDENTE ENRO,FINCA MOLINO SAN PEDRO,78234597,LESTER FRANCISCO PUAC COCHOY,MARIO ANSELMO TUJ CHOCOY,DIVERSIFICADO,OFICIAL,RURAL,ABIERTA,BILINGUE,DOBLE,DIARIO(REGULAR),SOLOLÁ
07-04-3030-46,07-006,SOLOLA,SANTA LUCIA UTATLAN,COLEGIO PRIVADO DR. JORGE ROMERO IMERY,"BARRIO ""EL ROSARIO""",77221518,LESTER FRANCISCO PUAC COCHOY,MARCOS JOSUÉ AQUINO NORIEGA,DIVERSIFICADO,PRIVADO,URBANA,ABIERTA,MONOLINGUE,VESPERTINA,DIARIO(REGULAR),SOLOLÁ
07-04-3085-46,07-006,SOLOLA,SANTA LUCIA UTATLAN,COLEGIO Q UMARKAJ,"PARAJE CRUZ B, CANTÓN PAHAJ",41011018,LESTER FRANCISCO PUAC COCHOY,ALLAN MAGDIEL GODOY VÁSQUEZ,DIVERSIFICADO,PRIVADO,RURAL,ABIERTA,MONOLINGUE,VESPERTINA,DIARIO(REGULAR),SOLOLÁ
07-05-0053-46,07-007,SOLOLA,NAHUALA,INSTITUTO NACIONAL DE EDUCACION DIVERSIFICADA,1RA. AVENIDA A-062 ZONA 3,30694648,DAVID FERNANDO PAZ LOPEZ,DANIEL TZEP CHAVEZ,DIVERSIFICADO,OFICIAL,URBANA,ABIERTA,MONOLINGUE,VESPERTINA,DIARIO(REGULAR),SOLOLÁ
07-05-0204-46,07-007,SOLOLA,NAHUALA,"INSTITUTO COMUNITARIO DE CIENCIAS COMERCIALES ""EL ALTIPLANO""",CASERÍO CHUANAHUALÁ,52803917,DAVID FERNANDO PAZ LOPEZ,DIEGO VICTOR JAMINEZ TUM,DIVERSIFICADO,PRIVADO,RURAL,ABIERTA,MONOLINGUE,MATUTINA,DIARIO(REGULAR),SOLOLÁ
07-05-0208-46,07-007,SOLOLA,NAHUALA,INSTITUTO DE EDUCACIÓN DIVERSIFICADA POR COOPERATIVA DE ENSEÑANZA,ALDEA PACHUTIQUIM,50449399,DAVID FERNANDO PAZ LOPEZ,DIEGO BERNARDO IXMATÁ TZIQUÍN,DIVERSIFICADO,COOPERATIVA,RURAL,ABIERTA,MONOLINGUE,VESPERTINA,DIARIO(REGULAR),SOLOLÁ
07-05-0210-46,07-007,SOLOLA,NAHUALA,"INSTITUTO MIXTO DE EDUCACIÓN DIVERSIFICADA POR COOPERATIVA ""MAYA NA OJ""",CANTÓN CHIQUIX,30062219,DAVID FERNANDO PAZ LOPEZ,FELIPE TAMBRIZ TAMBRIZ,DIVERSIFICADO,COOPERATIVA,RURAL,ABIERTA,MONOLINGUE,MATUTINA,DIARIO(REGULAR),SOLOLÁ
07-05-0271-46,07-009,SOLOLA,NAHUALA,"CENTRO EDUCATIVO ""SANTIAGO DE LA ASUNCIÓN"" FE Y ALEGRÍA NO. 51",CARRETERA PRINCIPAL ENTRADA A LA ALDEA XEJUYUP,30331256,MANUEL CHOVÓN GUACHIAC,MIGUEL SAC CHOX,DIVERSIFICADO,PRIVADO,RURAL,ABIERTA,MONOLINGUE,VESPERTINA,DIARIO(REGULAR),SOLOLÁ
07-05-2019-46,07-007,SOLOLA,NAHUALA,INSTITUTO MIXTO OXLAJUJ NO'J,CASERÍO CHUANAHUALÁ,53315919,DAVID FERNANDO PAZ LOPEZ,MANUEL ESQUIPULAS TZOC IXMATÁ,DIVERSIFICADO,PRIVADO,URBANA,ABIERTA,BILINGUE,VESPERTINA,DIARIO(REGULAR),SOLOLÁ
07-05-2022-46,07-007,SOLOLA,NAHUALA,INSTITUTO COMUNITARIO DE CIENCIAS COMERCIALES EL ALTIPLANO,NAHUALA,52803917,DAVID FERNANDO PAZ LOPEZ,DIEGO VICTOR JAMINEZ TUM,DIVERSIFICADO,PRIVADO,URBANA,ABIERTA,MONOLINGUE,VESPERTINA,DIARIO(REGULAR),SOLOLÁ
07-06-0036-46,07-008,SOLOLA,SANTA CATARINA IXTAHUACAN,INSTITUTO NACIONAL DE EDUCACIÓN DIVERSIFICADA,BARRIO EL CALVARIO,48873442,MAXIMILIANO LÓPEZ CRISTOBAL,IRMA YANET TAMBRIZ CHOX,DIVERSIFICADO,OFICIAL,URBANA,ABIERTA,MONOLINGUE,MATUTINA,DIARIO(REGULAR),SOLOLÁ
07-06-0084-46,07-008,SOLOLA,SANTA CATARINA IXTAHUACAN,"ESCUELA NACIONAL DE CIENCIAS COMERCIALES ""DR. JUAN JOSÉ ARÉVALO BERMEJO""",ALDEA CHIRIJOX,33239433,MAXIMILIANO LÓPEZ CRISTOBAL,PATRICIA TAMBRIZ Y TAMBRIZ,DIVERSIFICADO,OFICIAL,RURAL,ABIERTA,MONOLINGUE,VESPERTINA,DIARIO(REGULAR),SOLOLÁ
07-06-0098-46,07-018,SOLOLA,SANTA CATARINA IXTAHUACAN,"INSTITUTO NACIONAL DE EDUCACIÓN DIVERSIFICADA ""DON PASCUAL TAMBRIZ TZEP""",ALDEA LA CEIBA,57181585,IDELFONSO JERÓNIMO AMBROCIO TAMBRIZ,JUSTO ELISEO QUIVAJÁ CHUC,DIVERSIFICADO,OFICIAL,RURAL,ABIERTA,MONOLINGUE,VESPERTINA,DIARIO(REGULAR),SOLOLÁ
07-06-0099-46,07-031,SOLOLA,SANTA CATARINA IXTAHUACAN,INSTITUTO DIVERSIFICADO NORMAL MIXTO POR COOPERATIVA K'AK AQ'AB'AL,ANTIGUA SANTA CATARINA IXTAHUACAN,41745441,JUAN ROBERTO AJPACAJÁ GUACHIAC,JUAN ROBERTO AJPACAJÁ GUACHIAC,DIVERSIFICADO,COOPERATIVA,RURAL,ABIERTA,MONOLINGUE,VESPERTINA,DIARIO(REGULAR),SOLOLÁ
07-06-0101-46,07-018,SOLOLA,SANTA CATARINA IXTAHUACAN,"INSTITUTO NACIONAL DE EDUCACIÓN DIVERSIFICADA ""DON PASCUAL TAMBRIZ TZEP""",ALDEA LA CEIBA,57181585,IDELFONSO JERÓNIMO AMBROCIO TAMBRIZ,JUSTO ELISEO QUIVAJÁ CHUC,DIVERSIFICADO,OFICIAL,RURAL,ABIERTA,BILINGUE,VESPERTINA,DIARIO(REGULAR),SOLOLÁ
07-06-0146-46,07-009,SOLOLA,SANTA CATARINA IXTAHUACAN,"CENTRO EDUCATIVO ""RI UTZIL FE Y ALEGRÍA"" NO. 42",CASERIO PASAQUIJUYUP,30328268,MANUEL CHOVÓN GUACHIAC,MANUEL GUARCHAJ TZAPUT,DIVERSIFICADO,PRIVADO,RURAL,ABIERTA,MONOLINGUE,VESPERTINA,DIARIO(REGULAR),SOLOLÁ
07-06-0584-46,07-008,SOLOLA,SANTA CATARINA IXTAHUACAN,"INSTITUTO COMUNITARIO ""PARAISO MAYA""",BARRIO CALVARIO,30652376,MAXIMILIANO LÓPEZ CRISTOBAL,FRANCISCO CECILIO AJPACAJA,DIVERSIFICADO,PRIVADO,URBANA,ABIERTA,BILINGUE,VESPERTINA,DIARIO(REGULAR),SOLOLÁ
07-07-0013-46,07-016,SOLOLA,SANTA CLARA LA LAGUNA,INSTITUTO NACIONAL DE EDUCACIÓN DIVERSIFICADA,ESCUELA OFICIAL URBANA MIXTA NO. 2,54285944,ENRIQUE RAFAEL CHIYAL TÓ,MARIO SAMUEL COTUC CUMES,DIVERSIFICADO,OFICIAL,URBANA,ABIERTA,MONOLINGUE,VESPERTINA,DIARIO(REGULAR),SOLOLÁ
07-07-0018-46,07-016,SOLOLA,SANTA CLARA LA LAGUNA,CENTRO EDUCATIVO COMUNITARIO (CEDCOM),"2A, AVENIDA 6-24 ZONA 1",79272004,ENRIQUE RAFAEL CHIYAL TÓ,FRANCISCO ROBERTO RAMÍREZ IXMATÁ,DIVERSIFICADO,PRIVADO,URBANA,ABIERTA,MONOLINGUE,VESPERTINA,DIARIO(REGULAR),SOLOLÁ
07-07-0022-46,07-016,SOLOLA,SANTA CLARA LA LAGUNA,CENTRO EDUCATIVO DE FORMACION INTEGRAL SANTA CLARA -CEFISAC-,BARRIO SAN ANTONIO,51183129,ENRIQUE RAFAEL CHIYAL TÓ,JUAN SAC TUJ,DIVERSIFICADO,PRIVADO,URBANA,ABIERTA,MONOLINGUE,DOBLE,FIN DE SEMANA,SOLOLÁ
07-09-0010-46,07-017,SOLOLA,SAN ANDRES SEMETABAJ,INED INSTITUTO NACIONAL DE EDUCACIÓN DIVERSIFICADA,BARRIO EL CENTRO,56956354,JOSÉ MARVIN VELÁSQUEZ CULULÉN,REINALDO PEDRO MIGUEL TACÁN XAMBÁ,DIVERSIFICADO,OFICIAL,URBANA,ABIERTA,BILINGUE,VESPERTINA,DIARIO(REGULAR),SOLOLÁ
07-09-0023-46,07-017,SOLOLA,SAN ANDRES SEMETABAJ,INSTITUTO MIXTO DE EDUCACIÓN DIVERSIFICADA POR COOPERATIVA,ALDEA GODÍNEZ,53243719,JOSÉ MARVIN VELÁSQUEZ CULULÉN,FAVIOLA CANDIDA MOTTA DE LEÓN,DIVERSIFICADO,COOPERATIVA,RURAL,ABIERTA,MONOLINGUE,VESPERTINA,DIARIO(REGULAR),SOLOLÁ
07-09-0570-46,07-017,SOLOLA,SAN ANDRES SEMETABAJ,"INSTITUTO INDIGENA ""NUESTRA SEÑORA DEL SOCORRO""",BARRIO EL CENTRO,77221822,JOSÉ MARVIN VELÁSQUEZ CULULÉN,NELY MELINA LÓPEZ RAXTÚN,DIVERSIFICADO,PRIVADO,URBANA,ABIERTA,MONOLINGUE,DOBLE,DIARIO(REGULAR),SOLOLÁ
07-10-0001-46,07-011,SOLOLA,PANAJACHEL,"LICEO EVANGÉLICO ""EBEN-EZER""",0 CALLE 0-22 ZONA 1,77621715,PORFIRIO GEREMIAS PAR CHAVAJAY,MILDRED REBECA HERNÁNDEZ CHÁVEZ,DIVERSIFICADO,PRIVADO,URBANA,ABIERTA,MONOLINGUE,MATUTINA,DIARIO(REGULAR),SOLOLÁ
07-10-0007-46,07-011,SOLOLA,PANAJACHEL,INSTITUTO NACIONAL DE EDUCACIÓN DIVERSIFICADA,0 AVENIDA 3-03 ZONA 4,77621417,PORFIRIO GEREMIAS PAR CHAVAJAY,NANCY GABRIELA YOXÓN CÚMES,DIVERSIFICADO,OFICIAL,RURAL,ABIERTA,MONOLINGUE,VESPERTINA,DIARIO(REGULAR),SOLOLÁ
07-10-0031-46,07-011,SOLOLA,PANAJACHEL,COLEGIO PRIVADO TECHNICIENCIA DEL LAGO,CALLE PRINCIPAL 0-72 ZONA 2,77620035,PORFIRIO GEREMIAS PAR CHAVAJAY,OLGA YESENIA ROSALES ORDÓÑEZ,DIVERSIFICADO,PRIVADO,URBANA,ABIERTA,MONOLINGUE,DOBLE,DIARIO(REGULAR),SOLOLÁ
07-10-0032-46,07-011,SOLOLA,PANAJACHEL,"LICEO EVANGÉLICO ""EBEN-EZER""",0 CALLE 0-22 ZONA 1,77622043,PORFIRIO GEREMIAS PAR CHAVAJAY,MILDRED REBECA HERNÁNDEZ CHÁVEZ,DIVERSIFICADO,PRIVADO,URBANA,ABIERTA,MONOLINGUE,DOBLE,DIARIO(REGULAR),SOLOLÁ
07-10-0037-46,07-011,SOLOLA,PANAJACHEL,PANAJACHEL COLEGIO INTERNACIONAL,2DA. AVENIDA (VP) 4-33 ZONA 1,36179676,PORFIRIO GEREMIAS PAR CHAVAJAY,ABNER ISAÍAS SAMINES QUECHÉ,DIVERSIFICADO,PRIVADO,URBANA,ABIERTA,MONOLINGUE,MATUTINA,DIARIO(REGULAR),SOLOLÁ
07-10-0038-46,07-011,SOLOLA,PANAJACHEL,COLEGIO MIXTO LICEO PANAJACHEL,"CALLE PRINCIPAL FRENTE AL PARQUE MUNICIPAL, ZONA 01",55693589,PORFIRIO GEREMIAS PAR CHAVAJAY,JUANA XON XON,DIVERSIFICADO,PRIVADO,URBANA,ABIERTA,MONOLINGUE,DOBLE,FIN DE SEMANA,SOLOLÁ
07-10-0041-46,07-011,SOLOLA,PANAJACHEL,INSTITUTO NACIONAL DE EDUCACIÓN DIVERSIFICADA,0 AVENIDA 3-03 ZONA 4,77621417,PORFIRIO GEREMIAS PAR CHAVAJAY,NANCY GABRIELA YOXÓN CÚMES,DIVERSIFICADO,OFICIAL,URBANA,ABIERTA,MONOLINGUE,DOBLE,DIARIO(REGULAR),SOLOLÁ
07-10-0043-46,07-011,SOLOLA,PANAJACHEL,COLEGIO POR MADUREZ TIJAX,CALLE PRINCIPAL ZONA 1,55693589,PORFIRIO GEREMIAS PAR CHAVAJAY,JUANA XON XON,DIVERSIFICADO,PRIVADO,URBANA,ABIERTA,MONOLINGUE,SIN JORNADA,SEMIPRESENCIAL (UN DÍA A LA SEMANA),SOLOLÁ
07-10-0047-46,07-011,SOLOLA,PANAJACHEL,INSTITUTO NACIONAL DE EDUCACIÓN DIVERSIFICADA,ALDEA PATANATIC,77620672,PORFIRIO GEREMIAS PAR CHAVAJAY,MARIO EDUARDO CHURUNEL PÉREZ,DIVERSIFICADO,OFICIAL,RURAL,ABIERTA,MONOLINGUE,VESPERTINA,DIARIO(REGULAR),SOLOLÁ
07-10-0048-46,07-011,SOLOLA,PANAJACHEL,INSTITUTO NACIONAL DE EDUCACIÓN DIVERSIFICADA,SECTOR JUCANYA,77620672,PORFIRIO GEREMIAS PAR CHAVAJAY,JOSEFINA ARELY AVENDAÑO MIJANGOS,DIVERSIFICADO,OFICIAL,RURAL,ABIERTA,MONOLINGUE,NOCTURNA,DIARIO(REGULAR),SOLOLÁ
07-10-0701-46,07-011,SOLOLA,PANAJACHEL,COLEGIO SAN FRANCISCO,2A. AVENIDA (V.P.) 1-43 ZONA 1,77626164,PORFIRIO GEREMIAS PAR CHAVAJAY,DIEGO FRANCISCO COSME RECINOS,DIVERSIFICADO,PRIVADO,URBANA,ABIERTA,MONOLINGUE,MATUTINA,DIARIO(REGULAR),SOLOLÁ
07-10-2418-46,07-011,SOLOLA,PANAJACHEL,"LICEO URRUTIA CEEP, CENTRO EDUCATIVO EXPERIMENTAL Y PROFESIONAL",1A. CALLE 0-45 ZONA 1,40527345,PORFIRIO GEREMIAS PAR CHAVAJAY,ELENA PATRICIA ORELLANA URRUTIA,DIVERSIFICADO,PRIVADO,URBANA,ABIERTA,MONOLINGUE,MATUTINA,DIARIO(REGULAR),SOLOLÁ
07-10-2419-46,07-011,SOLOLA,PANAJACHEL,"LICEO URRUTIA CEEP, CENTRO EDUCATIVO EXPERIMENTAL Y PROFESIONAL",1A. CALLE 0-45 ZONA 1,40527345,PORFIRIO GEREMIAS PAR CHAVAJAY,ELENA PATRICIA ORELLANA URRUTIA,DIVERSIFICADO,PRIVADO,URBANA,ABIERTA,MONOLINGUE,VESPERTINA,DIARIO(REGULAR),SOLOLÁ
07-10-2484-46,07-011,SOLOLA,PANAJACHEL,COLEGIO PRIVADO TECHNICIENCIA DEL LAGO,CALLE PRINCIPAL 0-72 ZONA 2,77620035,PORFIRIO GEREMIAS PAR CHAVAJAY,OLGA YESENIA ROSALES ORDÓÑEZ,DIVERSIFICADO,PRIVADO,URBANA,ABIERTA,MONOLINGUE,VESPERTINA,DIARIO(REGULAR),SOLOLÁ
07-10-3038-46,07-011,SOLOLA,PANAJACHEL,COLEGIO MIXTO JUAN PABLO II,CALLE DE LOS ARBOLES,77620346,PORFIRIO GEREMIAS PAR CHAVAJAY,LUCÍA EUGENIA XON CORADO,DIVERSIFICADO,PRIVADO,URBANA,ABIERTA,MONOLINGUE,MATUTINA,DIARIO(REGULAR),SOLOLÁ
07-10-3075-46,07-011,SOLOLA,PANAJACHEL,COLEGIO ACADEMIA MULTICULTURAL ATITLAN,1A. AVENIDA 0-68 ZONA 2,77620490,PORFIRIO GEREMIAS PAR CHAVAJAY,LUCÍA EUGENIA XON CORADO,DIVERSIFICADO,PRIVADO,URBANA,ABIERTA,MONOLINGUE,VESPERTINA,DIARIO(REGULAR),SOLOLÁ
07-12-0007-46,07-023,SOLOLA,SAN ANTONIO PALOPO,INSTITUTO NACIONAL DE EDUCACIÓN DIVERSIFICADA -INED-,ALDEA AGUA ESCONDIDA,31869860,EDWIN WILFREDO AJCALÓN YAXÓN,ALEX NEHEMÍAS SACUJ MORALES,DIVERSIFICADO,OFICIAL,RURAL,ABIERTA,MONOLINGUE,VESPERTINA,DIARIO(REGULAR),SOLOLÁ
07-13-0016-46,07-030,SOLOLA,SAN LUCAS TOLIMAN,INSTITUTO NACIONAL DE EDUCACIÓN DIVERSIFICADA,AVENIDA PAVAROTTI FINAL,50181471,ABRAHAM ALBERTO COSIGUA MEJIA,JORGE HUMBERTO VÉLIZ NAVICHOC,DIVERSIFICADO,OFICIAL,URBANA,ABIERTA,MONOLINGUE,VESPERTINA,DIARIO(REGULAR),SOLOLÁ
07-13-0027-46,07-030,SOLOLA,SAN LUCAS TOLIMAN,CENTRO DE ESTUDIOS AVANZADOS,3AV. 5-75 ZONA 1 CALZADA LA PAZ,45125453,ABRAHAM ALBERTO COSIGUA MEJIA,ESTEBAN SANTIAGO GARCIA,DIVERSIFICADO,PRIVADO,URBANA,ABIERTA,MONOLINGUE,VESPERTINA,DIARIO(REGULAR),SOLOLÁ
07-13-0028-46,07-030,SOLOLA,SAN LUCAS TOLIMAN,CENTRO DE ESTUDIOS AVANZADOS,3AV. 5-75 ZONA 1 CALZADA LA PAZ,45125453,ABRAHAM ALBERTO COSIGUA MEJIA,ESTEBAN SANTIAGO GARCIA,DIVERSIFICADO,PRIVADO,URBANA,ABIERTA,MONOLINGUE,MATUTINA,DIARIO(REGULAR),SOLOLÁ
07-13-0029-46,07-030,SOLOLA,SAN LUCAS TOLIMAN,CENTRO DE ESTUDIOS AVANZADOS,3AV. 5-75 ZONA 1 CALZADA LA PAZ,45125453,ABRAHAM ALBERTO COSIGUA MEJIA,ESTEBAN SANTIAGO GARCIA,DIVERSIFICADO,PRIVADO,URBANA,ABIERTA,MONOLINGUE,DOBLE,FIN DE SEMANA,SOLOLÁ
07-13-0037-46,07-030,SOLOLA,SAN LUCAS TOLIMAN,CENTRO EDUCATIVO SANTO DOMINGO,5TA. CALLE 6-79 ZONA 1,77220266,ABRAHAM ALBERTO COSIGUA MEJIA,JORGE HUMBERTO VÉLIZ NAVICHOC,DIVERSIFICADO,PRIVADO,URBANA,ABIERTA,MONOLINGUE,NOCTURNA,DIARIO(REGULAR),SOLOLÁ
07-13-0038-46,07-030,SOLOLA,SAN LUCAS TOLIMAN,CENTRO EDUCATIVO SANTO DOMINGO,5TA. CALLE 6-79 ZONA 1,77220266,ABRAHAM ALBERTO COSIGUA MEJIA,JORGE HUMBERTO VÉLIZ NAVICHOC,DIVERSIFICADO,PRIVADO,URBANA,ABIERTA,MONOLINGUE,VESPERTINA,DIARIO(REGULAR),SOLOLÁ
07-13-0046-46,07-030,SOLOLA,SAN LUCAS TOLIMAN,INSTITUTO MIXTO DE EDUCACIÓN DIVERSIFICADA POR COOPERATIVA,PARCELAMIENTO PAMPOJILÁ,58900781,ABRAHAM ALBERTO COSIGUA MEJIA,GERARDO MORALES CUJ,DIVERSIFICADO,COOPERATIVA,RURAL,ABIERTA,MONOLINGUE,VESPERTINA,DIARIO(REGULAR),SOLOLÁ
07-13-0331-46,07-030,SOLOLA,SAN LUCAS TOLIMAN,"ESCUELA NACIONAL DE CIENCIAS COMERCIALES ""CARLOTA RAPHAEL DE DIAZ""",5A. CALLE 5-65 ZONA 1,77220200,ABRAHAM ALBERTO COSIGUA MEJIA,MARÍA FRANCISCA JULAJUJ MEJÍA,DIVERSIFICADO,OFICIAL,URBANA,ABIERTA,MONOLINGUE,VESPERTINA,DIARIO(REGULAR),SOLOLÁ
07-13-2708-46,07-030,SOLOLA,SAN LUCAS TOLIMAN,"COLEGIO ""INTEGRAL TOLIMAN""",1A. Y 2A. CALLE DE LA 7A AVENIDA 1-71 ZONA 1,77930645,ABRAHAM ALBERTO COSIGUA MEJIA,CRUZ MENDOZA YAXÓN,DIVERSIFICADO,PRIVADO,URBANA,ABIERTA,BILINGUE,VESPERTINA,DIARIO(REGULAR),SOLOLÁ
07-13-2869-46,07-030,SOLOLA,SAN LUCAS TOLIMAN,CENTRO EDUCATIVO SANTO DOMINGO,5TA. CALLE 6-79 ZONA 1,77220266,ABRAHAM ALBERTO COSIGUA MEJIA,JORGE HUMBERTO VÉLIZ NAVICHOC,DIVERSIFICADO,PRIVADO,URBANA,ABIERTA,MONOLINGUE,DOBLE,FIN DE SEMANA,SOLOLÁ
07-15-0005-46,07-021,SOLOLA,SAN PABLO LA LAGUNA,INSTITUTO NACIONAL DE EDUCACION DIVERSIFICADA,2DA. AVENIDA 4-60 ZONA 2,35310445,ADA LORENA HERNÁNDEZ AGUILAR,FREDY ROMEO LEJA CULUM,DIVERSIFICADO,OFICIAL,URBANA,ABIERTA,MONOLINGUE,VESPERTINA,DIARIO(REGULAR),SOLOLÁ
07-15-0012-46,07-021,SOLOLA,SAN PABLO LA LAGUNA,CENTRO EDUCATIVO COMUNITARIO DE FORMACIÓN INTEGRAL SAN PABLO,3RA AVENIDA 1-68 ZONA 1,52665797,ADA LORENA HERNÁNDEZ AGUILAR,PEDRO CULUM IXCAYA,DIVERSIFICADO,PRIVADO,URBANA,ABIERTA,MONOLINGUE,DOBLE,FIN DE SEMANA,SOLOLÁ
07-17-0012-46,07-028,SOLOLA,SAN JUAN LA LAGUNA,INSTITUTO NACIONAL DE EDUCACIÓN DIVERSIFICADA,0 CALLE A CANTÓN XE KAQASIIWAAN ZONA 1,54120573,ANA FLORINDA DIONISIO YAC,FRANCISCO JAVIER UJPÁN HERNÁNDEZ,DIVERSIFICADO,OFICIAL,URBANA,ABIERTA,MONOLINGUE,MATUTINA,DIARIO(REGULAR),SOLOLÁ
07-17-0027-46,07-028,SOLOLA,SAN JUAN LA LAGUNA,LICEO SISTEMATICO INTEGRAL -LISI-,CANTÓN CHI NIMAYA,47363428,ANA FLORINDA DIONISIO YAC,PEDRO SANTIAGO CUC CHOLOTÍO,DIVERSIFICADO,PRIVADO,RURAL,ABIERTA,MONOLINGUE,MATUTINA,DIARIO(REGULAR),SOLOLÁ
07-17-0028-46,07-028,SOLOLA,SAN JUAN LA LAGUNA,INSTITUTO NACIONAL DE EDUCACIÓN DIVERSIFICADA,0 CALLE A CANTON XE KAQASIIWAAN ZONA 1,54120573,ANA FLORINDA DIONISIO YAC,FRANCISCO JAVIER UJPÁN HERNÁNDEZ,DIVERSIFICADO,OFICIAL,URBANA,ABIERTA,MONOLINGUE,DOBLE,DIARIO(REGULAR),SOLOLÁ
07-17-2619-46,07-028,SOLOLA,SAN JUAN LA LAGUNA,"CENTRO EDUCATIVO INTEGRAL MAYA TZ'UTUJIL ""OSCAR AZMITIA""",CANTÓN PANOXTI,58324172,ANA FLORINDA DIONISIO YAC,CRISTÓBAL ERMITAÑO CHOLOTÍO VÁSQUEZ,DIVERSIFICADO,PRIVADO,URBANA,ABIERTA,MONOLINGUE,VESPERTINA,DIARIO(REGULAR),SOLOLÁ
07-18-0008-46,07-013,SOLOLA,SAN PEDRO LA LAGUNA,INSTITUTO NACIONAL DE EDUCACIÓN DIVERSIFICADA,4A. AVENIDA D 5-35 ZONA 2 CANTÓN CHUACANTÉ,54844813,MANUEL EDUARDO CHOLOTIO COCHE,JOSÉ MARÍA GONZALEZ ROCCHÉ,DIVERSIFICADO,OFICIAL,URBANA,ABIERTA,MONOLINGUE,MATUTINA,DIARIO(REGULAR),SOLOLÁ
07-18-0017-46,07-013,SOLOLA,SAN PEDRO LA LAGUNA,COLEGIO EVANGELICO BILINGUE HOLANDES,SAN PEDRO LA LAGUNA,59601419,MANUEL EDUARDO CHOLOTIO COCHE,ERWIN DANIEL UJPÁN UJPÁN,DIVERSIFICADO,PRIVADO,URBANA,ABIERTA,MONOLINGUE,MATUTINA,DIARIO(REGULAR),SOLOLÁ
07-18-0022-46,07-013,SOLOLA,SAN PEDRO LA LAGUNA,COLEGIO DE FORMACIÓN TECNOLÓGICA,7A. AVENIDA 2-20 ZONA 2,77218193,MANUEL EDUARDO CHOLOTIO COCHE,ONELIA EVARISTA POP PÉREZ,DIVERSIFICADO,PRIVADO,URBANA,ABIERTA,MONOLINGUE,MATUTINA,VIRTUAL A DISTANCIA,SOLOLÁ
07-18-0026-46,07-013,SOLOLA,SAN PEDRO LA LAGUNA,"COLEGIO PRIVADO EVANGÉLICO ""BETHEL""","6A. AVENIDA ""A"" 4-44 ZONA 2",47402226,MANUEL EDUARDO CHOLOTIO COCHE,ESDRAS SAMUEL MEJIA QUEJÚ,DIVERSIFICADO,PRIVADO,URBANA,ABIERTA,MONOLINGUE,MATUTINA,DIARIO(REGULAR),SOLOLÁ
07-18-0027-46,07-013,SOLOLA,SAN PEDRO LA LAGUNA,"COLEGIO PRIVADO EVANGÉLICO ""BETHEL""","6A. AVENIDA ""A"" 4-44, ZONA 2",47402226,MANUEL EDUARDO CHOLOTIO COCHE,ESDRAS SAMUEL MEJIA QUEJÚ,DIVERSIFICADO,PRIVADO,URBANA,ABIERTA,MONOLINGUE,DOBLE,DIARIO(REGULAR),SOLOLÁ
07-18-0028-46,07-013,SOLOLA,SAN PEDRO LA LAGUNA,TECNOLÓGICO BETHEL,"6TA. AVENIDA 4-45, ZONA 2",47402226,MANUEL EDUARDO CHOLOTIO COCHE,ESDRAS SAMUEL MEJIA QUEJÚ,DIVERSIFICADO,PRIVADO,URBANA,ABIERTA,MONOLINGUE,MATUTINA,DIARIO(REGULAR),SOLOLÁ
07-18-1992-46,07-013,SOLOLA,SAN PEDRO LA LAGUNA,CENTRO EDUCATIVO COMUNITARIO TZ'UTUJIL,6A. AVENIDA 6-39 ZONA 3 CANTÓN CHUASANAHI,42207299,MANUEL EDUARDO CHOLOTIO COCHE,JOSÉ MARÍA GONZALEZ ROCCHÉ,DIVERSIFICADO,PRIVADO,URBANA,ABIERTA,MONOLINGUE,VESPERTINA,DIARIO(REGULAR),SOLOLÁ
07-18-3112-46,07-013,SOLOLA,SAN PEDRO LA LAGUNA,"INSTITUTO MIXTO DE EDUCACIÓN BÁSICA Y DIVERSIFICADO POR COOPERATIVA ""LUISA Y BENJAMÍN PAUL""","6A. AVENIDA 6-39 ZONA 3, CANTÓN CHUASANAHÍ",77218343,MANUEL EDUARDO CHOLOTIO COCHE,HUGO DIEGO TUCH PETZEY,DIVERSIFICADO,COOPERATIVA,URBANA,ABIERTA,MONOLINGUE,MATUTINA,DIARIO(REGULAR),SOLOLÁ
07-19-0019-46,07-015,SOLOLA,SANTIAGO ATITLAN,INSTITUTO NACIONAL DE EDUCACIÓN DIVERSIFICADA,CANTON PANUL,77217729,JUAN POP CHAVAJAY,SANTIAGO SISAY SAPALÚ,DIVERSIFICADO,OFICIAL,URBANA,ABIERTA,MONOLINGUE,VESPERTINA,DIARIO(REGULAR),SOLOLÁ
07-19-0032-46,07-015,SOLOLA,SANTIAGO ATITLAN,"INSTITUTO DE EDUCACIÓN DIVERSIFICADA POR COOPERATIVA ATITLAN ""CEDUCA""",CANTÓN XECHIVOY,77217024,JUAN POP CHAVAJAY,PEDRO MENDOZA IXBALÁN,DIVERSIFICADO,COOPERATIVA,URBANA,ABIERTA,BILINGUE,VESPERTINA,DIARIO(REGULAR),SOLOLÁ
07-19-0034-46,07-015,SOLOLA,SANTIAGO ATITLAN,LICEO CRISTIANO ISRAELÍ,CANTÓN TZANJUYÚ,77217261,JUAN POP CHAVAJAY,PEDRO SOSOF QUIEJÚ,DIVERSIFICADO,PRIVADO,URBANA,ABIERTA,MONOLINGUE,VESPERTINA,DIARIO(REGULAR),SOLOLÁ
07-19-0051-46,07-015,SOLOLA,SANTIAGO ATITLAN,LICEO INTEGRAL SANTIAGUITO -LINSA-,CANTÓN PACHICHAJ,77217550,JUAN POP CHAVAJAY,GASPAR REANDA PABLO,DIVERSIFICADO,PRIVADO,URBANA,ABIERTA,MONOLINGUE,VESPERTINA,DIARIO(REGULAR),SOLOLÁ
07-19-0065-46,07-015,SOLOLA,SANTIAGO ATITLAN,ESCUELA NORMAL BILINGÜE INTERCULTURAL / KITIJOB'AL TIJOONELAA' TZ'UTUJILAA',COMUNIDAD DE CHUKMUK,58165683,JUAN POP CHAVAJAY,JOSÉ MIGUEL POP TZINÁ,DIVERSIFICADO,OFICIAL,RURAL,ABIERTA,MONOLINGUE,MATUTINA,DIARIO(REGULAR),SOLOLÁ
07-19-0103-46,07-027,SOLOLA,SANTIAGO ATITLAN,INSTITUTO NACIONAL DE EDUCACIÓN DIVERSIFICADA,"CANTON TZANCHALI, DE LA ALDEA CERRO DE ORO",43356322,NATANAEL MORALES PACAY,DAVID ABRAHAM COTZAL BARÁN,DIVERSIFICADO,OFICIAL,RURAL,ABIERTA,MONOLINGUE,VESPERTINA,DIARIO(REGULAR),SOLOLÁ
07-19-2765-46,07-015,SOLOLA,SANTIAGO ATITLAN,ESCUELA NORMAL BILINGÜE INTERCULTURAL / KITIJOB'AL TIJOONELAA' TZ'UTUJILAA',COMUNIDAD DE CHUKMUK,58165683,JUAN POP CHAVAJAY,JOSÉ MIGUEL POP TZINÁ,DIVERSIFICADO,OFICIAL,RURAL,ABIERTA,BILINGUE,DOBLE,DIARIO(REGULAR),SOLOLÁ
,,,,,,,,,,,,,,,,
,,,,,,,,,,,,,,,,
111 Establecimientos encontrados,,,,,,,,,,,,,,,,
,,,,,,,,,,,,,,,,
"Ministerio de Educación, Copyright © 2,012",,Aviso Legal | Términos y Condiciones | Contacto ,,,,,,,,,,,,,,
