,[ e-Servicios ],,,,,,,,,,,,,,,
,Búsqueda de centros educativos autorizados por el Mineduc y carreras que pueden impartir.,,,,,,,,,,,,,,,
,,,,,,,,,,,,,,,,
,  ,,,,,,,,,,,,,,,
Importante:,,,,,,,,,,,,,,,,
,,,,,,,,,,,,,,,,
"Para una mejor búsqueda puede seleccionar el departamento y municipio, con base a la ubicación del centro educativo, ingresando el código del establecimiento separado por guiones o el nombre completo o parte de él.",,,,,,,,,,,,,,,,
,,,,,,,,,,,,,,,,
"Un centro educativo puede contar con uno o más códigos de acuerdo con los servicios educativos autorizados (nivel, plan o jornada).",,,,,,,,,,,,,,,,
,,,,,,,,,,,,,,,,
"Las carreras pueden visualizarse únicamente en los códigos de centros educativos que tienen autorizado el Nivel de Educación Media, Ciclo de Educación Diversificada.",,,,,,,,,,,,,,,,
,,,,,,,,,,,,,,,,
Para visualizar las carreras autorizadas a un centro educativo seleccione el Nivel Escolar: Diversificado.,,,,,,,,,,,,,,,,
,,,,,,,,,,,,,,,,
Departamento,Municipio,,,,,,,,,,,,,,,
,,,,,,,,,,,,,,,,
Nivel Escolar,,,,,,,,,,,,,,,,
Sector,,,,,,,,,,,,,,,,
Plan,Modalidad,,,,,,,,,,,,,,,
,,,,,,,,,,,,,,,,
Código (##-##-####-##),,,,,,,,,,,,,,,,
Nombre,,,,,,,,,,,,,,,,
Dirección,,,,,,,,,,,,,,,,
,,,,,,,,,,,,,,,,
,,,,,,,,,,,,,,,,
CODIGO,DISTRITO,DEPARTAMENTO,MUNICIPIO,ESTABLECIMIENTO,DIRECCION,TELEFONO,SUPERVISOR,DIRECTOR,NIVEL,SECTOR,AREA,STATUS,MODALIDAD,JORNADA,PLAN,DEPARTAMENTAL
10-01-0078-46,10-019,SUCHITEPEQUEZ,MAZATENANGO,COLEGIO PRIVADO MIXTO LICEO MAZATECO,6A. AVENIDA 2-21 ZONA 1,57154933,REYNA DEL ROSARIO CHAVEZ BARROW DE PACHECO,ALBA PATRICIA CIFUENTES DIAZ,DIVERSIFICADO,PRIVADO,URBANA,ABIERTA,MONOLINGUE,VESPERTINA,DIARIO(REGULAR),SUCHITEPÉQUEZ
10-01-0083-46,10-019,SUCHITEPEQUEZ,MAZATENANGO,INSTITUTO PRIVADO MIXTO TECNOLOGICO DEL SUROCCIDENTE,FINCA CHOJOJA,78718369,REYNA DEL ROSARIO CHAVEZ BARROW DE PACHECO,LIDIA ELIZABETH JEREZ DE LEÓN,DIVERSIFICADO,PRIVADO,URBANA,ABIERTA,MONOLINGUE,MATUTINA,DIARIO(REGULAR),SUCHITEPÉQUEZ
10-01-0088-46,10-019,SUCHITEPEQUEZ,MAZATENANGO,ESCUELA NACIONAL DE CIENCIAS COMERCIALES,CANTON SANTA CRISTINA ZONA 2,55023086,REYNA DEL ROSARIO CHAVEZ BARROW DE PACHECO,CARLOS GUSTAVO FLORES CALDERÓN,DIVERSIFICADO,OFICIAL,URBANA,ABIERTA,MONOLINGUE,NOCTURNA,DIARIO(REGULAR),SUCHITEPÉQUEZ
10-01-0095-46,10-018,SUCHITEPEQUEZ,MAZATENANGO,"COLEGIO PARTICULAR MIXTO ""LA ILUSTRACION""",3A AVE. 4-92 ZONA 1,41639696,NATALI XIOMARA DIAZ BARRIOS DE FIGUEROA,MARÍA ELENA ROCHA NAVARRO,DIVERSIFICADO,PRIVADO,URBANA,ABIERTA,MONOLINGUE,VESPERTINA,DIARIO(REGULAR),SUCHITEPÉQUEZ
10-01-0097-46,10-019,SUCHITEPEQUEZ,MAZATENANGO,"COLEGIO PRIVADO MIXTO ""PERPETUO SOCORRO""",1A CALLE 3-39 ZONA 1,41614325,REYNA DEL ROSARIO CHAVEZ BARROW DE PACHECO,SENAIDA ANAVELA BARRIENTOS CASEROS,DIVERSIFICADO,PRIVADO,URBANA,ABIERTA,MONOLINGUE,VESPERTINA,DIARIO(REGULAR),SUCHITEPÉQUEZ
10-01-0098-46,10-019,SUCHITEPEQUEZ,MAZATENANGO,INSTITUTO DE COMPUTACION INFORMATICA,"COLONIA SAN BARTOLOME, 4A. CALLE FINAL",78679993,REYNA DEL ROSARIO CHAVEZ BARROW DE PACHECO,JOSÉ MARÍA RODRÍGUEZ TOMÁS,DIVERSIFICADO,PRIVADO,URBANA,ABIERTA,MONOLINGUE,MATUTINA,DIARIO(REGULAR),SUCHITEPÉQUEZ
10-01-0106-46,10-018,SUCHITEPEQUEZ,MAZATENANGO,COLEGIO LATINOAMERICANO GOSPEL,"12 CALLE 4-45, ZONA 1",47191161,NATALI XIOMARA DIAZ BARRIOS DE FIGUEROA,CLAUDIA ROSEMARY FIGUEROA XICAY,DIVERSIFICADO,PRIVADO,URBANA,ABIERTA,MONOLINGUE,VESPERTINA,DIARIO(REGULAR),SUCHITEPÉQUEZ
10-01-0143-46,10-019,SUCHITEPEQUEZ,MAZATENANGO,"COLEGIO PRIVADO MIXTO ""NUEVA FAMILIA""",KM 1 CARRETERA A SAN FRANCISCO ZAPOTITLAN,78720924,REYNA DEL ROSARIO CHAVEZ BARROW DE PACHECO,DULCE ROSARIO AVILA TOJ,DIVERSIFICADO,PRIVADO,URBANA,ABIERTA,MONOLINGUE,MATUTINA,DIARIO(REGULAR),SUCHITEPÉQUEZ
10-01-0150-46,10-019,SUCHITEPEQUEZ,MAZATENANGO,INSTITUTO NACIONAL DE EDUCACION DIVERSIFICADA MAZATENANGO,CANTON SANTA CRISTINA,51193317,REYNA DEL ROSARIO CHAVEZ BARROW DE PACHECO,ERIK DANIEL LEMUS JEREZ,DIVERSIFICADO,OFICIAL,URBANA,ABIERTA,MONOLINGUE,VESPERTINA,DIARIO(REGULAR),SUCHITEPÉQUEZ
10-01-0161-46,10-018,SUCHITEPEQUEZ,MAZATENANGO,COLEGIO PRIVADO MIXTO ROSARIO,2A. AVENIDA 4-84 ZONA 1,51591615,NATALI XIOMARA DIAZ BARRIOS DE FIGUEROA,CARLOS ALBERTO SARDÁ,DIVERSIFICADO,PRIVADO,URBANA,ABIERTA,MONOLINGUE,DOBLE,FIN DE SEMANA,SUCHITEPÉQUEZ
10-01-0174-46,10-018,SUCHITEPEQUEZ,MAZATENANGO,"COLEGIO PRIVADO MIXTO ""PESTALOZZI""",1A. CALLE 1-63 ZONA 1,78723161,NATALI XIOMARA DIAZ BARRIOS DE FIGUEROA,SILVIA VANESSA OCAL PACAY,DIVERSIFICADO,PRIVADO,URBANA,ABIERTA,MONOLINGUE,DOBLE,FIN DE SEMANA,SUCHITEPÉQUEZ
10-01-0175-46,10-018,SUCHITEPEQUEZ,MAZATENANGO,"COLEGIO PRIVADO MIXTO ""PESTALOZZI""",1A. CALLE 1-63 ZONA 1,78723161,NATALI XIOMARA DIAZ BARRIOS DE FIGUEROA,SILVIA VANESSA OCAL PACAY,DIVERSIFICADO,PRIVADO,URBANA,ABIERTA,MONOLINGUE,DOBLE,FIN DE SEMANA,SUCHITEPÉQUEZ
10-01-0178-46,10-019,SUCHITEPEQUEZ,MAZATENANGO,"COLEGIO PARTICULAR MIXTO ""CENTROAMERICANO""",12 CALLE 5-03 ZONA 1,50194448,REYNA DEL ROSARIO CHAVEZ BARROW DE PACHECO,JOSÉ ANTONIO MEDRANO OROSCO,DIVERSIFICADO,PRIVADO,URBANA,ABIERTA,MONOLINGUE,DOBLE,DIARIO(REGULAR),SUCHITEPÉQUEZ
10-01-0180-46,10-019,SUCHITEPEQUEZ,MAZATENANGO,COLEGIO PRIVADO MIXTO LICEO MAZATECO,6A. AVENIDA 2-21 ZONA 1,57154933,REYNA DEL ROSARIO CHAVEZ BARROW DE PACHECO,ALBA PATRICIA CIFUENTES DIAZ,DIVERSIFICADO,PRIVADO,URBANA,ABIERTA,MONOLINGUE,DOBLE,DIARIO(REGULAR),SUCHITEPÉQUEZ
10-01-0184-46,10-019,SUCHITEPEQUEZ,MAZATENANGO,COLEGIO PRIVADO MIXTO NUESTRA SEÑORA DEL CARMEN,"1A. CALLE 1-14 ZONA 2, LOTIFICACION EL ROBLE",78679092,REYNA DEL ROSARIO CHAVEZ BARROW DE PACHECO,MARIELA AZUCENA MEZA DE LEÓN,DIVERSIFICADO,PRIVADO,URBANA,ABIERTA,MONOLINGUE,VESPERTINA,DIARIO(REGULAR),SUCHITEPÉQUEZ
10-01-0186-46,10-018,SUCHITEPEQUEZ,MAZATENANGO,COLEGIO BILINGUE AMERICANO,KM. 1.2 CARRETERA A SAN FRANCISCO ZAPOTITLAN,78722679,NATALI XIOMARA DIAZ BARRIOS DE FIGUEROA,MARÍA ESTHER MÉNDEZ ARRIOLA,DIVERSIFICADO,PRIVADO,URBANA,ABIERTA,MONOLINGUE,MATUTINA,DIARIO(REGULAR),SUCHITEPÉQUEZ
10-01-0189-46,10-019,SUCHITEPEQUEZ,MAZATENANGO,COLEGIO PRIVADO MIXTO NUESTRA SEÑORA DEL CARMEN,"1A.CALLE ZONA 2, LOTIFICACION EL ROBLE",78679092,REYNA DEL ROSARIO CHAVEZ BARROW DE PACHECO,MARIELA AZUCENA MEZA DE LEÓN,DIVERSIFICADO,PRIVADO,URBANA,ABIERTA,MONOLINGUE,DOBLE,DIARIO(REGULAR),SUCHITEPÉQUEZ
10-01-0190-46,10-019,SUCHITEPEQUEZ,MAZATENANGO,COLEGIO PRIVADO MIXTO NUESTRA SEÑORA DEL CARMEN,"1A. CALLE 1-14 ZONA 2, LOTIFICACION EL ROBLE",78679092,REYNA DEL ROSARIO CHAVEZ BARROW DE PACHECO,MANUEL ANTONIO GAMBOA GUTIÉRREZ,DIVERSIFICADO,PRIVADO,URBANA,ABIERTA,MONOLINGUE,DOBLE,FIN DE SEMANA,SUCHITEPÉQUEZ
10-01-0191-46,10-019,SUCHITEPEQUEZ,MAZATENANGO,COLEGIO PRIVADO MIXTO NUESTRA SEÑORA DEL CARMEN,"1A. CALLE 1-14 ZONA 2, LOTIFICACION EL ROBLE",78679092,REYNA DEL ROSARIO CHAVEZ BARROW DE PACHECO,MARIELA AZUCENA MEZA DE LEÓN,DIVERSIFICADO,PRIVADO,URBANA,ABIERTA,MONOLINGUE,DOBLE,FIN DE SEMANA,SUCHITEPÉQUEZ
10-01-0193-46,10-018,SUCHITEPEQUEZ,MAZATENANGO,COLEGIO PRIVADO MIXTO SANTA MARIA DEL CAMINO,1A. CALLE 1-33 ZONA 1,78729127,NATALI XIOMARA DIAZ BARRIOS DE FIGUEROA,CARLOS ROLANDO FLORES SARDÁ,DIVERSIFICADO,PRIVADO,URBANA,ABIERTA,MONOLINGUE,DOBLE,FIN DE SEMANA,SUCHITEPÉQUEZ
10-01-0194-46,10-002,SUCHITEPEQUEZ,MAZATENANGO,INSTITUTO NACIONAL DE EDUCACION DIVERSIFICADA,COMUNIDAD LA VEGA,40665582,MIGUEL ANGEL VALLEJO FIGUEROA,HANSON GERARDO HERNANDEZ ALVAREZ,DIVERSIFICADO,OFICIAL,RURAL,ABIERTA,MONOLINGUE,VESPERTINA,DIARIO(REGULAR),SUCHITEPÉQUEZ
10-01-0196-46,10-019,SUCHITEPEQUEZ,MAZATENANGO,COLEGIO CENTRO EDUCATIVO INTEGRAL CRISTIANO FUENTE DE BENDICION,7A. AVENIDA 8-31 ZONA 1,56160793,REYNA DEL ROSARIO CHAVEZ BARROW DE PACHECO,ELIO SALVADOR OROZCO PINEDA,DIVERSIFICADO,PRIVADO,URBANA,ABIERTA,MONOLINGUE,DOBLE,FIN DE SEMANA,SUCHITEPÉQUEZ
10-01-0202-46,10-019,SUCHITEPEQUEZ,MAZATENANGO,COLEGIO PRIVADO MIXTO PERPETUO SOCORRO,"1A. CALLE 3-39, ZONA 1",78718090,REYNA DEL ROSARIO CHAVEZ BARROW DE PACHECO,SENAIDA ANAVELA BARRIENTOS CASEROS,DIVERSIFICADO,PRIVADO,URBANA,ABIERTA,MONOLINGUE,DOBLE,DIARIO(REGULAR),SUCHITEPÉQUEZ
10-01-0206-46,10-018,SUCHITEPEQUEZ,MAZATENANGO,COLEGIO DE ESTUDIOS SUPERIORES INTEGRALES,6A. AVENIDA NORTE 4-28 ZONA 1,78720984,NATALI XIOMARA DIAZ BARRIOS DE FIGUEROA,DAVID CASTILLO PADILLA,DIVERSIFICADO,PRIVADO,URBANA,ABIERTA,MONOLINGUE,DOBLE,FIN DE SEMANA,SUCHITEPÉQUEZ
10-01-0209-46,10-018,SUCHITEPEQUEZ,MAZATENANGO,"COLEGIO PRIVADO MIXTO ""CENTRO EDUCATIVO MAZATECO""",3A. CALLE NO. 214 ZONA 2 BARRIO LA UNION,51517422,NATALI XIOMARA DIAZ BARRIOS DE FIGUEROA,OTTO ERIC NEFTALÍ MARTINEZ OBREGON,DIVERSIFICADO,PRIVADO,URBANA,ABIERTA,MONOLINGUE,DOBLE,FIN DE SEMANA,SUCHITEPÉQUEZ
10-01-0210-46,10-018,SUCHITEPEQUEZ,MAZATENANGO,"COLEGIO PRIVADO MIXTO ""CENTRO EDUCATIVO MAZATECO""",3A. CALLE NO. 214 ZONA 2 BARRIO LA UNION,51517422,NATALI XIOMARA DIAZ BARRIOS DE FIGUEROA,OTTO ERIC NEFTALÍ MARTINEZ OBREGON,DIVERSIFICADO,PRIVADO,URBANA,ABIERTA,MONOLINGUE,DOBLE,FIN DE SEMANA,SUCHITEPÉQUEZ
10-01-0234-46,10-019,SUCHITEPEQUEZ,MAZATENANGO,INSTITUTO TECNOLOGICO PRIVADO URBANO MIXTO FERDINAND LASSALLE,"AVENIDA DEL ESTADIO 2-50 CANTON RAYOS DEL SOL, ZONA 2",78727363,REYNA DEL ROSARIO CHAVEZ BARROW DE PACHECO,MARVIN GUSTAVO OROZCO BAUTISTA,DIVERSIFICADO,PRIVADO,URBANA,ABIERTA,MONOLINGUE,VESPERTINA,DIARIO(REGULAR),SUCHITEPÉQUEZ
10-01-0241-46,10-019,SUCHITEPEQUEZ,MAZATENANGO,LICEO DE EDUCACION SUPERIOR PREUNIVERSITARIO,AVENIDA DEL ESTADIO 2-50 ZONA 2,78727363,REYNA DEL ROSARIO CHAVEZ BARROW DE PACHECO,MARVIN GUSTAVO OROZCO BAUTISTA,DIVERSIFICADO,PRIVADO,URBANA,ABIERTA,MONOLINGUE,DOBLE,FIN DE SEMANA,SUCHITEPÉQUEZ
10-01-0245-46,10-019,SUCHITEPEQUEZ,MAZATENANGO,INSTITUTO NACIONAL DE EDUCACION BASICA Y DIVERSIFICADO NUEVO AMANECER CON VISION,"5TA. AVENIDA FINAL, AVENIDA DOLORES, ZONA 1",55884849,REYNA DEL ROSARIO CHAVEZ BARROW DE PACHECO,FLOR DE MARIA LOPEZ BARRIOS,DIVERSIFICADO,OFICIAL,URBANA,ABIERTA,MONOLINGUE,VESPERTINA,DIARIO(REGULAR),SUCHITEPÉQUEZ
10-01-0247-46,10-019,SUCHITEPEQUEZ,MAZATENANGO,COLEGIO PRIVADO MIXTO PERPETUO SOCORRO,"1ERA. CALLE, 3-39 ZONA 1",78718090,REYNA DEL ROSARIO CHAVEZ BARROW DE PACHECO,SENAIDA ANAVELA BARRIENTOS CASEROS,DIVERSIFICADO,PRIVADO,URBANA,ABIERTA,MONOLINGUE,MATUTINA,DIARIO(REGULAR),SUCHITEPÉQUEZ
10-01-0251-46,10-018,SUCHITEPEQUEZ,MAZATENANGO,"COLEGIO LATINOAMERICANO ""GOSPEL""","12 CALLE 4-45, ZONA 1",77911907,NATALI XIOMARA DIAZ BARRIOS DE FIGUEROA,BRENDA LETICIA RAMOS PÉREZ,DIVERSIFICADO,PRIVADO,URBANA,ABIERTA,MONOLINGUE,DOBLE,DIARIO(REGULAR),SUCHITEPÉQUEZ
10-01-0271-46,10-019,SUCHITEPEQUEZ,MAZATENANGO,"COLEGIO PRIVADO MIXTO CRISTIANO ""EMANUEL""",6A. CALLE FINAL CANTON SAN JOSE ZONA 1,78726386,REYNA DEL ROSARIO CHAVEZ BARROW DE PACHECO,ALONDRA MARISOL GALIANO PUAC,DIVERSIFICADO,PRIVADO,URBANA,ABIERTA,MONOLINGUE,VESPERTINA,DIARIO(REGULAR),SUCHITEPÉQUEZ
10-01-0273-46,10-019,SUCHITEPEQUEZ,MAZATENANGO,"INSTITUTO PRIVADO ""PAULO FREIRE""",7A. AVENIDA 8-15 ZONA 1,56113523,REYNA DEL ROSARIO CHAVEZ BARROW DE PACHECO,ANDREA ESPERANZA LARES LÓPEZ,DIVERSIFICADO,PRIVADO,URBANA,ABIERTA,MONOLINGUE,DOBLE,FIN DE SEMANA,SUCHITEPÉQUEZ
10-01-0274-46,10-018,SUCHITEPEQUEZ,MAZATENANGO,COLEGIO LATINOAMERICANO GOSPEL,12 CALLE 4-45 ZONA 1,77911907,NATALI XIOMARA DIAZ BARRIOS DE FIGUEROA,CLAUDIA ROSEMARY FIGUEROA XICAY,DIVERSIFICADO,PRIVADO,URBANA,ABIERTA,MONOLINGUE,MATUTINA,DIARIO(REGULAR),SUCHITEPÉQUEZ
10-01-0275-46,10-018,SUCHITEPEQUEZ,MAZATENANGO,"INSTITUTO TECNICO PRIVADO ""JOSE ORTEGA Y GASSET""",2DA. AVENIDA 1-37 ZONA 2 COLONIA ACEITUNO,35153409,NATALI XIOMARA DIAZ BARRIOS DE FIGUEROA,CLAUDIA NOHEMI GUZMÁN MARTÍNEZ,DIVERSIFICADO,PRIVADO,URBANA,ABIERTA,MONOLINGUE,DOBLE,FIN DE SEMANA,SUCHITEPÉQUEZ
10-01-0278-46,10-018,SUCHITEPEQUEZ,MAZATENANGO,"INSTITUTO TECNICO PRIVADO ""JOSE ORTEGA Y GASSET""",2DA. AVENIDA 1-37 ZONA 2 COLONIA ACEITUNO,35153409,NATALI XIOMARA DIAZ BARRIOS DE FIGUEROA,CLAUDIA NOHEMI GUZMÁN MARTÍNEZ,DIVERSIFICADO,PRIVADO,URBANA,ABIERTA,MONOLINGUE,DOBLE,FIN DE SEMANA,SUCHITEPÉQUEZ
10-01-0281-46,10-019,SUCHITEPEQUEZ,MAZATENANGO,"COLEGIO PRIVADO ""RAFAEL LANDIVAR""",12A. CALLE 4-57 ZONA 1,47016331,REYNA DEL ROSARIO CHAVEZ BARROW DE PACHECO,AURA BEATRIZ JACINTO CARDONA,DIVERSIFICADO,PRIVADO,URBANA,ABIERTA,MONOLINGUE,MATUTINA,DIARIO(REGULAR),SUCHITEPÉQUEZ
10-01-0282-46,10-019,SUCHITEPEQUEZ,MAZATENANGO,"COLEGIO PRIVADO ""RAFAEL LANDIVAR""",12A. CALLE 4-57 ZONA 1,47016331,REYNA DEL ROSARIO CHAVEZ BARROW DE PACHECO,AURA BEATRIZ JACINTO CARDONA,DIVERSIFICADO,PRIVADO,URBANA,ABIERTA,MONOLINGUE,VESPERTINA,DIARIO(REGULAR),SUCHITEPÉQUEZ
10-01-0283-46,10-019,SUCHITEPEQUEZ,MAZATENANGO,"COLEGIO PRIVADO ""RAFAEL LANDIVAR""",12A. CALLE 4-57 ZONA 1,47016331,REYNA DEL ROSARIO CHAVEZ BARROW DE PACHECO,AURA BEATRIZ JACINTO CARDONA,DIVERSIFICADO,PRIVADO,URBANA,ABIERTA,MONOLINGUE,DOBLE,DIARIO(REGULAR),SUCHITEPÉQUEZ
10-01-0284-46,10-019,SUCHITEPEQUEZ,MAZATENANGO,"COLEGIO PRIVADO ""RAFAEL LANDIVAR""",12A. CALLE 4-57 ZONA 1,47016331,REYNA DEL ROSARIO CHAVEZ BARROW DE PACHECO,AURA BEATRIZ JACINTO CARDONA,DIVERSIFICADO,PRIVADO,URBANA,ABIERTA,MONOLINGUE,DOBLE,FIN DE SEMANA,SUCHITEPÉQUEZ
10-01-0289-46,10-018,SUCHITEPEQUEZ,MAZATENANGO,"COLEGIO PRIVADO MIXTO ""SANTA MARIA DEL CAMINO""",1A. CALLE 1-33 ZONA 1,79385728,NATALI XIOMARA DIAZ BARRIOS DE FIGUEROA,CARLOS ROLANDO FLORES SARDÁ,DIVERSIFICADO,PRIVADO,URBANA,ABIERTA,MONOLINGUE,DOBLE,FIN DE SEMANA,SUCHITEPÉQUEZ
10-01-0296-46,10-018,SUCHITEPEQUEZ,MAZATENANGO,"INSTITUTO PRIVADO MIXTO ""JOSE ERNESTO MONZON""",2DA. AVENIDA FINAL NORTE 1-27 ZONA 1,78718805,NATALI XIOMARA DIAZ BARRIOS DE FIGUEROA,LETTY ALEXANDRA OSORIO FIGUEROA,DIVERSIFICADO,PRIVADO,URBANA,ABIERTA,MONOLINGUE,VESPERTINA,DIARIO(REGULAR),SUCHITEPÉQUEZ
10-01-0298-46,10-018,SUCHITEPEQUEZ,MAZATENANGO,COLEGIO CENTRO DE ESTUDIOS INTEGRALES,1A. CALLE BARRIO LA ESPERANZA ZONA 2,36179656,NATALI XIOMARA DIAZ BARRIOS DE FIGUEROA,LINDA MARIELOS DE LEÓN BOLAÑOS,DIVERSIFICADO,PRIVADO,URBANA,ABIERTA,MONOLINGUE,MATUTINA,DIARIO(REGULAR),SUCHITEPÉQUEZ
10-01-0301-46,10-018,SUCHITEPEQUEZ,MAZATENANGO,COLEGIO LATINOAMERICANO GOSPEL,12 CALLE 4-45 ZONA 1,77911907,NATALI XIOMARA DIAZ BARRIOS DE FIGUEROA,CLAUDIA ROSEMARY FIGUEROA XICAY,DIVERSIFICADO,PRIVADO,URBANA,ABIERTA,MONOLINGUE,DOBLE,DIARIO(REGULAR),SUCHITEPÉQUEZ
10-01-0302-46,10-019,SUCHITEPEQUEZ,MAZATENANGO,COLEGIO PRIVADO MIXTO LICEO MAZATECO,6A. AVENIDA 2-21 ZONA 1,58602635,REYNA DEL ROSARIO CHAVEZ BARROW DE PACHECO,ALBA PATRICIA CIFUENTES DIAZ,DIVERSIFICADO,PRIVADO,URBANA,ABIERTA,MONOLINGUE,VESPERTINA,DIARIO(REGULAR),SUCHITEPÉQUEZ
10-01-0303-46,10-018,SUCHITEPEQUEZ,MAZATENANGO,"COLEGIO PARTICULAR MIXTO ""LA ILUSTRACION""",3A. AVENIDA 4-92 ZONA 1,41639696,NATALI XIOMARA DIAZ BARRIOS DE FIGUEROA,MARÍA ELENA ROCHA NAVARRO,DIVERSIFICADO,PRIVADO,URBANA,ABIERTA,MONOLINGUE,DOBLE,DIARIO(REGULAR),SUCHITEPÉQUEZ
10-01-0305-46,10-019,SUCHITEPEQUEZ,MAZATENANGO,ESCUELA PRIVADA DE EDUCACION FISICA ENMA GRACIELA OCHOA DE ESTRADA,1A. AVENIDA SUR FINAL 12-01 ZONA 1,78720212,REYNA DEL ROSARIO CHAVEZ BARROW DE PACHECO,OSCAR GEOVANY OCHOA BARRIENTOS,DIVERSIFICADO,PRIVADO,URBANA,ABIERTA,MONOLINGUE,DOBLE,DIARIO(REGULAR),SUCHITEPÉQUEZ
10-01-0306-46,10-019,SUCHITEPEQUEZ,MAZATENANGO,"COLEGIO PRIVADO MIXTO ""LICEO MAZATECO""",6A. AVENIDA 2-21 ZONA 1,58602635,REYNA DEL ROSARIO CHAVEZ BARROW DE PACHECO,SANDRY ZIOMARA MANCIO MÉNDEZ,DIVERSIFICADO,PRIVADO,URBANA,ABIERTA,MONOLINGUE,DOBLE,FIN DE SEMANA,SUCHITEPÉQUEZ
10-01-0308-46,10-018,SUCHITEPEQUEZ,MAZATENANGO,"INSTITUTO PRIVADO MIXTO ""CENTRAL DE SUCHITEPÉQUEZ""",6A. AVENIDA 2-21 ZONA 1,78720350,NATALI XIOMARA DIAZ BARRIOS DE FIGUEROA,ANTONIO ABELARDO OSORIO MONJARÁS,DIVERSIFICADO,PRIVADO,URBANA,ABIERTA,MONOLINGUE,DOBLE,FIN DE SEMANA,SUCHITEPÉQUEZ
10-01-0309-46,10-019,SUCHITEPEQUEZ,MAZATENANGO,"COLEGIO PRIVADO MIXTO ""MAYA MAZATENANGO""",BARRIO LA ESPERANZA ZONA 2,78720327,REYNA DEL ROSARIO CHAVEZ BARROW DE PACHECO,ELISA MAZARIEGOS ALVARADO,DIVERSIFICADO,PRIVADO,URBANA,ABIERTA,MONOLINGUE,MATUTINA,DIARIO(REGULAR),SUCHITEPÉQUEZ
10-01-0313-46,10-019,SUCHITEPEQUEZ,MAZATENANGO,INSTITUTO DE COMPUTACION INFORMATICA,"COLONIA SAN BARTOLOME, 4A. CALLE FINAL",78679993,REYNA DEL ROSARIO CHAVEZ BARROW DE PACHECO,JOSÉ MARÍA RODRÍGUEZ TOMÁS,DIVERSIFICADO,PRIVADO,URBANA,ABIERTA,MONOLINGUE,DOBLE,DIARIO(REGULAR),SUCHITEPÉQUEZ
10-01-0314-46,10-018,SUCHITEPEQUEZ,MAZATENANGO,COMPLEJO EDUCATIVO BILINGÜE DEL SUR OCCIDENTE,FINCA EL DELIRIO KILOMETRO 157 DE LA RUTA CA-2,78723848,NATALI XIOMARA DIAZ BARRIOS DE FIGUEROA,JOSUÉ DANIEL MANCIO RAMÍREZ,DIVERSIFICADO,PRIVADO,URBANA,ABIERTA,MONOLINGUE,MATUTINA,DIARIO(REGULAR),SUCHITEPÉQUEZ
10-01-0315-46,10-019,SUCHITEPEQUEZ,MAZATENANGO,"INSTITUTO PRIVADO MIXTO DE EDUCACION MEDIA ""MIGUEL ANGEL ASTURIAS""",7MA. CALLE 0-54 ZONA 1,55177753,REYNA DEL ROSARIO CHAVEZ BARROW DE PACHECO,GRISELDA NOHEMÍ TELLO ALDANA,DIVERSIFICADO,PRIVADO,URBANA,ABIERTA,MONOLINGUE,DOBLE,FIN DE SEMANA,SUCHITEPÉQUEZ
10-01-0316-46,10-018,SUCHITEPEQUEZ,MAZATENANGO,COLEGIO CENTRO DE ESTUDIOS INTEGRALES,1A. CALLE BARRIO LA ESPERANZA ZONA 2,36179656,NATALI XIOMARA DIAZ BARRIOS DE FIGUEROA,LINDA MARIELOS DE LEÓN BOLAÑOS,DIVERSIFICADO,PRIVADO,URBANA,ABIERTA,MONOLINGUE,DOBLE,DIARIO(REGULAR),SUCHITEPÉQUEZ
10-01-0318-46,10-019,SUCHITEPEQUEZ,MAZATENANGO,"INSTITUTO TECNICO INDUSTRIAL ""GEORG KERSCHENSTEINER""","AVENIDA LA LIBERTAD FINAL, ZONA 1",78720350,REYNA DEL ROSARIO CHAVEZ BARROW DE PACHECO,ERMEN OSWALDO LIRA SAAVEDRA,DIVERSIFICADO,OFICIAL,URBANA,ABIERTA,MONOLINGUE,DOBLE,DIARIO(REGULAR),SUCHITEPÉQUEZ
10-01-0321-46,10-018,SUCHITEPEQUEZ,MAZATENANGO,"INSTITUTO PRIVADO MIXTO ""JOSE ERNESTO MONZON""",2A. AVENIDA FINAL NORTE 1-27 ZONA 1,78718805,NATALI XIOMARA DIAZ BARRIOS DE FIGUEROA,GLODY SUCELY OSORIO FIGUEROA,DIVERSIFICADO,PRIVADO,URBANA,ABIERTA,MONOLINGUE,DOBLE,FIN DE SEMANA,SUCHITEPÉQUEZ
10-01-0322-46,10-018,SUCHITEPEQUEZ,MAZATENANGO,COLEGIO BILINGUE AMERICANO,KM. 1.2 CARRETERA A SAN FRANCISCO ZAPOTITLAN,78722679,NATALI XIOMARA DIAZ BARRIOS DE FIGUEROA,MARÍA ESTHER MÉNDEZ ARRIOLA,DIVERSIFICADO,PRIVADO,URBANA,ABIERTA,MONOLINGUE,DOBLE,DIARIO(REGULAR),SUCHITEPÉQUEZ
10-01-0323-46,10-018,SUCHITEPEQUEZ,MAZATENANGO,COLEGIO BILINGUE MONTE BELLO,7A. CALLE 1-181 ZONA 3,78718760,NATALI XIOMARA DIAZ BARRIOS DE FIGUEROA,ANA PATRICIA PIEDRASANTA JUÁREZ,DIVERSIFICADO,PRIVADO,URBANA,ABIERTA,MONOLINGUE,MATUTINA,DIARIO(REGULAR),SUCHITEPÉQUEZ
10-01-0325-46,10-019,SUCHITEPEQUEZ,MAZATENANGO,"COLEGIO PRIVADO MIXTO ""ESTHER CARRANZA""",3A. AVENIDA 1-40 ZONA 2,78725047,REYNA DEL ROSARIO CHAVEZ BARROW DE PACHECO,MYNOR JOSE FARFÁN PELLECER,DIVERSIFICADO,PRIVADO,URBANA,ABIERTA,MONOLINGUE,VESPERTINA,DIARIO(REGULAR),SUCHITEPÉQUEZ
10-01-0334-46,10-018,SUCHITEPEQUEZ,MAZATENANGO,COLEGIO LATINOAMERICANO GOSPEL,12 CALLE 4-45 ZONA 1,77911907,NATALI XIOMARA DIAZ BARRIOS DE FIGUEROA,CLAUDIA ROSEMARY FIGUEROA XICAY,DIVERSIFICADO,PRIVADO,URBANA,ABIERTA,MONOLINGUE,DOBLE,FIN DE SEMANA,SUCHITEPÉQUEZ
10-01-0338-46,10-018,SUCHITEPEQUEZ,MAZATENANGO,INSTITUTO PRIVADO MIXTO JOSE ERNESTO MONZON,2A. AVENIDA FINAL NORTE 1-27 ZONA 1,78718805,NATALI XIOMARA DIAZ BARRIOS DE FIGUEROA,MANUEL DE JESÚS MORALES ALVAREZ,DIVERSIFICADO,PRIVADO,URBANA,ABIERTA,MONOLINGUE,MATUTINA,DIARIO(REGULAR),SUCHITEPÉQUEZ
10-01-0339-46,10-019,SUCHITEPEQUEZ,MAZATENANGO,INSTITUTO TÉCNICO DE CAPACITACIÓN Y PRODUCTIVIDAD INTECAP,KM. 163 RUTA CA-02 OCCIDENTE-B,77295200,REYNA DEL ROSARIO CHAVEZ BARROW DE PACHECO,ONÉSIMO GALINDO LÓPEZ,DIVERSIFICADO,PRIVADO,URBANA,ABIERTA,MONOLINGUE,DOBLE,DIARIO(REGULAR),SUCHITEPÉQUEZ
10-01-0342-46,10-019,SUCHITEPEQUEZ,MAZATENANGO,"COLEGIO PRIVADO MIXTO ""GALILEO GALILEI""",1A. AVENIDA SUR FINAL 12-70 ZONA 2,4140069,REYNA DEL ROSARIO CHAVEZ BARROW DE PACHECO,BRYAN JOÉ CALDERÓN ALBERTO,DIVERSIFICADO,PRIVADO,URBANA,ABIERTA,MONOLINGUE,DOBLE,FIN DE SEMANA,SUCHITEPÉQUEZ
10-01-0343-46,10-019,SUCHITEPEQUEZ,MAZATENANGO,"COLEGIO PRIVADO MIXTO ""GALILEO GALILEI""",1A. AVENIDA SUR FINAL 12-70 ZONA 2,41400699,REYNA DEL ROSARIO CHAVEZ BARROW DE PACHECO,BRYAN JOÉ CALDERÓN ALBERTO,DIVERSIFICADO,PRIVADO,URBANA,ABIERTA,MONOLINGUE,DOBLE,FIN DE SEMANA,SUCHITEPÉQUEZ
10-01-0346-46,10-018,SUCHITEPEQUEZ,MAZATENANGO,COLEGIO DE ESTUDIOS SUPERIORES INTEGRALES,6A. AVENIDA NORTE 4-28 ZONA 1,78720984,NATALI XIOMARA DIAZ BARRIOS DE FIGUEROA,ANGELA LUCRECIA LETONA MOTTA,DIVERSIFICADO,PRIVADO,URBANA,ABIERTA,MONOLINGUE,MATUTINA,DIARIO(REGULAR),SUCHITEPÉQUEZ
10-01-0350-46,10-019,SUCHITEPEQUEZ,MAZATENANGO,"COLEGIO PRIVADO MIXTO ""LICEO DAVINCIANO""","RURALES 1 CALLE FINAL, CANTON SAN BENITO",38165166,REYNA DEL ROSARIO CHAVEZ BARROW DE PACHECO,SORAYA BEATRIZ LÒPEZ CORONADO,DIVERSIFICADO,PRIVADO,URBANA,ABIERTA,MONOLINGUE,MATUTINA,DIARIO(REGULAR),SUCHITEPÉQUEZ
10-01-0351-46,10-019,SUCHITEPEQUEZ,MAZATENANGO,"COLEGIO PRIVADO MIXTO ""LICEO DAVINCIANO""","RURALES 1 CALLE FINAL, CANTON SAN BENITO",37627111,REYNA DEL ROSARIO CHAVEZ BARROW DE PACHECO,SORAYA BEATRIZ LÒPEZ CORONADO,DIVERSIFICADO,PRIVADO,URBANA,ABIERTA,MONOLINGUE,DOBLE,FIN DE SEMANA,SUCHITEPÉQUEZ
10-01-0352-46,10-019,SUCHITEPEQUEZ,MAZATENANGO,"COLEGIO ""INNOVACION TECNOLOGICA""","1A. CALLE ENTRE 1A. Y 2A. AVENIDA ZONA 1, COLONIA OBREGÓN",59237422,REYNA DEL ROSARIO CHAVEZ BARROW DE PACHECO,NANCY ELIZABETH BARRERA CASTAÑEDA,DIVERSIFICADO,PRIVADO,URBANA,ABIERTA,MONOLINGUE,VESPERTINA,DIARIO(REGULAR),SUCHITEPÉQUEZ
10-01-0353-46,10-019,SUCHITEPEQUEZ,MAZATENANGO,"COLEGIO ""INNOVACION TECNOLOGICA""","1A. CALLE ENTRE 1A. Y 2A. AVENIDA ZONA 1, COLONIA OBREGON",59237422,REYNA DEL ROSARIO CHAVEZ BARROW DE PACHECO,NANCY ELIZABETH BARRERA CASTAÑEDA,DIVERSIFICADO,PRIVADO,URBANA,ABIERTA,MONOLINGUE,DOBLE,FIN DE SEMANA,SUCHITEPÉQUEZ
10-01-0354-46,10-019,SUCHITEPEQUEZ,MAZATENANGO,"COLEGIO ""INNOVACION TECNOLOGICA""","1A. CALLE ENTRE 1A. Y 2A. AVENIDA ZONA 1, COLONIA OBREGON",55974970,REYNA DEL ROSARIO CHAVEZ BARROW DE PACHECO,NANCY ELIZABETH BARRERA CASTAÑEDA,DIVERSIFICADO,PRIVADO,URBANA,ABIERTA,MONOLINGUE,DOBLE,FIN DE SEMANA,SUCHITEPÉQUEZ
10-01-0359-46,10-018,SUCHITEPEQUEZ,MAZATENANGO,"COLEGIO PRIVADO MIXTO DE LIDERAZGO ""ILAG""","4A. AVENIDA 1-54 ZONA2, COLONIA ACEITUNO",33422295,NATALI XIOMARA DIAZ BARRIOS DE FIGUEROA,BLANCA ROSA HERNÁNDEZ LÓPEZ,DIVERSIFICADO,PRIVADO,URBANA,ABIERTA,MONOLINGUE,VESPERTINA,DIARIO(REGULAR),SUCHITEPÉQUEZ
10-01-0360-46,10-029,SUCHITEPEQUEZ,MAZATENANGO,PROGRAMA NACIONAL DE EDUCACION ALTERNATIVA -PRONEA-,11 CALLE 1-060 ZONA 1,78720350,GLODY SUCELY OSORIO FIGUEROA DE MORALES,FIDEL ALFONSO MOREJÓN BUSH.,DIVERSIFICADO,OFICIAL,URBANA,ABIERTA,MONOLINGUE,DOBLE,A DISTANCIA,SUCHITEPÉQUEZ
10-01-0362-46,10-029,SUCHITEPEQUEZ,MAZATENANGO,PROGRAMA DE MODALIDADES FLEXIBLES PARA LA EDUCACION MEDIA,11 CALLE 1-060 ZONA 1,78720350,GLODY SUCELY OSORIO FIGUEROA DE MORALES,CAROL ANAÍ LOPEZ CHACHALAC DE MORALES,DIVERSIFICADO,OFICIAL,URBANA,ABIERTA,MONOLINGUE,DOBLE,DIARIO(REGULAR),SUCHITEPÉQUEZ
10-01-0363-46,10-019,SUCHITEPEQUEZ,MAZATENANGO,"COLEGIO PRIVADO MIXTO ""NUESTRA SEÑORA DEL CARMEN""","1A. CALLE 1-14 ZONA 2, LOTIFICACION EL ROBLE",78679092,REYNA DEL ROSARIO CHAVEZ BARROW DE PACHECO,MARIELA AZUCENA MEZA DE LEÓN,DIVERSIFICADO,PRIVADO,URBANA,ABIERTA,MONOLINGUE,MATUTINA,DIARIO(REGULAR),SUCHITEPÉQUEZ
10-01-0380-46,10-018,SUCHITEPEQUEZ,MAZATENANGO,COLEGIO LATINOAMERICANO GOSPEL,12 CALLE 4-45 ZONA 1,77911907,NATALI XIOMARA DIAZ BARRIOS DE FIGUEROA,CLAUDIA ROSEMARY FIGUEROA XICAY,DIVERSIFICADO,PRIVADO,URBANA,ABIERTA,MONOLINGUE,SIN JORNADA,SEMIPRESENCIAL (UN DÍA A LA SEMANA),SUCHITEPÉQUEZ
10-01-0381-46,10-019,SUCHITEPEQUEZ,MAZATENANGO,"COLEGIO PRIVADO ""RAFAEL LANDIVAR""",12 CALLE 4-57 ZONA 1,47016331,REYNA DEL ROSARIO CHAVEZ BARROW DE PACHECO,AURA BEATRIZ JACINTO CARDONA,DIVERSIFICADO,PRIVADO,URBANA,ABIERTA,MONOLINGUE,SIN JORNADA,SEMIPRESENCIAL (UN DÍA A LA SEMANA),SUCHITEPÉQUEZ
10-01-0382-46,10-019,SUCHITEPEQUEZ,MAZATENANGO,"COLEGIO ""INNOVACION TECNOLOGICA""","1A. CALLE ENTRE 1A. Y 2A. AVENIDA ZONA 1, COLONIA OBREGON",59237422,REYNA DEL ROSARIO CHAVEZ BARROW DE PACHECO,NANCY ELIZABETH BARRERA CASTAÑEDA,DIVERSIFICADO,PRIVADO,URBANA,ABIERTA,MONOLINGUE,SIN JORNADA,SEMIPRESENCIAL (UN DÍA A LA SEMANA),SUCHITEPÉQUEZ
10-01-0384-46,10-029,SUCHITEPEQUEZ,MAZATENANGO,INSTITUTO PRIVADO MIXTO MEIT,5A. AVENIDA FINAL NORTE 0-258 ZONA 1,78727029,GLODY SUCELY OSORIO FIGUEROA DE MORALES,NORMA AMARILIS JIMENEZ ESPINOZA,DIVERSIFICADO,PRIVADO,URBANA,ABIERTA,MONOLINGUE,SIN JORNADA,A DISTANCIA,SUCHITEPÉQUEZ
10-01-0386-46,10-019,SUCHITEPEQUEZ,MAZATENANGO,COLEGIO PRIVADO MIXTO LICEO MAZATECO,6A. AVENIDA 2-21 ZONA 1,58602635,REYNA DEL ROSARIO CHAVEZ BARROW DE PACHECO,SANDRY ZIOMARA MANCIO MÉNDEZ,DIVERSIFICADO,PRIVADO,URBANA,ABIERTA,MONOLINGUE,SIN JORNADA,SEMIPRESENCIAL (UN DÍA A LA SEMANA),SUCHITEPÉQUEZ
10-01-0387-46,10-019,SUCHITEPEQUEZ,MAZATENANGO,INSTITUTO NACIONAL DE EDUCACIÓN BÁSICA Y DIVERSIFICADO NUEVO AMANECER CON VISIÓN,"5TA. AVENIDA FINAL, AVENIDA DOLORES, ZONA 1",55884849,REYNA DEL ROSARIO CHAVEZ BARROW DE PACHECO,VIVIAN JOHANA LLERENA LEMUS,DIVERSIFICADO,OFICIAL,URBANA,ABIERTA,MONOLINGUE,VESPERTINA,DIARIO(REGULAR),SUCHITEPÉQUEZ
10-01-0388-46,10-018,SUCHITEPEQUEZ,MAZATENANGO,COLEGIO PRIVADO MIXTO ROSARIO,2A. AVENIDA 4-48 ZONA 1,51591615,NATALI XIOMARA DIAZ BARRIOS DE FIGUEROA,CARLOS ALBERTO SARDÁ,DIVERSIFICADO,PRIVADO,URBANA,ABIERTA,MONOLINGUE,SIN JORNADA,SEMIPRESENCIAL (UN DÍA A LA SEMANA),SUCHITEPÉQUEZ
10-01-0389-46,10-018,SUCHITEPEQUEZ,MAZATENANGO,"INSTITUTO TECNICO PRIVADO ""JOSE ORTEGA Y GASSET""","2A. VAENIDA 1-37 ZONA 2, COLONIA ACEITUNO",35153409,NATALI XIOMARA DIAZ BARRIOS DE FIGUEROA,CLAUDIA NOHEMI GUZMÁN MARTÍNEZ,DIVERSIFICADO,PRIVADO,URBANA,ABIERTA,MONOLINGUE,SIN JORNADA,SEMIPRESENCIAL (UN DÍA A LA SEMANA),SUCHITEPÉQUEZ
10-01-0390-46,10-019,SUCHITEPEQUEZ,MAZATENANGO,"COLEGIO PRIVADO MIXTO ""LICEO DAVINCIANO""","RURALES 1 CALLE FINAL, CANTON SAN BENITO",37627111,REYNA DEL ROSARIO CHAVEZ BARROW DE PACHECO,SORAYA BEATRIZ LÒPEZ CORONADO,DIVERSIFICADO,PRIVADO,URBANA,ABIERTA,MONOLINGUE,SIN JORNADA,SEMIPRESENCIAL (UN DÍA A LA SEMANA),SUCHITEPÉQUEZ
10-01-0391-46,10-019,SUCHITEPEQUEZ,MAZATENANGO,"COLEGIO PRIVADO MIXTO ""GALILEO GALILEI""",1A. AVENIDA SUR FINAL 12-70 ZONA 2,41400699,REYNA DEL ROSARIO CHAVEZ BARROW DE PACHECO,BRYAN JOÉ CALDERÓN ALBERTO,DIVERSIFICADO,PRIVADO,URBANA,ABIERTA,MONOLINGUE,SIN JORNADA,SEMIPRESENCIAL (UN DÍA A LA SEMANA),SUCHITEPÉQUEZ
10-01-0392-46,10-019,SUCHITEPEQUEZ,MAZATENANGO,LICEO DE EDUCACION SUPERIOR PREUNIVERSITARIO,AVENIDA DEL ESTADIO 2-50 ZONA 2,78727363,REYNA DEL ROSARIO CHAVEZ BARROW DE PACHECO,MARVIN GUSTAVO OROZCO BAUTISTA,DIVERSIFICADO,PRIVADO,URBANA,ABIERTA,MONOLINGUE,SIN JORNADA,SEMIPRESENCIAL (UN DÍA A LA SEMANA),SUCHITEPÉQUEZ
10-01-0393-46,10-018,SUCHITEPEQUEZ,MAZATENANGO,"COLEGIO PRIVADO MIXTO ""PESTALOZZI""",1A. CALLE 1-63 ZONA 1,30880296,NATALI XIOMARA DIAZ BARRIOS DE FIGUEROA,SILVIA VANESSA OCAL PACAY,DIVERSIFICADO,PRIVADO,URBANA,ABIERTA,MONOLINGUE,SIN JORNADA,SEMIPRESENCIAL (UN DÍA A LA SEMANA),SUCHITEPÉQUEZ
10-01-0395-46,10-018,SUCHITEPEQUEZ,MAZATENANGO,"INSTITUTO PRIVADO MIXTO ""JOSE ERNESTO MONZON""",2A. AVENIDA 1-27 ZONA 1,78718805,NATALI XIOMARA DIAZ BARRIOS DE FIGUEROA,GLODY SUCELY OSORIO FIGUEROA,DIVERSIFICADO,PRIVADO,URBANA,ABIERTA,MONOLINGUE,SIN JORNADA,SEMIPRESENCIAL (UN DÍA A LA SEMANA),SUCHITEPÉQUEZ
10-01-0396-46,10-018,SUCHITEPEQUEZ,MAZATENANGO,INSTITUTO PRIVADO MIXTO PROFESIONAL VISION EDUCATIVA 2000,"2A. CALLE 2-65 ZONA 2 COLONIA MAYA, BARRIO LA UNION",77911552,NATALI XIOMARA DIAZ BARRIOS DE FIGUEROA,SANDRA TRINIDAD PEREZ DOMINGUEZ,DIVERSIFICADO,PRIVADO,URBANA,ABIERTA,MONOLINGUE,SIN JORNADA,SEMIPRESENCIAL (UN DÍA A LA SEMANA),SUCHITEPÉQUEZ
10-01-0398-46,10-018,SUCHITEPEQUEZ,MAZATENANGO,COLEGIO CENTRO DE ESTUDIOS INTEGRALES,1A. CALLE BARRIO LA ESPERANZA ZONA 2,36179656,NATALI XIOMARA DIAZ BARRIOS DE FIGUEROA,DASIA YOSELINE CASTILLO LAM,DIVERSIFICADO,PRIVADO,URBANA,ABIERTA,MONOLINGUE,SIN JORNADA,SEMIPRESENCIAL (UN DÍA A LA SEMANA),SUCHITEPÉQUEZ
10-01-0400-46,10-019,SUCHITEPEQUEZ,MAZATENANGO,COLEGIO PRIVADO MIXTO NUESTRA SEÑORA DEL CARMEN,"1A. CALLE 1-14 ZONA 2, LOTIFICACION EL ROBLE",78679092,REYNA DEL ROSARIO CHAVEZ BARROW DE PACHECO,MARIELA AZUCENA MEZA DE LEÓN,DIVERSIFICADO,PRIVADO,URBANA,ABIERTA,MONOLINGUE,SIN JORNADA,SEMIPRESENCIAL (UN DÍA A LA SEMANA),SUCHITEPÉQUEZ
10-01-0401-46,10-018,SUCHITEPEQUEZ,MAZATENANGO,COLEGIO DE ESTUDIOS SUPERIORES INTEGRALES,6A. AVENIDA NORTE 4-28 ZONA 1,78720984,NATALI XIOMARA DIAZ BARRIOS DE FIGUEROA,DAVID CASTILLO PADILLA,DIVERSIFICADO,PRIVADO,URBANA,ABIERTA,MONOLINGUE,SIN JORNADA,SEMIPRESENCIAL (UN DÍA A LA SEMANA),SUCHITEPÉQUEZ
10-01-0402-46,10-019,SUCHITEPEQUEZ,MAZATENANGO,"COLEGIO PARTICULAR MIXTO ""CENTROAMERICANO""",12 CALLE 5-03 ZONA 1,79373200,REYNA DEL ROSARIO CHAVEZ BARROW DE PACHECO,JOSÉ ANTONIO MEDRANO OROSCO,DIVERSIFICADO,PRIVADO,URBANA,ABIERTA,MONOLINGUE,SIN JORNADA,SEMIPRESENCIAL (UN DÍA A LA SEMANA),SUCHITEPÉQUEZ
10-01-0404-46,10-019,SUCHITEPEQUEZ,MAZATENANGO,COLEGIO CENTRO EDUCATIVO INTEGRAL CRISTIANO FUENTE DE BENDICION,7A. AVENIDA 8-31 ZONA 1,56160793,REYNA DEL ROSARIO CHAVEZ BARROW DE PACHECO,ELIO SALVADOR OROZCO PINEDA,DIVERSIFICADO,PRIVADO,URBANA,ABIERTA,MONOLINGUE,SIN JORNADA,SEMIPRESENCIAL (UN DÍA A LA SEMANA),SUCHITEPÉQUEZ
10-01-0409-46,10-019,SUCHITEPEQUEZ,MAZATENANGO,INSTITUTO DE COMPUTACIÓN INFORMÁTICA,"COLONIA SAN BARTOLOME, 4A. CALLE FINAL",78721357,REYNA DEL ROSARIO CHAVEZ BARROW DE PACHECO,LIDIA ELIZABETH JEREZ DE LEÓN,DIVERSIFICADO,PRIVADO,URBANA,ABIERTA,MONOLINGUE,SIN JORNADA,SEMIPRESENCIAL (UN DÍA A LA SEMANA),SUCHITEPÉQUEZ
10-01-0412-46,10-018,SUCHITEPEQUEZ,MAZATENANGO,CENTRO INTEGRAL EMPRESARIAL POR MADUREZ CIEM,4A. CALLE 2-23 ZONA 1,41577123,NATALI XIOMARA DIAZ BARRIOS DE FIGUEROA,EDGAR MISAEL CHUVAC BOJ,DIVERSIFICADO,PRIVADO,URBANA,ABIERTA,MONOLINGUE,SIN JORNADA,SEMIPRESENCIAL (UN DÍA A LA SEMANA),SUCHITEPÉQUEZ
10-01-0415-46,10-019,SUCHITEPEQUEZ,MAZATENANGO,INSTITUTO DE COMPUTACIÓN INFORMÁTICA,COLONIA SAN BARTOLOME 4TA. CALLE FINAL,78721357,REYNA DEL ROSARIO CHAVEZ BARROW DE PACHECO,LIDIA ELIZABETH JEREZ DE LEÓN,DIVERSIFICADO,PRIVADO,URBANA,ABIERTA,MONOLINGUE,DOBLE,FIN DE SEMANA,SUCHITEPÉQUEZ
10-01-0417-46,10-019,SUCHITEPEQUEZ,MAZATENANGO,"COLEGIO PRIVADO MIXTO ""GALILEO GALILEI""",1A. AVENIDA SUR FINAL 12-70 ZONA 2,41400699,REYNA DEL ROSARIO CHAVEZ BARROW DE PACHECO,BRYAN JOÉ CALDERÓN ALBERTO,DIVERSIFICADO,PRIVADO,URBANA,ABIERTA,MONOLINGUE,SIN JORNADA,SEMIPRESENCIAL (UN DÍA A LA SEMANA),SUCHITEPÉQUEZ
10-01-0418-46,10-018,SUCHITEPEQUEZ,MAZATENANGO,"COLEGIO PRIVADO MIXTO DE LIDERAZGO ""ILAG""",4A. AVENIDA 1-54 ZONA 2 COLONIA ACEITUNO,78679506,NATALI XIOMARA DIAZ BARRIOS DE FIGUEROA,MARIO ALBERTO ARRIAGA AVILA,DIVERSIFICADO,PRIVADO,URBANA,ABIERTA,MONOLINGUE,MATUTINA,DIARIO(REGULAR),SUCHITEPÉQUEZ
10-01-0419-46,10-018,SUCHITEPEQUEZ,MAZATENANGO,"INSTITUTO TECNICO PRIVADO ""JOSE ORTEGA Y GASSET""",2A. AVENIDA 1-37 ZONA 2 COLONIA ACEITUNO,35153409,NATALI XIOMARA DIAZ BARRIOS DE FIGUEROA,CLAUDIA NOHEMI GUZMÁN MARTÍNEZ,DIVERSIFICADO,PRIVADO,URBANA,ABIERTA,MONOLINGUE,MATUTINA,DIARIO(REGULAR),SUCHITEPÉQUEZ
10-01-0420-46,10-018,SUCHITEPEQUEZ,MAZATENANGO,"INSTITUTO TECNICO PRIVADO ""JOSE ORTEGA Y GASSET""",2DA. AVENIDA 1-37 ZONA 2 COLONIA ACEITUNO,35153409,NATALI XIOMARA DIAZ BARRIOS DE FIGUEROA,CLAUDIA NOHEMI GUZMÁN MARTÍNEZ,DIVERSIFICADO,PRIVADO,URBANA,ABIERTA,MONOLINGUE,VESPERTINA,DIARIO(REGULAR),SUCHITEPÉQUEZ
10-01-0426-46,10-018,SUCHITEPEQUEZ,MAZATENANGO,"COLEGIO PARTICULAR MIXTO ""LA ILUSTRACION""",3A. AV. 4-92 ZONA 1,41639696,NATALI XIOMARA DIAZ BARRIOS DE FIGUEROA,MARÍA ELENA ROCHA NAVARRO,DIVERSIFICADO,PRIVADO,URBANA,ABIERTA,MONOLINGUE,VESPERTINA,VIRTUAL A DISTANCIA,SUCHITEPÉQUEZ
10-01-0427-46,10-018,SUCHITEPEQUEZ,MAZATENANGO,"COLEGIO PRIVADO MIXTO DE LIDERAZGO ""ILAG""","4TA. AVENIDA 1-54 ZONA 2, COLONIA ACEITUNO",51233590,NATALI XIOMARA DIAZ BARRIOS DE FIGUEROA,BLANCA ROSA HERNANDEZ LOPEZ,DIVERSIFICADO,PRIVADO,URBANA,ABIERTA,MONOLINGUE,VESPERTINA,DIARIO(REGULAR),SUCHITEPÉQUEZ
10-01-0911-46,10-018,SUCHITEPEQUEZ,MAZATENANGO,COLEGIO PRIVADO MIXTO SANTA MARIA DEL CAMINO,"1A, CALLE 1-33 ZONA 1",78729127,NATALI XIOMARA DIAZ BARRIOS DE FIGUEROA,CARLOS ROLANDO FLORES SARDÁ,DIVERSIFICADO,PRIVADO,URBANA,ABIERTA,MONOLINGUE,VESPERTINA,DIARIO(REGULAR),SUCHITEPÉQUEZ
10-01-0912-46,10-019,SUCHITEPEQUEZ,MAZATENANGO,INSTITUTO NORMAL RAFAEL LANDIVAR,CANTON SANTA CRISTINA,78725695,REYNA DEL ROSARIO CHAVEZ BARROW DE PACHECO,NANCY ELIZABETH BARRERA CASTAÑEDA,DIVERSIFICADO,OFICIAL,URBANA,ABIERTA,MONOLINGUE,MATUTINA,DIARIO(REGULAR),SUCHITEPÉQUEZ
10-01-0914-46,10-019,SUCHITEPEQUEZ,MAZATENANGO,INSTITUTO PRIVADO MIXTO DE EDUCACION DIVERSIFICADA MIGUEL ANGEL ASTURIAS (PLAN FIN DE SEMANA),7MA. CALLE 0-54 ZONA 1,42045893,REYNA DEL ROSARIO CHAVEZ BARROW DE PACHECO,GRISELDA NOHEMÍ TELLO ALDANA,DIVERSIFICADO,PRIVADO,URBANA,ABIERTA,MONOLINGUE,DOBLE,FIN DE SEMANA,SUCHITEPÉQUEZ
10-01-1168-46,10-018,SUCHITEPEQUEZ,MAZATENANGO,"COLEGIO PARTICULAR MIXTO ""LA ILUSTRACION""","3A AVE 4-92, ZONA 1",41639696,NATALI XIOMARA DIAZ BARRIOS DE FIGUEROA,MARÍA ELENA ROCHA NAVARRO,DIVERSIFICADO,PRIVADO,URBANA,ABIERTA,MONOLINGUE,MATUTINA,DIARIO(REGULAR),SUCHITEPÉQUEZ
10-01-1171-46,10-019,SUCHITEPEQUEZ,MAZATENANGO,INSTITUTO DE COMPUTACION INFORMATICA,"COLONIA SAN BARTOLOME, 4A. CALLE FINAL",78679993,REYNA DEL ROSARIO CHAVEZ BARROW DE PACHECO,JOSÉ MARÍA RODRÍGUEZ TOMÁS,DIVERSIFICADO,PRIVADO,URBANA,ABIERTA,MONOLINGUE,VESPERTINA,DIARIO(REGULAR),SUCHITEPÉQUEZ
10-01-1951-46,10-018,SUCHITEPEQUEZ,MAZATENANGO,COLEGIO DE ESTUDIOS SUPERIORES INTEGRALES,6A. AVENIDA NORTE 4-28 ZONA 1,78720984,NATALI XIOMARA DIAZ BARRIOS DE FIGUEROA,DAVID CASTILLO PADILLA,DIVERSIFICADO,PRIVADO,URBANA,ABIERTA,MONOLINGUE,VESPERTINA,DIARIO(REGULAR),SUCHITEPÉQUEZ
10-01-1956-46,10-019,SUCHITEPEQUEZ,MAZATENANGO,COLEGIO PRIVADO MIXTO LICEO MAZATECO,6A. AVENIDA 2-21 ZONA 1,58602635,REYNA DEL ROSARIO CHAVEZ BARROW DE PACHECO,ALBA PATRICIA CIFUENTES DIAZ,DIVERSIFICADO,PRIVADO,URBANA,ABIERTA,MONOLINGUE,MATUTINA,DIARIO(REGULAR),SUCHITEPÉQUEZ
10-01-2106-46,10-018,SUCHITEPEQUEZ,MAZATENANGO,INSTITUTO PRIVADO MIXTO CENTRAL DE SUCHITEPEQUEZ,6A. AVE. 2-21 ZONA 1,,NATALI XIOMARA DIAZ BARRIOS DE FIGUEROA,ANTONIO ABELARDO OSORIO MONJARÁS,DIVERSIFICADO,PRIVADO,URBANA,ABIERTA,MONOLINGUE,DOBLE,FIN DE SEMANA,SUCHITEPÉQUEZ
10-01-2216-46,10-018,SUCHITEPEQUEZ,MAZATENANGO,LICEO TECNICO DEL SUR,BARRIO LA UNION 3-00 ZONA 2,78724800,NATALI XIOMARA DIAZ BARRIOS DE FIGUEROA,ROBERTO CORONADO PÉREZ,DIVERSIFICADO,PRIVADO,URBANA,ABIERTA,MONOLINGUE,DOBLE,DIARIO(REGULAR),SUCHITEPÉQUEZ
10-01-2218-46,10-018,SUCHITEPEQUEZ,MAZATENANGO,LICEO TECNICO DEL SUR,BARRIO LA UNION 3-00 ZONA 2,78724800,NATALI XIOMARA DIAZ BARRIOS DE FIGUEROA,ROBERTO CORONADO PÉREZ,DIVERSIFICADO,PRIVADO,URBANA,ABIERTA,MONOLINGUE,MATUTINA,DIARIO(REGULAR),SUCHITEPÉQUEZ
10-01-2279-46,10-018,SUCHITEPEQUEZ,MAZATENANGO,COLEGIO PRIVADO MIXTO ROSARIO,2AV. 4-84 ZONA 1,51591615,NATALI XIOMARA DIAZ BARRIOS DE FIGUEROA,CARLOS ALBERTO SARDÁ,DIVERSIFICADO,PRIVADO,URBANA,ABIERTA,MONOLINGUE,MATUTINA,DIARIO(REGULAR),SUCHITEPÉQUEZ
10-01-2285-46,10-018,SUCHITEPEQUEZ,MAZATENANGO,COLEGIO PRIVADO MIXTO ROSARIO,2A. AVENIDA 4-84 ZONA 1,51591615,NATALI XIOMARA DIAZ BARRIOS DE FIGUEROA,CARLOS ALBERTO SARDÁ,DIVERSIFICADO,PRIVADO,URBANA,ABIERTA,MONOLINGUE,VESPERTINA,DIARIO(REGULAR),SUCHITEPÉQUEZ
10-01-2289-46,10-019,SUCHITEPEQUEZ,MAZATENANGO,COLEGIO CENTRO EDUCATIVO INTEGRAL CRISTIANO FUENTE DE BENDICION,7A. AVENIDA 8-31 ZONA 1,78720315,REYNA DEL ROSARIO CHAVEZ BARROW DE PACHECO,ANA DELFINA FUENTES RIVAS,DIVERSIFICADO,PRIVADO,URBANA,ABIERTA,MONOLINGUE,DOBLE,FIN DE SEMANA,SUCHITEPÉQUEZ
10-01-2327-46,10-019,SUCHITEPEQUEZ,MAZATENANGO,ESCUELA NORMAL DE EDUCACION FISICA,1ERA. CALLE Y 5TA. AV. ENTRADA COL. STA. FE A LA PAR ESTADIO,78705186,REYNA DEL ROSARIO CHAVEZ BARROW DE PACHECO,MIGUEL ANGEL VALLEJO FIGUEROA,DIVERSIFICADO,OFICIAL,URBANA,ABIERTA,MONOLINGUE,DOBLE,DIARIO(REGULAR),SUCHITEPÉQUEZ
10-01-2340-46,10-019,SUCHITEPEQUEZ,MAZATENANGO,INSTITUTO TECNOLOGICO PRIVADO URBANO MIXTO FERDINAND LASSALLE,"AVENIDA DEL ESTADIO 2-50 CANTÓN RAYOS DEL SOL, ZONA 2",78727363,REYNA DEL ROSARIO CHAVEZ BARROW DE PACHECO,MARVIN GUSTAVO OROZCO BAUTISTA,DIVERSIFICADO,PRIVADO,URBANA,ABIERTA,MONOLINGUE,DOBLE,DIARIO(REGULAR),SUCHITEPÉQUEZ
10-01-2479-46,10-019,SUCHITEPEQUEZ,MAZATENANGO,COLEGIO CIENTIFICO Y TECNOLOGICO 'BLAISE PASCAL',1A. AVENIDA SUR FINAL 12-70 ZONA 2,59465095,REYNA DEL ROSARIO CHAVEZ BARROW DE PACHECO,JAQUELINE ESPERANZA LIMA LINARES,DIVERSIFICADO,PRIVADO,URBANA,ABIERTA,MONOLINGUE,MATUTINA,DIARIO(REGULAR),SUCHITEPÉQUEZ
10-01-2485-46,10-018,SUCHITEPEQUEZ,MAZATENANGO,INSTITUTO PRIVADO MIXTO JOSE ERNESTO MONZON,2DA. AVENIDA FINAL NORTE 1-27 ZONA 1,78718805,NATALI XIOMARA DIAZ BARRIOS DE FIGUEROA,GLODY SUCELY OSORIO FIGUEROA,DIVERSIFICADO,PRIVADO,URBANA,ABIERTA,MONOLINGUE,DOBLE,FIN DE SEMANA,SUCHITEPÉQUEZ
10-01-2507-46,10-019,SUCHITEPEQUEZ,MAZATENANGO,"COLEGIO PARTICULAR MIXTO ""CENTROAMERICANO""",12 CALLE 5-03 ZONA 1,50194448,REYNA DEL ROSARIO CHAVEZ BARROW DE PACHECO,JOSÉ ANTONIO MEDRANO OROSCO,DIVERSIFICADO,PRIVADO,URBANA,ABIERTA,MONOLINGUE,DOBLE,FIN DE SEMANA,SUCHITEPÉQUEZ
10-01-2591-46,10-018,SUCHITEPEQUEZ,MAZATENANGO,INSTITUTO TECNICO PRIVADO JOSE ORTEGA Y GASSET,2A. AVENIDA 1-37 ZONA 2 COLONIA ACEITUNO,35153409,NATALI XIOMARA DIAZ BARRIOS DE FIGUEROA,CLAUDIA NOHEMI GUZMÁN MARTÍNEZ,DIVERSIFICADO,PRIVADO,URBANA,ABIERTA,MONOLINGUE,DOBLE,DIARIO(REGULAR),SUCHITEPÉQUEZ
10-01-2617-46,10-018,SUCHITEPEQUEZ,MAZATENANGO,INSTITUTO PRIVADO MIXTO PROFESIONAL VISION EDUCATIVA 2000,"2A. CALLE 2-65 ZONA 2, COLONIA MAYA BARRIO LA UNION",77911552,NATALI XIOMARA DIAZ BARRIOS DE FIGUEROA,SANDRA TRINIDAD PEREZ DOMINGUEZ,DIVERSIFICADO,PRIVADO,URBANA,ABIERTA,MONOLINGUE,DOBLE,FIN DE SEMANA,SUCHITEPÉQUEZ
10-01-2649-46,10-018,SUCHITEPEQUEZ,MAZATENANGO,COLEGIO CENTRO DE ESTUDIOS INTEGRALES CEI,1A. CALLE BARRIO LA ESPERANZA ZONA 2,59797134,NATALI XIOMARA DIAZ BARRIOS DE FIGUEROA,DASIA YOSELINE CASTILLO LAM,DIVERSIFICADO,PRIVADO,URBANA,ABIERTA,MONOLINGUE,DOBLE,FIN DE SEMANA,SUCHITEPÉQUEZ
10-01-2685-46,10-018,SUCHITEPEQUEZ,MAZATENANGO,COLEGIO DE ESTUDIOS SUPERIORES INTEGRALES,6A. AVENIDA NORTE 4-28 ZONA 1,78720984,NATALI XIOMARA DIAZ BARRIOS DE FIGUEROA,ANGELA LUCRECIA LETONA MOTTA,DIVERSIFICADO,PRIVADO,URBANA,ABIERTA,MONOLINGUE,DOBLE,DIARIO(REGULAR),SUCHITEPÉQUEZ
10-01-2689-46,10-019,SUCHITEPEQUEZ,MAZATENANGO,"COLEGIO PARTICULAR MIXTO ""CENTROAMERICANO""",12 CALLE 5-03 ZONA 1,50194448,REYNA DEL ROSARIO CHAVEZ BARROW DE PACHECO,JOSÉ ANTONIO MEDRANO OROSCO,DIVERSIFICADO,PRIVADO,URBANA,ABIERTA,MONOLINGUE,MATUTINA,DIARIO(REGULAR),SUCHITEPÉQUEZ
10-01-2690-46,10-018,SUCHITEPEQUEZ,MAZATENANGO,COLEGIO CENTRO DE ESTUDIOS INTEGRALES CEI,1A. CALLE BARRIO LA ESPERANZA ZONA 2,55133318,NATALI XIOMARA DIAZ BARRIOS DE FIGUEROA,DASIA YOSELINE CASTILLO LAM,DIVERSIFICADO,PRIVADO,URBANA,ABIERTA,MONOLINGUE,VESPERTINA,DIARIO(REGULAR),SUCHITEPÉQUEZ
10-02-0031-46,10-003,SUCHITEPEQUEZ,CUYOTENANGO,INSTITUTO NACIONAL DE EDUCACION DIVERSIFICADA CUYOTENANGO,CANTON PARROQUIA,78684492,ERWIN RIGOBERTO AVILA,JESSICA VIRGINIA YAC VALLADARES,DIVERSIFICADO,OFICIAL,URBANA,ABIERTA,MONOLINGUE,VESPERTINA,DIARIO(REGULAR),SUCHITEPÉQUEZ
10-02-0052-46,10-003,SUCHITEPEQUEZ,CUYOTENANGO,INSTITUTO TECNOLOGICO CIENTIFICO INDUSTRIAL DE SUCHITEPEQUEZ,KM. 169 CARRETERA AL PACIFICO,78683985,ERWIN RIGOBERTO AVILA,JOSE LINO MALTEZ CASTILLO,DIVERSIFICADO,PRIVADO,URBANA,ABIERTA,MONOLINGUE,MATUTINA,DIARIO(REGULAR),SUCHITEPÉQUEZ
10-02-0053-46,10-003,SUCHITEPEQUEZ,CUYOTENANGO,INSTITUTO TECNOLOGICO CIENTIFICO INDUSTRIAL DE SUCHITEPEQUEZ,KM. 169 CARRETERA AL PACIFICO,78683985,ERWIN RIGOBERTO AVILA,JOSE LINO MALTEZ CASTILLO,DIVERSIFICADO,PRIVADO,URBANA,ABIERTA,MONOLINGUE,VESPERTINA,DIARIO(REGULAR),SUCHITEPÉQUEZ
10-02-0056-46,10-003,SUCHITEPEQUEZ,CUYOTENANGO,INSTITUTO TECNOLOGICO CIENTIFICO INDUSTRIAL DE SUCHITEPEQUEZ,KM. 169 CARRETERA AL PACIFICO,78683985,ERWIN RIGOBERTO AVILA,JOSE LINO MALTEZ CASTILLO,DIVERSIFICADO,PRIVADO,URBANA,ABIERTA,MONOLINGUE,DOBLE,SABATINO,SUCHITEPÉQUEZ
10-02-0057-46,10-003,SUCHITEPEQUEZ,CUYOTENANGO,INSTITUTO TECNOLOGICO CIENTIFICO INDUSTRIAL DE SUCHITEPEQUEZ,KM. 169 CARRETERA AL PACIFICO,78683985,ERWIN RIGOBERTO AVILA,JOSE LINO MALTEZ CASTILLO,DIVERSIFICADO,PRIVADO,URBANA,ABIERTA,MONOLINGUE,DOBLE,FIN DE SEMANA,SUCHITEPÉQUEZ
10-02-0073-46,10-003,SUCHITEPEQUEZ,CUYOTENANGO,COLEGIO PRIVADO MIXTO LICEO CUYOTECO,2A. AVENIDA 2-27 ZONA 1,47698076,ERWIN RIGOBERTO AVILA,SERGIO AMÍLCAR DÍAZ AGUILAR,DIVERSIFICADO,PRIVADO,URBANA,ABIERTA,MONOLINGUE,SIN JORNADA,SEMIPRESENCIAL (UN DÍA A LA SEMANA),SUCHITEPÉQUEZ
10-02-0074-46,10-003,SUCHITEPEQUEZ,CUYOTENANGO,INSTITUTO TECNOLOGICO CIENTIFICO INDUSTRIAL DE SUCHITEPEQUEZ,KM. 169 CARRETERA AL PACIFICO,78683985,ERWIN RIGOBERTO AVILA,JOSE LINO MALTEZ CASTILLO,DIVERSIFICADO,PRIVADO,URBANA,ABIERTA,MONOLINGUE,SIN JORNADA,SEMIPRESENCIAL (UN DÍA A LA SEMANA),SUCHITEPÉQUEZ
10-02-2258-46,10-003,SUCHITEPEQUEZ,CUYOTENANGO,COLEGIO PRIVADO MIXTO 'LICEO CUYOTECO',2A. AVENIDA 2-27 ZONA 1,78684337,ERWIN RIGOBERTO AVILA,SERGIO AMÍLCAR DÍAZ AGUILAR,DIVERSIFICADO,PRIVADO,URBANA,ABIERTA,MONOLINGUE,DOBLE,FIN DE SEMANA,SUCHITEPÉQUEZ
10-02-2325-46,10-003,SUCHITEPEQUEZ,CUYOTENANGO,INSTITUTO TECNOLOGICO CIENTIFICO INDUSTRIAL DE SUCHITEPEQUEZ,KM.169 CARRETERA AL PACIFICO,78683985,ERWIN RIGOBERTO AVILA,JOSE LINO MALTEZ CASTILLO,DIVERSIFICADO,PRIVADO,URBANA,ABIERTA,MONOLINGUE,DOBLE,DIARIO(REGULAR),SUCHITEPÉQUEZ
10-02-2555-46,10-003,SUCHITEPEQUEZ,CUYOTENANGO,COLEGIO PRIVADO MIXTO LICEO CUYOTECO,2A.AV. 2-27 ZONA 1,78684337,ERWIN RIGOBERTO AVILA,SERGIO AMÍLCAR DÍAZ AGUILAR,DIVERSIFICADO,PRIVADO,URBANA,ABIERTA,MONOLINGUE,DOBLE,FIN DE SEMANA,SUCHITEPÉQUEZ
10-02-2602-46,10-003,SUCHITEPEQUEZ,CUYOTENANGO,COLEGIO PRIVADO MIXTO LICEO CUYOTECO,2A. AVENIDA 2-27 ZONA 1,78684337,ERWIN RIGOBERTO AVILA,SERGIO AMÍLCAR DÍAZ AGUILAR,DIVERSIFICADO,PRIVADO,URBANA,ABIERTA,MONOLINGUE,VESPERTINA,DIARIO(REGULAR),SUCHITEPÉQUEZ
10-03-0012-46,10-020,SUCHITEPEQUEZ,SAN FRANCISCO ZAPOTITLAN,INSTITUTO NACIONAL DE EDUCACION DIVERSIFICADA SAN FRANCISCO,COLONIA EL ROSARIO,41496910,FREDY STUARDO QUIÑONEZ DE LEON,MAVIS DORANA SOLIS HERNÁNDEZ DE MORALES,DIVERSIFICADO,OFICIAL,URBANA,ABIERTA,MONOLINGUE,VESPERTINA,DIARIO(REGULAR),SUCHITEPÉQUEZ
10-03-0020-46,10-020,SUCHITEPEQUEZ,SAN FRANCISCO ZAPOTITLAN,ESCUELA PRIVADA DE CAFICULTURA LAS NUBES,FINCA LAS NUBES SAN FRANCISCO ZAPOTITLÁN SUCHITEPEQUEZ,37060046,FREDY STUARDO QUIÑONEZ DE LEON,HEIDY PAOLA OROZCO GARCÍA,DIVERSIFICADO,PRIVADO,URBANA,ABIERTA,MONOLINGUE,DOBLE,FIN DE SEMANA,SUCHITEPÉQUEZ
10-03-0025-46,10-020,SUCHITEPEQUEZ,SAN FRANCISCO ZAPOTITLAN,COLEGIO PREUNIVERSITARIO CAMINO A LA EXCELENCIA,2A. AVENIDA 2-80 ZONA 1,79389478,FREDY STUARDO QUIÑONEZ DE LEON,MELIDA BEATRIZ POROJ RODRIGUEZ,DIVERSIFICADO,PRIVADO,URBANA,ABIERTA,MONOLINGUE,MATUTINA,DIARIO(REGULAR),SUCHITEPÉQUEZ
10-03-0026-46,10-020,SUCHITEPEQUEZ,SAN FRANCISCO ZAPOTITLAN,COLEGIO PREUNIVERSITARIO CAMINO A LA EXCELENCIA,2A. AVENIDA 2-80 ZONA 1,79389478,FREDY STUARDO QUIÑONEZ DE LEON,MELIDA BEATRIZ POROJ RODRIGUEZ,DIVERSIFICADO,PRIVADO,URBANA,ABIERTA,MONOLINGUE,VESPERTINA,DIARIO(REGULAR),SUCHITEPÉQUEZ
10-03-0027-46,10-020,SUCHITEPEQUEZ,SAN FRANCISCO ZAPOTITLAN,COLEGIO PREUNIVERSITARIO CAMINO A LA EXCELENCIA,2A. AVENIDA 2-80 ZONA 1,56225678,FREDY STUARDO QUIÑONEZ DE LEON,MELIDA BEATRIZ POROJ RODRIGUEZ,DIVERSIFICADO,PRIVADO,URBANA,ABIERTA,MONOLINGUE,DOBLE,DIARIO(REGULAR),SUCHITEPÉQUEZ
10-03-0028-46,10-020,SUCHITEPEQUEZ,SAN FRANCISCO ZAPOTITLAN,COLEGIO PREUNIVERSITARIO CAMINO A LA EXCELENCIA,2A. AVENIDA 2-80 ZONA 1,79389478,FREDY STUARDO QUIÑONEZ DE LEON,MELIDA BEATRIZ POROJ RODRIGUEZ,DIVERSIFICADO,PRIVADO,URBANA,ABIERTA,MONOLINGUE,DOBLE,FIN DE SEMANA,SUCHITEPÉQUEZ
10-03-0031-46,10-020,SUCHITEPEQUEZ,SAN FRANCISCO ZAPOTITLAN,COLEGIO EL TRIUNFO,SAN FRANCISCO ZAPOTITLAN,79389424,FREDY STUARDO QUIÑONEZ DE LEON,JUAN DE DIOS POLICARPIO MARÍN,DIVERSIFICADO,PRIVADO,URBANA,ABIERTA,MONOLINGUE,MATUTINA,DIARIO(REGULAR),SUCHITEPÉQUEZ
10-03-0037-46,10-020,SUCHITEPEQUEZ,SAN FRANCISCO ZAPOTITLAN,"INSTITUTO PRIVADO MIXTO ""EL ALFARERO""","CALLE PRINCIPAL SEGUNDO CALLEJÓN LOTIFICACION EL PANORAMA, CANTÓN SAN JOSE",33670465,FREDY STUARDO QUIÑONEZ DE LEON,FRANCISCO EVERARDO POL RAFAEL,DIVERSIFICADO,PRIVADO,RURAL,ABIERTA,MONOLINGUE,VESPERTINA,DIARIO(REGULAR),SUCHITEPÉQUEZ
10-03-0038-46,10-020,SUCHITEPEQUEZ,SAN FRANCISCO ZAPOTITLAN,"COLEGIO ""MONTE VERDE""",2A. AVENIDA 1-72 ZONA 0,55101636,FREDY STUARDO QUIÑONEZ DE LEON,KARLA PAULINA RODRÍGUEZ MALDONADO,DIVERSIFICADO,PRIVADO,URBANA,ABIERTA,MONOLINGUE,MATUTINA,DIARIO(REGULAR),SUCHITEPÉQUEZ
10-03-0040-46,10-020,SUCHITEPEQUEZ,SAN FRANCISCO ZAPOTITLAN,"INSTITUTO PRIVADO MIXTO ""EL ALFARERO""","CALLE PRINCIPAL, SEGUNDO CALLEJON LOTIFICACION EL PANORAMA, CANTON SAN JOSÉ",33670465,FREDY STUARDO QUIÑONEZ DE LEON,FRANCISCO EVERARDO POL RAFAEL,DIVERSIFICADO,PRIVADO,RURAL,ABIERTA,MONOLINGUE,DOBLE,FIN DE SEMANA,SUCHITEPÉQUEZ
10-03-0042-46,10-020,SUCHITEPEQUEZ,SAN FRANCISCO ZAPOTITLAN,"INSTITUTO PRIVADO MIXTO ""EL ALFARERO""","CALLE PRINCIPAL, SEGUNDO CALLEJÓN, LOTIFICACIÓN EL PANORAMA, CANTON SAN JOSÉ",33670465,FREDY STUARDO QUIÑONEZ DE LEON,FRANCISCO EVERARDO POL RAFAEL,DIVERSIFICADO,PRIVADO,URBANA,ABIERTA,MONOLINGUE,SIN JORNADA,SEMIPRESENCIAL (UN DÍA A LA SEMANA),SUCHITEPÉQUEZ
10-04-0018-46,10-013,SUCHITEPEQUEZ,SAN BERNARDINO,"COLEGIO PRIVADO MIXTO ""CIENCIA Y TECNOLOGIA""",CANTON LAS FLORES,41704607,RANDY YESID FIGUEROA SOLIS,GILDA MARIELA FLORES MAZARIEGOS,DIVERSIFICADO,PRIVADO,URBANA,ABIERTA,MONOLINGUE,DOBLE,FIN DE SEMANA,SUCHITEPÉQUEZ
10-04-0019-46,10-013,SUCHITEPEQUEZ,SAN BERNARDINO,"COLEGIO PRIVADO MIXTO ""CIENCIA Y TECNOLOGIA""",CANTON LAS FLORES,32767248,RANDY YESID FIGUEROA SOLIS,GILDA MARIELA FLORES MAZARIEGOS,DIVERSIFICADO,PRIVADO,URBANA,ABIERTA,MONOLINGUE,DOBLE,FIN DE SEMANA,SUCHITEPÉQUEZ
10-04-0021-46,10-013,SUCHITEPEQUEZ,SAN BERNARDINO,"COLEGIO PRIVADO MIXTO ""CIENCIA Y TECNOLOGIA""",CANTON LAS FLORES,41704667,RANDY YESID FIGUEROA SOLIS,GILDA MARIELA FLORES MAZARIEGOS,DIVERSIFICADO,PRIVADO,URBANA,ABIERTA,MONOLINGUE,SIN JORNADA,SEMIPRESENCIAL (UN DÍA A LA SEMANA),SUCHITEPÉQUEZ
10-05-0019-46,10-006,SUCHITEPEQUEZ,SAN JOSE EL IDOLO,LICEO SAN JOSE,ENTRADA DE LA AVENIDA PRINCIPAL,51186264,CARLOS EMELITON VALENZUELA MARROQUIN,ELY MAGNOLIA VAC GARCIA,DIVERSIFICADO,PRIVADO,URBANA,ABIERTA,MONOLINGUE,MATUTINA,DIARIO(REGULAR),SUCHITEPÉQUEZ
10-05-0024-46,10-006,SUCHITEPEQUEZ,SAN JOSE EL IDOLO,LICEO SAN JOSE,ENTRADA DE LA AVENIDA PRINCIPAL,41240077,CARLOS EMELITON VALENZUELA MARROQUIN,ELY MAGNOLIA VAC GARCIA,DIVERSIFICADO,PRIVADO,URBANA,ABIERTA,MONOLINGUE,DOBLE,DIARIO(REGULAR),SUCHITEPÉQUEZ
10-05-0028-46,10-006,SUCHITEPEQUEZ,SAN JOSE EL IDOLO,LICEO SAN JOSE,ENTRADA DE LA AVENIDA PRINCIPAL,41240077,CARLOS EMELITON VALENZUELA MARROQUIN,ELY MAGNOLIA VAC GARCIA,DIVERSIFICADO,PRIVADO,URBANA,ABIERTA,MONOLINGUE,VESPERTINA,DIARIO(REGULAR),SUCHITEPÉQUEZ
10-06-0016-46,10-005,SUCHITEPEQUEZ,SANTO DOMINGO SUCHITEPEQUEZ,INSTITUTO NACIONAL DE EDUCACION DIVERSIFICADA SANTO DOMINGO,SANTO DOMINGO SUCHIPEQUEZ,41573558,EDDY OSWALDO SOLARES DE LEON,RENÉ ROLANDO IXCOY QUIÑONEZ,DIVERSIFICADO,OFICIAL,URBANA,ABIERTA,MONOLINGUE,VESPERTINA,DIARIO(REGULAR),SUCHITEPÉQUEZ
10-06-0024-46,10-025,SUCHITEPEQUEZ,SANTO DOMINGO SUCHITEPEQUEZ,INSTITUTO NACIONAL DE EDUCACION DIVERSIFICADA,COMUNIDAD LA GUADALUPE,53291154,CLAUDIA TERESA SERECH GOMEZ,JOSÉ SANTIAGO GARCIA MONTEJO,DIVERSIFICADO,OFICIAL,URBANA,ABIERTA,MONOLINGUE,VESPERTINA,DIARIO(REGULAR),SUCHITEPÉQUEZ
10-06-0039-46,10-005,SUCHITEPEQUEZ,SANTO DOMINGO SUCHITEPEQUEZ,"COLEGIO PRIVADO MIXTO ""TECNOLOGICO""",PARCELAMIENTO MONTERREY,42690270,EDDY OSWALDO SOLARES DE LEON,MARÍA GABRIELA MARTÍNEZ SIS,DIVERSIFICADO,PRIVADO,RURAL,ABIERTA,MONOLINGUE,DOBLE,FIN DE SEMANA,SUCHITEPÉQUEZ
10-06-0043-46,10-029,SUCHITEPEQUEZ,SANTO DOMINGO SUCHITEPEQUEZ,"CENTRO EDUCATIVO PRIVADO ""MODALIDADES FLEXIBLES PARA LA EDUCACIÓN MEDIA LUPITA""",CALLE PRINCIPAL DE COMUNIDAD GUADALUPE,53566163,GLODY SUCELY OSORIO FIGUEROA DE MORALES,ERNESTO SALES PÉREZ,DIVERSIFICADO,PRIVADO,RURAL,ABIERTA,MONOLINGUE,DOBLE,FIN DE SEMANA,SUCHITEPÉQUEZ
10-06-0044-46,10-005,SUCHITEPEQUEZ,SANTO DOMINGO SUCHITEPEQUEZ,"COLEGIO PRIVADO MIXTO ""TECNOLOGICO""",PARCELAMIENTO MONTERREY,42690270,EDDY OSWALDO SOLARES DE LEON,MARÍA GABRIELA MARTÍNEZ SIS,DIVERSIFICADO,PRIVADO,RURAL,ABIERTA,MONOLINGUE,SIN JORNADA,SEMIPRESENCIAL (UN DÍA A LA SEMANA),SUCHITEPÉQUEZ
10-06-2286-46,10-005,SUCHITEPEQUEZ,SANTO DOMINGO SUCHITEPEQUEZ,COLEGIO PRIVADO MIXTO DE DIVERSIFICADO SHALEM,ENTRADA CANTON TARACENA,,EDDY OSWALDO SOLARES DE LEON,MIGUEL ENRIQUE DONIS CORNEJO,DIVERSIFICADO,PRIVADO,URBANA,ABIERTA,MONOLINGUE,VESPERTINA,DIARIO(REGULAR),SUCHITEPÉQUEZ
10-06-2709-46,10-025,SUCHITEPEQUEZ,SANTO DOMINGO SUCHITEPEQUEZ,COLEGIO CENTRO PEDAGOGICO GUADALUPE,PARCELAMIENTO CONRADO DE LA CRUZ,50515783,CLAUDIA TERESA SERECH GOMEZ,NORMA JUDITH CORADO GUERRA,DIVERSIFICADO,PRIVADO,RURAL,ABIERTA,MONOLINGUE,VESPERTINA,DIARIO(REGULAR),SUCHITEPÉQUEZ
10-07-0009-46,10-004,SUCHITEPEQUEZ,SAN LORENZO,"COLEGIO PRIVADO MIXTO ""LICEO LORENZANO""",SAN LORENZO,52478870,HAROLDO GAMALIEL HIDALGO SANDOVAL,HAROLDO GAMALIEL HIDALGO SANDOVAL,DIVERSIFICADO,PRIVADO,URBANA,ABIERTA,MONOLINGUE,DOBLE,FIN DE SEMANA,SUCHITEPÉQUEZ
10-07-2509-46,10-004,SUCHITEPEQUEZ,SAN LORENZO,COLEGIO PRIVADO MIXTO LICEO LORENZANO,FRENTE A LA IGLESIA CATOLICA,,HAROLDO GAMALIEL HIDALGO SANDOVAL,HAROLDO GAMALIEL HIDALGO SANDOVAL,DIVERSIFICADO,PRIVADO,URBANA,ABIERTA,MONOLINGUE,DOBLE,FIN DE SEMANA,SUCHITEPÉQUEZ
10-08-0022-46,10-009,SUCHITEPEQUEZ,SAMAYAC,"INSTITUTO PRIVADO MIXTO ""CONCEPCION""","CANTON CONCEPCION, SECTOR LA MANCHURIA",51127345,PAULA ZUCELY QUIBAJA PEREZ DE TELON,JACKELLINE DAMARIS AGUILAR ALEJANDRO,DIVERSIFICADO,PRIVADO,RURAL,ABIERTA,MONOLINGUE,DOBLE,FIN DE SEMANA,SUCHITEPÉQUEZ
10-08-0024-46,10-009,SUCHITEPEQUEZ,SAMAYAC,"INSTITUTO PRIVADO MIXTO ""CONCEPCIÓN""","CANTON CONCEPCION, SECTOR LA MANCHURIA",51127345,PAULA ZUCELY QUIBAJA PEREZ DE TELON,JACKELLINE DAMARIS AGUILAR ALEJANDRO,DIVERSIFICADO,PRIVADO,URBANA,ABIERTA,MONOLINGUE,MATUTINA,DIARIO(REGULAR),SUCHITEPÉQUEZ
10-08-0025-46,10-009,SUCHITEPEQUEZ,SAMAYAC,"INSTITUTO PRIVADO MIXTO ""CONCEPCIÓN""","CANTON CONCEPCION, SECTOR LA MANCHURIA",51127345,PAULA ZUCELY QUIBAJA PEREZ DE TELON,JACKELLINE DAMARIS AGUILAR ALEJANDRO,DIVERSIFICADO,PRIVADO,URBANA,ABIERTA,MONOLINGUE,DOBLE,FIN DE SEMANA,SUCHITEPÉQUEZ
10-08-0026-46,10-009,SUCHITEPEQUEZ,SAMAYAC,"INSTITUTO PRIVADO MIXTO ""CONCEPCIÓN""","CANTON CONCEPCION, SECTOR LA MANCHURIA",51127345,PAULA ZUCELY QUIBAJA PEREZ DE TELON,JACKELLINE DAMARIS AGUILAR ALEJANDRO,DIVERSIFICADO,PRIVADO,URBANA,ABIERTA,MONOLINGUE,VESPERTINA,DIARIO(REGULAR),SUCHITEPÉQUEZ
10-08-0029-46,10-009,SUCHITEPEQUEZ,SAMAYAC,INSTITUTO DE EDUCACION AVANZADA,CANTON CALVARIO,42147633,PAULA ZUCELY QUIBAJA PEREZ DE TELON,SINDY CARLOTA MANCIO MÉNDEZ,DIVERSIFICADO,PRIVADO,URBANA,ABIERTA,MONOLINGUE,SIN JORNADA,SEMIPRESENCIAL (UN DÍA A LA SEMANA),SUCHITEPÉQUEZ
10-08-0031-46,10-009,SUCHITEPEQUEZ,SAMAYAC,"INSTITUTO PRIVADO MIXTO ""CONCEPCION""","CANTON COCCEPCION, SECTOR LA MANCHURIA",51127345,PAULA ZUCELY QUIBAJA PEREZ DE TELON,JACKELLINE DAMARIS AGUILAR ALEJANDRO,DIVERSIFICADO,PRIVADO,URBANA,ABIERTA,MONOLINGUE,SIN JORNADA,SEMIPRESENCIAL (UN DÍA A LA SEMANA),SUCHITEPÉQUEZ
10-08-1959-46,10-009,SUCHITEPEQUEZ,SAMAYAC,INSTITUTO DE EDUCACION AVANZADA,CANTON CALVARIO,42147633,PAULA ZUCELY QUIBAJA PEREZ DE TELON,SINDY CARLOTA MANCIO MÉNDEZ,DIVERSIFICADO,PRIVADO,URBANA,ABIERTA,MONOLINGUE,DOBLE,FIN DE SEMANA,SUCHITEPÉQUEZ
10-08-2508-46,10-009,SUCHITEPEQUEZ,SAMAYAC,INSTITUTO DE EDUCACION AVANZADA,CANTON CALVARIO,78720971,PAULA ZUCELY QUIBAJA PEREZ DE TELON,SINDY CARLOTA MANCIO MÉNDEZ,DIVERSIFICADO,PRIVADO,URBANA,ABIERTA,MONOLINGUE,DOBLE,FIN DE SEMANA,SUCHITEPÉQUEZ
10-09-0009-46,10-010,SUCHITEPEQUEZ,SAN PABLO JOCOPILAS,INSTITUTO NACIONAL DE EDUCACION DIVERSIFICADA SAN PABLO JOCOPILAS,CALLE PRINCIPAL ENTRADA AL CAMPO MUNICIPAL,54213331,MILDRED JANETH DE LEON MENDEZ DE FUENTES,ALMA YADIRA CIFUENTES RODRIGUEZ,DIVERSIFICADO,OFICIAL,URBANA,ABIERTA,MONOLINGUE,VESPERTINA,DIARIO(REGULAR),SUCHITEPÉQUEZ
10-09-0018-46,10-010,SUCHITEPEQUEZ,SAN PABLO JOCOPILAS,INSTITUTO DIVERSIFICADO POR COOPERATIVA,ALDEA CHOCOLA,41719030,MILDRED JANETH DE LEON MENDEZ DE FUENTES,LUCERO FIDELINA SAY MENCHÚ,DIVERSIFICADO,COOPERATIVA,RURAL,ABIERTA,MONOLINGUE,VESPERTINA,DIARIO(REGULAR),SUCHITEPÉQUEZ
10-09-0020-46,10-010,SUCHITEPEQUEZ,SAN PABLO JOCOPILAS,"INSTITUTO PARTICULAR MIXTO ""TECNOLOGICO""",1A. CALLE CENTRO HISTORICO ZONA 1,54415897,MILDRED JANETH DE LEON MENDEZ DE FUENTES,MARVIN REYNALDO JERÉZ LÓPEZ,DIVERSIFICADO,PRIVADO,URBANA,ABIERTA,MONOLINGUE,DOBLE,FIN DE SEMANA,SUCHITEPÉQUEZ
10-09-0021-46,10-010,SUCHITEPEQUEZ,SAN PABLO JOCOPILAS,"INSTITUTO PARTICULAR MIXTO ""TECNOLOGICO""",1A. CALLE CENTRO HISTORICO ZONA 1,54415897,MILDRED JANETH DE LEON MENDEZ DE FUENTES,MARVIN REYNALDO JERÉZ LÓPEZ,DIVERSIFICADO,PRIVADO,URBANA,ABIERTA,MONOLINGUE,DOBLE,FIN DE SEMANA,SUCHITEPÉQUEZ
10-09-0023-46,10-010,SUCHITEPEQUEZ,SAN PABLO JOCOPILAS,"INSTITUTO PARTICULAR MIXTO ""TECNOLOGICO""",1A. CALLE CENTRO HISTORICO ZONA 1,54415857,MILDRED JANETH DE LEON MENDEZ DE FUENTES,MARVIN REYNALDO JERÉZ LÓPEZ,DIVERSIFICADO,PRIVADO,URBANA,ABIERTA,MONOLINGUE,SIN JORNADA,SEMIPRESENCIAL (UN DÍA A LA SEMANA),SUCHITEPÉQUEZ
10-09-2104-46,10-010,SUCHITEPEQUEZ,SAN PABLO JOCOPILAS,INSTITUTO DIVERSIFICADO POR COOPERATIVA EDUCACION POR LA PAZ Y DESARROLLO COMUNITARIO,CALLE PRINCIPAL A UN COSTADO DEL CAMPO DE FUTBOL,58595571,MILDRED JANETH DE LEON MENDEZ DE FUENTES,MARVYN SAÚL MINUEZA PÉREZ,DIVERSIFICADO,COOPERATIVA,URBANA,ABIERTA,MONOLINGUE,VESPERTINA,DIARIO(REGULAR),SUCHITEPÉQUEZ
10-10-0001-46,10-026,SUCHITEPEQUEZ,SAN ANTONIO SUCHITEPEQUEZ,"COLEGIO PRIVADO MIXTO ""AMERICANO""",2DA. CALLE PROLONGACION,78704812,MAYNOR RENE SAQUIC ESPINOZA,CARLOS AUGUSTO OCHOA LÓPEZ,DIVERSIFICADO,PRIVADO,URBANA,ABIERTA,MONOLINGUE,VESPERTINA,DIARIO(REGULAR),SUCHITEPÉQUEZ
10-10-0025-46,10-026,SUCHITEPEQUEZ,SAN ANTONIO SUCHITEPEQUEZ,INSTITUTO NACIONAL DE EDUCACION DIVERSIFICADA SAN ANTONIO,COLONIA SANTA FE,47362810,MAYNOR RENE SAQUIC ESPINOZA,PETRONA SAQUIC CHÚC,DIVERSIFICADO,OFICIAL,URBANA,ABIERTA,MONOLINGUE,VESPERTINA,DIARIO(REGULAR),SUCHITEPÉQUEZ
10-10-0037-46,10-026,SUCHITEPEQUEZ,SAN ANTONIO SUCHITEPEQUEZ,COLEGIO PRIVADO MIXTO LICEO SAN ANTONIO,3A. CALLE Y 4A. AV. ZONA 1,78704779,MAYNOR RENE SAQUIC ESPINOZA,NATKIN ANIBAL REYES VIELMAN,DIVERSIFICADO,PRIVADO,URBANA,ABIERTA,MONOLINGUE,MATUTINA,DIARIO(REGULAR),SUCHITEPÉQUEZ
10-10-0038-46,10-026,SUCHITEPEQUEZ,SAN ANTONIO SUCHITEPEQUEZ,COLEGIO PRIVADO MIXTO LICEO SAN ANTONIO,3A. CALLE Y 4A. AV. ZONA 1,78704779,MAYNOR RENE SAQUIC ESPINOZA,NATKIN ANIBAL REYES VIELMAN,DIVERSIFICADO,PRIVADO,URBANA,ABIERTA,MONOLINGUE,DOBLE,FIN DE SEMANA,SUCHITEPÉQUEZ
10-10-0046-46,10-026,SUCHITEPEQUEZ,SAN ANTONIO SUCHITEPEQUEZ,"COLEGIO PRIVADO MIXTO ""AMERICANO""",2A. CALLE PROLONGACION,78704812,MAYNOR RENE SAQUIC ESPINOZA,CARLOS AUGUSTO OCHOA LÓPEZ,DIVERSIFICADO,PRIVADO,URBANA,ABIERTA,MONOLINGUE,DOBLE,FIN DE SEMANA,SUCHITEPÉQUEZ
10-10-0050-46,10-026,SUCHITEPEQUEZ,SAN ANTONIO SUCHITEPEQUEZ,LICEO DE COMPUTACION SIGLO 21,1A. CALLE Y 1A. AVENIDA 0-04,78705377,MAYNOR RENE SAQUIC ESPINOZA,EVELIN YOHANA HERNÁNDEZ LOPRETO,DIVERSIFICADO,PRIVADO,URBANA,ABIERTA,MONOLINGUE,DOBLE,DIARIO(REGULAR),SUCHITEPÉQUEZ
10-10-0055-46,10-026,SUCHITEPEQUEZ,SAN ANTONIO SUCHITEPEQUEZ,"COLEGIO EVANGELICO ""NUEVA JERUSALEN""",1A. AVENIDA 1A. CALLE 1-01 ZONA 1,54559058,MAYNOR RENE SAQUIC ESPINOZA,ALBA AMÉRICA RECINOS ARGUETA,DIVERSIFICADO,PRIVADO,URBANA,ABIERTA,MONOLINGUE,MATUTINA,DIARIO(REGULAR),SUCHITEPÉQUEZ
10-10-0056-46,10-026,SUCHITEPEQUEZ,SAN ANTONIO SUCHITEPEQUEZ,"COLEGIO PRIVADO MIXTO ""AMERICANO""",2DA. CALLE PROLONGACION,78704812,MAYNOR RENE SAQUIC ESPINOZA,CARLOS AUGUSTO OCHOA LÓPEZ,DIVERSIFICADO,PRIVADO,URBANA,ABIERTA,MONOLINGUE,MATUTINA,DIARIO(REGULAR),SUCHITEPÉQUEZ
10-10-0068-46,10-026,SUCHITEPEQUEZ,SAN ANTONIO SUCHITEPEQUEZ,"COLEGIO CIENTIFICO TECNOLOGICO ""EINSTEIN""",4A. CALLE COLONIA BLANQUITA,56331047,MAYNOR RENE SAQUIC ESPINOZA,OSWALDO ALEJANDRO MASAYA RODAS,DIVERSIFICADO,PRIVADO,URBANA,ABIERTA,MONOLINGUE,VESPERTINA,DIARIO(REGULAR),SUCHITEPÉQUEZ
10-10-0075-46,10-026,SUCHITEPEQUEZ,SAN ANTONIO SUCHITEPEQUEZ,COLEGIO EVANGELICO NUEVA JERUSALEN,1A. AVENIDA 1A. CALLE 1-01 ZONA 1,78704245,MAYNOR RENE SAQUIC ESPINOZA,ALBA AMÉRICA RECINOS ARGUETA,DIVERSIFICADO,PRIVADO,URBANA,ABIERTA,MONOLINGUE,DOBLE,DIARIO(REGULAR),SUCHITEPÉQUEZ
10-10-0076-46,10-026,SUCHITEPEQUEZ,SAN ANTONIO SUCHITEPEQUEZ,ESCUELA NORMAL DE EDUCACION FISICA,ENTRE 1A. Y 2A. AVENIDA DE LA COLONIA SANTA FE,78705186,MAYNOR RENE SAQUIC ESPINOZA,TULIO BLADIMIRO URRUTIA MALDONADO,DIVERSIFICADO,OFICIAL,URBANA,ABIERTA,MONOLINGUE,DOBLE,DIARIO(REGULAR),SUCHITEPÉQUEZ
10-10-0080-46,10-026,SUCHITEPEQUEZ,SAN ANTONIO SUCHITEPEQUEZ,"LICEO DE COMPUTACIÓN ""SIGLO 21""",1A. CALLE 1A. AVENIDA 0-04,78705377,MAYNOR RENE SAQUIC ESPINOZA,EVELIN YOHANA HERNÁNDEZ LOPRETO,DIVERSIFICADO,PRIVADO,URBANA,ABIERTA,MONOLINGUE,DOBLE,FIN DE SEMANA,SUCHITEPÉQUEZ
10-10-0086-46,10-026,SUCHITEPEQUEZ,SAN ANTONIO SUCHITEPEQUEZ,INSTITUTO DE COMPUTACIÓN INFORMÁTICA,CASERIO SANTA RITA PACHIPA,78704005,MAYNOR RENE SAQUIC ESPINOZA,EZRA FIELDING GONZÁLEZ ARAGÓN,DIVERSIFICADO,PRIVADO,RURAL,ABIERTA,MONOLINGUE,MATUTINA,DIARIO(REGULAR),SUCHITEPÉQUEZ
10-10-0087-46,10-026,SUCHITEPEQUEZ,SAN ANTONIO SUCHITEPEQUEZ,INSTITUTO DE COMPUTACIÓN INFORMÁTICA,CASERIO SANTA RITA PACHIPA,78704005,MAYNOR RENE SAQUIC ESPINOZA,EZRA FIELDING GONZÁLEZ ARAGÓN,DIVERSIFICADO,PRIVADO,RURAL,ABIERTA,MONOLINGUE,VESPERTINA,DIARIO(REGULAR),SUCHITEPÉQUEZ
10-10-0088-46,10-026,SUCHITEPEQUEZ,SAN ANTONIO SUCHITEPEQUEZ,INSTITUTO DE COMPUTACIÓN INFORMÁTICA,CASERIO SANTA RITA PACHIPA,78704005,MAYNOR RENE SAQUIC ESPINOZA,EZRA FIELDING GONZÁLEZ ARAGÓN,DIVERSIFICADO,PRIVADO,RURAL,ABIERTA,MONOLINGUE,DOBLE,DIARIO(REGULAR),SUCHITEPÉQUEZ
10-10-0093-46,10-026,SUCHITEPEQUEZ,SAN ANTONIO SUCHITEPEQUEZ,COLEGIO PRIVADO MIXTO LICEO SAN ANTONIO,3A. CALLE 4A. AVENIDA ZONA 1,78704779,MAYNOR RENE SAQUIC ESPINOZA,NATKIN ANIBAL REYES VIELMAN,DIVERSIFICADO,PRIVADO,URBANA,ABIERTA,MONOLINGUE,SIN JORNADA,SEMIPRESENCIAL (UN DÍA A LA SEMANA),SUCHITEPÉQUEZ
10-10-0094-46,10-026,SUCHITEPEQUEZ,SAN ANTONIO SUCHITEPEQUEZ,INSTITIUTO PRIVADO MIXTO POR MADUREZ EL SABER,3A. AVENIDA ENTRE 6A. Y 7A. CALLE,78704574,MAYNOR RENE SAQUIC ESPINOZA,ANA MIRSHA OVALLE CABRERA,DIVERSIFICADO,PRIVADO,URBANA,ABIERTA,MONOLINGUE,SIN JORNADA,SEMIPRESENCIAL (UN DÍA A LA SEMANA),SUCHITEPÉQUEZ
10-10-0096-46,10-026,SUCHITEPEQUEZ,SAN ANTONIO SUCHITEPEQUEZ,LICEO DE COMPUTACION SIGLO 21,1A. AVENIDA Y 1A. CALLE 0-04 ZONA 1,78705377,MAYNOR RENE SAQUIC ESPINOZA,EVELIN YOHANA HERNÁNDEZ LOPRETO,DIVERSIFICADO,PRIVADO,URBANA,ABIERTA,MONOLINGUE,SIN JORNADA,SEMIPRESENCIAL (UN DÍA A LA SEMANA),SUCHITEPÉQUEZ
10-10-0098-46,10-026,SUCHITEPEQUEZ,SAN ANTONIO SUCHITEPEQUEZ,COLEGIO PRIVADO MIXTO AMERICANO,2A. CALLE PROLONGACION,78704812,MAYNOR RENE SAQUIC ESPINOZA,CARLOS AUGUSTO OCHOA LÓPEZ,DIVERSIFICADO,PRIVADO,URBANA,ABIERTA,MONOLINGUE,SIN JORNADA,SEMIPRESENCIAL (UN DÍA A LA SEMANA),SUCHITEPÉQUEZ
10-10-0100-46,10-026,SUCHITEPEQUEZ,SAN ANTONIO SUCHITEPEQUEZ,INSTITUTO DE COMPUTACIÓN INFORMÁTICA,CASERIO SANTA RITA PACHIPA,32394560,MAYNOR RENE SAQUIC ESPINOZA,MYNOR FERNANDO ZAPETA ALONZO,DIVERSIFICADO,PRIVADO,RURAL,ABIERTA,MONOLINGUE,DOBLE,FIN DE SEMANA,SUCHITEPÉQUEZ
10-10-0102-46,10-026,SUCHITEPEQUEZ,SAN ANTONIO SUCHITEPEQUEZ,INSTITUTO DE COMPUTACIÓN INFORMÁTICA,CAERIO SANTA RITA PACHIPA,32394560,MAYNOR RENE SAQUIC ESPINOZA,MYNOR FERNANDO ZAPETA ALONZO,DIVERSIFICADO,PRIVADO,RURAL,ABIERTA,MONOLINGUE,SIN JORNADA,SEMIPRESENCIAL (UN DÍA A LA SEMANA),SUCHITEPÉQUEZ
10-10-0265-46,10-026,SUCHITEPEQUEZ,SAN ANTONIO SUCHITEPEQUEZ,INSTITUTO PRIVADO MIXTO DE EDUCACION DIVERSIFICADA SAN ANTONIO,2A AVE. ENTRE 1A Y 2A CALLES,78704745,MAYNOR RENE SAQUIC ESPINOZA,OLINDA NINET RODRIGUEZ RECINOS,DIVERSIFICADO,PRIVADO,URBANA,ABIERTA,MONOLINGUE,NOCTURNA,DIARIO(REGULAR),SUCHITEPÉQUEZ
10-10-1984-46,10-026,SUCHITEPEQUEZ,SAN ANTONIO SUCHITEPEQUEZ,INSTITUTO PRIVADO MIXTO PROFESIONAL LA EDUCACION,COLONIA SANTA FE,78704082,MAYNOR RENE SAQUIC ESPINOZA,ALFREDO DE JESÚS BARRIOS SOLIS,DIVERSIFICADO,PRIVADO,URBANA,ABIERTA,MONOLINGUE,MATUTINA,DIARIO(REGULAR),SUCHITEPÉQUEZ
10-10-2337-46,10-026,SUCHITEPEQUEZ,SAN ANTONIO SUCHITEPEQUEZ,INSTITUTO PRIVADO MIXTO POR MADUREZ EL SABER,3A. AV. ENTRE 6A. Y 7A. CALLE,78704574,MAYNOR RENE SAQUIC ESPINOZA,ANA MIRSHA OVALLE CABRERA,DIVERSIFICADO,PRIVADO,URBANA,ABIERTA,MONOLINGUE,DOBLE,FIN DE SEMANA,SUCHITEPÉQUEZ
10-10-2491-46,10-026,SUCHITEPEQUEZ,SAN ANTONIO SUCHITEPEQUEZ,LICEO DE COMPUTACION SIGLO 21,1A. CALLE Y 1A. AVENIDA 0-04,78705377,MAYNOR RENE SAQUIC ESPINOZA,EVELIN YOHANA HERNÁNDEZ LOPRETO,DIVERSIFICADO,PRIVADO,URBANA,ABIERTA,MONOLINGUE,MATUTINA,DIARIO(REGULAR),SUCHITEPÉQUEZ
10-12-0007-46,10-004,SUCHITEPEQUEZ,SAN GABRIEL,COLEGIO PRIVADO MIXTO INNOVACION EDUCATIVA,SAN GABRIEL,59654378,HAROLDO GAMALIEL HIDALGO SANDOVAL,ANGELICA MARIA SEM XICAY,DIVERSIFICADO,PRIVADO,URBANA,ABIERTA,MONOLINGUE,DOBLE,DIARIO(REGULAR),SUCHITEPÉQUEZ
10-12-0008-46,10-004,SUCHITEPEQUEZ,SAN GABRIEL,COLEGIO PRIVADO MIXTO INNOVACION EDUCATIVA,SAN GABRIEL,59654378,HAROLDO GAMALIEL HIDALGO SANDOVAL,ANGELICA MARIA SEM XICAY,DIVERSIFICADO,PRIVADO,URBANA,ABIERTA,MONOLINGUE,VESPERTINA,DIARIO(REGULAR),SUCHITEPÉQUEZ
10-12-0009-46,10-004,SUCHITEPEQUEZ,SAN GABRIEL,COLEGIO PRIVADO MIXTO INNOVACION EDUCATIVA,SAN GABRIEL,57065025,HAROLDO GAMALIEL HIDALGO SANDOVAL,ANGELICA MARIA SEM XICAY,DIVERSIFICADO,PRIVADO,URBANA,ABIERTA,MONOLINGUE,DOBLE,FIN DE SEMANA,SUCHITEPÉQUEZ
10-12-0010-46,10-004,SUCHITEPEQUEZ,SAN GABRIEL,COLEGIO PRIVADO MIXTO INNOVACION EDUCATIVA,SAN GABRIEL,59654378,HAROLDO GAMALIEL HIDALGO SANDOVAL,ANGELICA MARIA SEM XICAY,DIVERSIFICADO,PRIVADO,URBANA,ABIERTA,MONOLINGUE,DOBLE,FIN DE SEMANA,SUCHITEPÉQUEZ
10-12-0016-46,10-004,SUCHITEPEQUEZ,SAN GABRIEL,INSTITUTO PRIVADO DEL SUR,"KM. 165, CINTA ASFALTICA",34308262,HAROLDO GAMALIEL HIDALGO SANDOVAL,LUIS ALFONSO LÓPEZ LÓPEZ,DIVERSIFICADO,PRIVADO,URBANA,ABIERTA,MONOLINGUE,VESPERTINA,DIARIO(REGULAR),SUCHITEPÉQUEZ
10-12-0018-46,10-004,SUCHITEPEQUEZ,SAN GABRIEL,"COLEGIO PRIVADO MIXTO ""INNOVACION EDUCATIVA""",.,59654378,HAROLDO GAMALIEL HIDALGO SANDOVAL,ANGELICA MARIA SEM XICAY,DIVERSIFICADO,PRIVADO,URBANA,ABIERTA,MONOLINGUE,SIN JORNADA,SEMIPRESENCIAL (UN DÍA A LA SEMANA),SUCHITEPÉQUEZ
10-13-0015-46,10-015,SUCHITEPEQUEZ,CHICACAO,INSTITUTO NACIONAL DE EDUCACION DIVERSIFICADA CHICACAO,1A. CALLE 5-39 ZONA 1,58266676,ANTONIO TUMAX SAC,BRENDA LISSETTE SÁNCHEZ ALVAREZ,DIVERSIFICADO,OFICIAL,URBANA,ABIERTA,MONOLINGUE,VESPERTINA,DIARIO(REGULAR),SUCHITEPÉQUEZ
10-13-0039-46,10-015,SUCHITEPEQUEZ,CHICACAO,"COLEGIO PRIVADO MIXTO ""SABIDURIA Y EXITO""",ALDEA NAHUALATE,41070241,ANTONIO TUMAX SAC,ROMEO RODRIGUEZ RUBIO,DIVERSIFICADO,PRIVADO,RURAL,ABIERTA,MONOLINGUE,DOBLE,FIN DE SEMANA,SUCHITEPÉQUEZ
10-13-0040-46,10-015,SUCHITEPEQUEZ,CHICACAO,"COLEGIO PRIVADO MIXTO ""SABIDURIA Y EXITO""",ALDEA NAHUALATE,41070241,ANTONIO TUMAX SAC,ROMEO RODRIGUEZ RUBIO,DIVERSIFICADO,PRIVADO,RURAL,ABIERTA,MONOLINGUE,DOBLE,FIN DE SEMANA,SUCHITEPÉQUEZ
10-13-0049-46,10-015,SUCHITEPEQUEZ,CHICACAO,COLEGIO PRIVADO MIXTO PAMAXÁN,"1A. CALLE 1-48 ZONA 1, BARRIO REAL SAMUC",42125268,ANTONIO TUMAX SAC,OSCAR RENÉ DE LEÓN CRUZ,DIVERSIFICADO,PRIVADO,URBANA,ABIERTA,MONOLINGUE,DOBLE,FIN DE SEMANA,SUCHITEPÉQUEZ
10-13-0050-46,10-015,SUCHITEPEQUEZ,CHICACAO,COLEGIO PRIVADO MIXTO PAMAXÁN,"1A. CALLE 1-48 ZONA 1, BARRIO REAL SAMUC",56331082,ANTONIO TUMAX SAC,JORGE FERNANDO MARTÍNEZ GÓMEZ,DIVERSIFICADO,PRIVADO,URBANA,ABIERTA,MONOLINGUE,VESPERTINA,DIARIO(REGULAR),SUCHITEPÉQUEZ
10-13-0051-46,10-015,SUCHITEPEQUEZ,CHICACAO,COLEGIO PRIVADO MIXTO PAMAXÁN,"1A. CALLE 1-48 ZONA 1, BARRIO REAL SAMUC",42125268,ANTONIO TUMAX SAC,OSCAR RENÉ DE LEÓN CRUZ,DIVERSIFICADO,PRIVADO,URBANA,ABIERTA,MONOLINGUE,DOBLE,FIN DE SEMANA,SUCHITEPÉQUEZ
10-13-0052-46,10-015,SUCHITEPEQUEZ,CHICACAO,"COLEGIO PRIVADO MIXTO ""JOSE FRANCISCO RIVAS""","COLONIA EL RECUERDO, LOTE NO. 15",58485513,ANTONIO TUMAX SAC,ROSA ALBINA GONZALEZ TZINÁ,DIVERSIFICADO,PRIVADO,URBANA,ABIERTA,MONOLINGUE,VESPERTINA,DIARIO(REGULAR),SUCHITEPÉQUEZ
10-13-0054-46,10-015,SUCHITEPEQUEZ,CHICACAO,"COLEGIO PRIVADO MIXTO ""JOSE FRANCISCO RIVAS""","COLONIA EL RECUERDO, LOTE NO. 15",51225918,ANTONIO TUMAX SAC,ROSA ALBINA GONZALEZ TZINÁ,DIVERSIFICADO,PRIVADO,URBANA,ABIERTA,MONOLINGUE,MATUTINA,DIARIO(REGULAR),SUCHITEPÉQUEZ
10-13-0056-46,10-015,SUCHITEPEQUEZ,CHICACAO,COLEGIO PRIVADO MIXTO PAMAXAN,"1A. CALLE 1-48 ZONA 1, BARRIO REAL SAMUC",78677110,ANTONIO TUMAX SAC,HEIDY ELVIRA PACACH ISIDRO,DIVERSIFICADO,PRIVADO,URBANA,ABIERTA,MONOLINGUE,MATUTINA,DIARIO(REGULAR),SUCHITEPÉQUEZ
10-13-0059-46,10-015,SUCHITEPEQUEZ,CHICACAO,COLEGIO PRIVADO MIXTO PAMAXAN,"1A. CALLE 1-48 ZONA 1, BARRIO REAL SAMUC",78677110,ANTONIO TUMAX SAC,OSCAR RENÉ DE LEÓN CRUZ,DIVERSIFICADO,PRIVADO,URBANA,ABIERTA,MONOLINGUE,SIN JORNADA,SEMIPRESENCIAL (UN DÍA A LA SEMANA),SUCHITEPÉQUEZ
10-13-0060-46,10-015,SUCHITEPEQUEZ,CHICACAO,"COLEGIO PRIVADO MIXTO ""SABIDURIA Y EXITO""",ALDEA NAHUALATE,41024107,ANTONIO TUMAX SAC,ROMEO RODRIGUEZ RUBIO,DIVERSIFICADO,PRIVADO,RURAL,ABIERTA,MONOLINGUE,SIN JORNADA,SEMIPRESENCIAL (UN DÍA A LA SEMANA),SUCHITEPÉQUEZ
10-14-0009-46,10-017,SUCHITEPEQUEZ,PATULUL,INSTITUTO NACIONAL DE EDUCACION DIVERSIFICADA PATULUL,5A. CALLE 1-10 ZONA 1,78819091,ELMO ROGELIO RODRIGUEZ ORELLANA,RONALD ENRIQUE VELA DE LEON,DIVERSIFICADO,OFICIAL,URBANA,ABIERTA,MONOLINGUE,VESPERTINA,DIARIO(REGULAR),SUCHITEPÉQUEZ
10-14-0020-46,10-017,SUCHITEPEQUEZ,PATULUL,"COLEGIO MIXTO ""NUEVO AMANECER""",BARRIO EL CALVARIO,78719961,ELMO ROGELIO RODRIGUEZ ORELLANA,ROSANA ISABEL ARAUZ MEDRANO,DIVERSIFICADO,PRIVADO,URBANA,ABIERTA,MONOLINGUE,VESPERTINA,DIARIO(REGULAR),SUCHITEPÉQUEZ
10-14-0021-46,10-017,SUCHITEPEQUEZ,PATULUL,"COLEGIO MIXTO ""NUEVO AMANECER""",BARRIO EL CALVARIO,78719961,ELMO ROGELIO RODRIGUEZ ORELLANA,ROSANA ISABEL ARAUZ MEDRANO,DIVERSIFICADO,PRIVADO,URBANA,ABIERTA,MONOLINGUE,DOBLE,FIN DE SEMANA,SUCHITEPÉQUEZ
10-14-0037-46,10-017,SUCHITEPEQUEZ,PATULUL,"COLEGIO PRIVADO MIXTO ""JESUS DE NAZARETH""",3A. AVENIDA 02-042 ZONA 0,33159910,ELMO ROGELIO RODRIGUEZ ORELLANA,CLAUDIA GABRIELA RUIZ CRISPIN,DIVERSIFICADO,PRIVADO,URBANA,ABIERTA,MONOLINGUE,VESPERTINA,DIARIO(REGULAR),SUCHITEPÉQUEZ
10-14-0050-46,10-017,SUCHITEPEQUEZ,PATULUL,LICEO EDUCATIVO TECNICO EVANGELICO,BARRIO EL TRIUNFO,78719386,ELMO ROGELIO RODRIGUEZ ORELLANA,ANGEL VICENTE BELTRÁN MARTÍNEZ,DIVERSIFICADO,PRIVADO,URBANA,ABIERTA,MONOLINGUE,MATUTINA,DIARIO(REGULAR),SUCHITEPÉQUEZ
10-14-0051-46,10-017,SUCHITEPEQUEZ,PATULUL,INSTITUTO PRIVADO MIXTO DE COMPUTACION INFORMATICA ICI,6A. CALLE 4-93 ZONA 1 BARRIO PUEBLO NUEVO,78719097,ELMO ROGELIO RODRIGUEZ ORELLANA,BLANCA DEYCI DE LEÓN LÓPEZ,DIVERSIFICADO,PRIVADO,URBANA,ABIERTA,MONOLINGUE,DOBLE,FIN DE SEMANA,SUCHITEPÉQUEZ
10-14-0053-46,10-017,SUCHITEPEQUEZ,PATULUL,"COLEGIO PRIVADO ""SAN ANDRES""",1A. AVENIDA Y 2A. CALLE,78719601,ELMO ROGELIO RODRIGUEZ ORELLANA,ELIDA ETELBINA BOCH SUT,DIVERSIFICADO,PRIVADO,URBANA,ABIERTA,MONOLINGUE,MATUTINA,DIARIO(REGULAR),SUCHITEPÉQUEZ
10-14-0056-46,10-017,SUCHITEPEQUEZ,PATULUL,"CENTRO DE ESTUDIOS COMERCIALES ""SANTA MARIA""",BARRIO EL TRIUNFO,78719506,ELMO ROGELIO RODRIGUEZ ORELLANA,GLENDA MARIBEL IXCOY URIZAR,DIVERSIFICADO,PRIVADO,URBANA,ABIERTA,MONOLINGUE,DOBLE,FIN DE SEMANA,SUCHITEPÉQUEZ
10-14-0058-46,10-017,SUCHITEPEQUEZ,PATULUL,"COLEGIO MIXTO ""NUEVO AMANECER""",BARRIO EL CALVARIO,78719961,ELMO ROGELIO RODRIGUEZ ORELLANA,ROSANA ISABEL ARAUZ MEDRANO,DIVERSIFICADO,PRIVADO,URBANA,ABIERTA,MONOLINGUE,DOBLE,FIN DE SEMANA,SUCHITEPÉQUEZ
10-14-0060-46,10-017,SUCHITEPEQUEZ,PATULUL,"COLEGIO PRIVADO MIXTO ""JESUS DE NAZARETH""",3A. AV. 02-042 ZONA 0,33159910,ELMO ROGELIO RODRIGUEZ ORELLANA,CLAUDIA GABRIELA RUIZ CRISPIN,DIVERSIFICADO,PRIVADO,URBANA,ABIERTA,MONOLINGUE,DOBLE,FIN DE SEMANA,SUCHITEPÉQUEZ
10-14-0062-46,10-017,SUCHITEPEQUEZ,PATULUL,"COLEGIO PRIVADO MIXTO ""JESUS DE NAZARETH""",3A. AVENIDA 02-042 ZONA 0,50807284,ELMO ROGELIO RODRIGUEZ ORELLANA,CLAUDIA GABRIELA RUIZ CRISPIN,DIVERSIFICADO,PRIVADO,URBANA,ABIERTA,MONOLINGUE,DOBLE,FIN DE SEMANA,SUCHITEPÉQUEZ
10-14-0066-46,10-017,SUCHITEPEQUEZ,PATULUL,COLEGIO MUNDO DE JUGUETES,"CANTON LA PAZ, RANCHO LOS OLIVOS, CARRETERA A COCALES",78719903,ELMO ROGELIO RODRIGUEZ ORELLANA,ANGEL MANOLO LÓPEZ JOTAS,DIVERSIFICADO,PRIVADO,URBANA,ABIERTA,MONOLINGUE,DOBLE,FIN DE SEMANA,SUCHITEPÉQUEZ
10-14-0067-46,10-017,SUCHITEPEQUEZ,PATULUL,COLEGIO MUNDO DE JUGUETES,"CANTON LA PAZ, RANCHO LOS OLIVOS, CARRETERA A COCALES",78716699,ELMO ROGELIO RODRIGUEZ ORELLANA,TERESA ELIZABETH PÉREZ CANEL,DIVERSIFICADO,PRIVADO,URBANA,ABIERTA,MONOLINGUE,DOBLE,FIN DE SEMANA,SUCHITEPÉQUEZ
10-14-0071-46,10-017,SUCHITEPEQUEZ,PATULUL,COLEGIO CRISTIANO EMMANUEL,CALLE VALENTIN BRESSANI,78719889,ELMO ROGELIO RODRIGUEZ ORELLANA,JENNYFER AZUCENA AXULEN RAMOS,DIVERSIFICADO,PRIVADO,URBANA,ABIERTA,MONOLINGUE,DOBLE,FIN DE SEMANA,SUCHITEPÉQUEZ
10-14-0075-46,10-017,SUCHITEPEQUEZ,PATULUL,INSTITUTO PRIVADO MIXTO DE COMPUTACION INFORMATICA ICI,6A. CALLE 4-93 ZONA 1 BARRIO PUEBLO NUEVO,78719097,ELMO ROGELIO RODRIGUEZ ORELLANA,BLANCA DEYCI DE LEÓN LÓPEZ,DIVERSIFICADO,PRIVADO,URBANA,ABIERTA,MONOLINGUE,SIN JORNADA,SEMIPRESENCIAL (UN DÍA A LA SEMANA),SUCHITEPÉQUEZ
10-14-0076-46,10-017,SUCHITEPEQUEZ,PATULUL,"COLEGIO MIXTO ""NUEVO AMANECER""",BARRIO EL CALVARIO,78711996,ELMO ROGELIO RODRIGUEZ ORELLANA,ROSANA ISABEL ARAUZ MEDRANO,DIVERSIFICADO,PRIVADO,URBANA,ABIERTA,MONOLINGUE,SIN JORNADA,SEMIPRESENCIAL (UN DÍA A LA SEMANA),SUCHITEPÉQUEZ
10-14-0078-46,10-017,SUCHITEPEQUEZ,PATULUL,COLEGIO MUNDO DE JUGUETES,"CANTON LA PAZ, RANCHO LOS OLIVOS, CARETERA A COCALES",78719903,ELMO ROGELIO RODRIGUEZ ORELLANA,TERESA ELIZABETH PÉREZ CANEL,DIVERSIFICADO,PRIVADO,RURAL,ABIERTA,MONOLINGUE,SIN JORNADA,SEMIPRESENCIAL (UN DÍA A LA SEMANA),SUCHITEPÉQUEZ
10-14-0081-46,10-017,SUCHITEPEQUEZ,PATULUL,COLEGIO CRISTIANO EMMANUEL,"CALLE VALENTIN BRESSANI, ENTRADA A CAMINO A CANADÁ",78719889,ELMO ROGELIO RODRIGUEZ ORELLANA,JENNYFER AZUCENA AXULEN RAMOS,DIVERSIFICADO,PRIVADO,URBANA,ABIERTA,MONOLINGUE,VESPERTINA,DIARIO(REGULAR),SUCHITEPÉQUEZ
10-14-0082-46,10-017,SUCHITEPEQUEZ,PATULUL,COLEGIO CRISTIANO EMMANUEL,"CALLE VALENTIN BRESSANI, ENTRADA CAMINO A CANADA",42781085,ELMO ROGELIO RODRIGUEZ ORELLANA,JENNYFER AZUCENA AXULEN RAMOS,DIVERSIFICADO,PRIVADO,URBANA,ABIERTA,MONOLINGUE,SIN JORNADA,SEMIPRESENCIAL (UN DÍA A LA SEMANA),SUCHITEPÉQUEZ
10-14-0359-46,10-017,SUCHITEPEQUEZ,PATULUL,"CENTRO DE ESTUDIOS COMERCIALES ""SANTA MARIA""",BARRIO EL TRIUNFO,78719506,ELMO ROGELIO RODRIGUEZ ORELLANA,GLENDA MARIBEL IXCOY URIZAR,DIVERSIFICADO,PRIVADO,URBANA,ABIERTA,MONOLINGUE,VESPERTINA,DIARIO(REGULAR),SUCHITEPÉQUEZ
10-14-2294-46,10-017,SUCHITEPEQUEZ,PATULUL,INSTITUTO PRIVADO MIXTO DE COMPUTACION INFORMATICA ICI,"6A. CALLE 4-93 ZONA 1, BARRIO PUEBLO NUEVO",78719097,ELMO ROGELIO RODRIGUEZ ORELLANA,BLANCA DEYCI DE LEÓN LÓPEZ,DIVERSIFICADO,PRIVADO,URBANA,ABIERTA,MONOLINGUE,MATUTINA,DIARIO(REGULAR),SUCHITEPÉQUEZ
10-14-2295-46,10-017,SUCHITEPEQUEZ,PATULUL,INSTITUTO PRIVADO MIXTO DE COMPUTACION INFORMATICA ICI,"6A. CALLE 4-93 ZONA 1, BARRIO PUEBLO NUEVO",78719097,ELMO ROGELIO RODRIGUEZ ORELLANA,BLANCA DEYCI DE LEÓN LÓPEZ,DIVERSIFICADO,PRIVADO,URBANA,ABIERTA,MONOLINGUE,VESPERTINA,DIARIO(REGULAR),SUCHITEPÉQUEZ
10-14-2296-46,10-017,SUCHITEPEQUEZ,PATULUL,INSTITUTO PRIVADO MIXTO DE COMPUTACION INFORMATICA ICI,"6A. CALLE 4-93 ZONA 1, BARRIO PUEBLO NUEVO",78719098,ELMO ROGELIO RODRIGUEZ ORELLANA,BLANCA DEYCI DE LEÓN LÓPEZ,DIVERSIFICADO,PRIVADO,URBANA,ABIERTA,MONOLINGUE,DOBLE,FIN DE SEMANA,SUCHITEPÉQUEZ
10-15-0022-46,10-021,SUCHITEPEQUEZ,SANTA BARBARA,INSTITUTO NACIONAL DE EDUCACION DIVERSIFICADA,CALLE PRINCIPAL,47235075,TANIA GISEL ESPAÑA DE LEON DE RODRIGUEZ,FLOR DE MARÍA BARRIOS DE LEÓN,DIVERSIFICADO,OFICIAL,URBANA,ABIERTA,MONOLINGUE,VESPERTINA,DIARIO(REGULAR),SUCHITEPÉQUEZ
10-15-0024-46,10-021,SUCHITEPEQUEZ,SANTA BARBARA,"CENTRO DE ESTUDIOS COMUNITARIO DE DIVERSIFICADO ""EL ESFUERZO""",ALDEA EL ESFUERZO,59202617,TANIA GISEL ESPAÑA DE LEON DE RODRIGUEZ,PEDRO HERNÁNDEZ LOAIZA,DIVERSIFICADO,PRIVADO,RURAL,ABIERTA,MONOLINGUE,DOBLE,FIN DE SEMANA,SUCHITEPÉQUEZ
10-15-0025-46,10-021,SUCHITEPEQUEZ,SANTA BARBARA,"CENTRO DE ESTUDIOS COMUNITARIO DE DIVERSIFICADO ""EL ESFUERZO""",ALDEA EL ESFUERZO,49626270,TANIA GISEL ESPAÑA DE LEON DE RODRIGUEZ,VICTOR MANUEL MONTERROSO RAMIREZ,DIVERSIFICADO,PRIVADO,RURAL,ABIERTA,MONOLINGUE,DOBLE,FIN DE SEMANA,SUCHITEPÉQUEZ
10-15-0028-46,10-021,SUCHITEPEQUEZ,SANTA BARBARA,"CENTRO DE ESTUDIOS COMUNITARIO DE DIVERSIFICADO ""EL ESFUERZO""",ALDEA EL ESFUERZO,49626270,TANIA GISEL ESPAÑA DE LEON DE RODRIGUEZ,VICTOR MANUEL MONTERROSO RAMIREZ,DIVERSIFICADO,PRIVADO,RURAL,ABIERTA,MONOLINGUE,DOBLE,FIN DE SEMANA,SUCHITEPÉQUEZ
10-15-0039-46,10-021,SUCHITEPEQUEZ,SANTA BARBARA,"COLEGIO PRIVADO MIXTO ""SANTA BARBARA""",CALLE AL ESTADIO MUNICIPAL,42103940,TANIA GISEL ESPAÑA DE LEON DE RODRIGUEZ,LUIS FERNANDO ACUTA QUIEJ,DIVERSIFICADO,PRIVADO,URBANA,ABIERTA,MONOLINGUE,MATUTINA,DIARIO(REGULAR),SUCHITEPÉQUEZ
10-15-0040-46,10-021,SUCHITEPEQUEZ,SANTA BARBARA,"COLEGIO PRIVADO MIXTO ""SANTA BARBARA""",CALLE AL ESTADIO MUNICIPAL,4210394058993785,TANIA GISEL ESPAÑA DE LEON DE RODRIGUEZ,LUIS FERNANDO ACUTA QUIEJ,DIVERSIFICADO,PRIVADO,URBANA,ABIERTA,MONOLINGUE,DOBLE,FIN DE SEMANA,SUCHITEPÉQUEZ
10-15-0041-46,10-021,SUCHITEPEQUEZ,SANTA BARBARA,"COLEGIO PRIVADO MIXTO ""SANTA BARBARA""",CALLE AL ESTADIO MUNICIPAL,5899378,TANIA GISEL ESPAÑA DE LEON DE RODRIGUEZ,LUIS FERNANDO ACUTA QUIEJ,DIVERSIFICADO,PRIVADO,URBANA,ABIERTA,MONOLINGUE,DOBLE,FIN DE SEMANA,SUCHITEPÉQUEZ
10-15-0043-46,10-021,SUCHITEPEQUEZ,SANTA BARBARA,COLEGIO PRIVADO MIXTO SANTA BARBARA,CALLE AL ESTADIO MUNICIPAL,4210394058993780,TANIA GISEL ESPAÑA DE LEON DE RODRIGUEZ,LUIS FERNANDO ACUTA QUIEJ,DIVERSIFICADO,PRIVADO,URBANA,ABIERTA,MONOLINGUE,SIN JORNADA,SEMIPRESENCIAL (UN DÍA A LA SEMANA),SUCHITEPÉQUEZ
10-15-0044-46,10-021,SUCHITEPEQUEZ,SANTA BARBARA,"CENTRO DE ESTUDIOS COMUNITARIO DE DIVERSIFICADO ""EL ESFUERZO""",ALDEA EL ESFUERZO,49626270,TANIA GISEL ESPAÑA DE LEON DE RODRIGUEZ,VICTOR MANUEL MONTERROSO RAMIREZ,DIVERSIFICADO,PRIVADO,RURAL,ABIERTA,MONOLINGUE,SIN JORNADA,SEMIPRESENCIAL (UN DÍA A LA SEMANA),SUCHITEPÉQUEZ
10-17-0005-46,10-011,SUCHITEPEQUEZ,SANTO TOMAS LA UNION,INSTITUTO MUNICIPAL DE EDUCACION MEDIA IMEM,CANTON MAZA,58704961,ARNULFO EFRAIN GOMEZ CHAY,LUIS TEBALAN GOMEZ,DIVERSIFICADO,MUNICIPAL,RURAL,ABIERTA,MONOLINGUE,VESPERTINA,DIARIO(REGULAR),SUCHITEPÉQUEZ
10-17-0013-46,10-011,SUCHITEPEQUEZ,SANTO TOMAS LA UNION,"INSTITUTO PRIVADO MIXTO EVANGELICO ""LOS OLIVOS""",2A. CALLE 7-53 ZONA 1,41938367,ARNULFO EFRAIN GOMEZ CHAY,LETICIA NOHEMÍ SOLARES ROSALES,DIVERSIFICADO,PRIVADO,URBANA,ABIERTA,MONOLINGUE,VESPERTINA,DIARIO(REGULAR),SUCHITEPÉQUEZ
10-17-0017-46,10-011,SUCHITEPEQUEZ,SANTO TOMAS LA UNION,"INSTITUTO NORMAL PRIVADO MIXTO ""JORGE RABBI MATUL GARCIA""",2A. CALLE A BARRIO LA ALAMEDA,78728704,ARNULFO EFRAIN GOMEZ CHAY,VICTOR ROSENDO GODOY NATARENO,DIVERSIFICADO,PRIVADO,URBANA,ABIERTA,MONOLINGUE,DOBLE,DIARIO(REGULAR),SUCHITEPÉQUEZ
10-17-0020-46,10-011,SUCHITEPEQUEZ,SANTO TOMAS LA UNION,COLEGIO PRIVADO MIXTO ELIM,2A. CALLE 6-35 ZONA 1,78728568,ARNULFO EFRAIN GOMEZ CHAY,JACINTO CARRILLO ESTRADA,DIVERSIFICADO,PRIVADO,URBANA,ABIERTA,MONOLINGUE,MATUTINA,DIARIO(REGULAR),SUCHITEPÉQUEZ
10-17-0022-46,10-011,SUCHITEPEQUEZ,SANTO TOMAS LA UNION,INSTITUTO PRIVADO MIXTO EVANGELICO LOS OLIVOS,2A. CALLE 7-53 ZONA 1,41938367,ARNULFO EFRAIN GOMEZ CHAY,LETICIA NOHEMÍ SOLARES ROSALES,DIVERSIFICADO,PRIVADO,URBANA,ABIERTA,MONOLINGUE,DOBLE,DIARIO(REGULAR),SUCHITEPÉQUEZ
10-17-0025-46,10-011,SUCHITEPEQUEZ,SANTO TOMAS LA UNION,"INSTITUTO PRIVADO MIXTO EVANGELICO ""LOS OLIVOS""",2A. CALLE 7-53 ZONA 1,59110115,ARNULFO EFRAIN GOMEZ CHAY,LETICIA NOHEMÍ SOLARES ROSALES,DIVERSIFICADO,PRIVADO,URBANA,ABIERTA,MONOLINGUE,DOBLE,SABATINO,SUCHITEPÉQUEZ
10-17-0029-46,10-011,SUCHITEPEQUEZ,SANTO TOMAS LA UNION,"COLEGIO PRIVADO MIXTO LA ""UNION""",5A. AVENIDA 2-56 ZONA 1,78728729,ARNULFO EFRAIN GOMEZ CHAY,ANGEL SAQUILÁ CUÁ,DIVERSIFICADO,PRIVADO,URBANA,ABIERTA,MONOLINGUE,MATUTINA,DIARIO(REGULAR),SUCHITEPÉQUEZ
10-17-0030-46,10-011,SUCHITEPEQUEZ,SANTO TOMAS LA UNION,"COLEGIO PRIVADO MIXTO ""LA UNION""",5A. AVENIDA 2-56 ZONA 1,78728239,ARNULFO EFRAIN GOMEZ CHAY,ANGEL SAQUILÁ CUÁ,DIVERSIFICADO,PRIVADO,URBANA,ABIERTA,MONOLINGUE,VESPERTINA,DIARIO(REGULAR),SUCHITEPÉQUEZ
10-17-0035-46,10-011,SUCHITEPEQUEZ,SANTO TOMAS LA UNION,"INSTITUTO PRIVADO MIXTO EVANGELICO ""LOS OLIVOS""",2A. CALLE 7-53 ZONA 1,78728004,ARNULFO EFRAIN GOMEZ CHAY,LETICIA NOHEMÍ SOLARES ROSALES,DIVERSIFICADO,PRIVADO,URBANA,ABIERTA,MONOLINGUE,MATUTINA,DIARIO(REGULAR),SUCHITEPÉQUEZ
10-17-0038-46,10-011,SUCHITEPEQUEZ,SANTO TOMAS LA UNION,"INSTITUTO PRIVADO MIXTO ""PROF. JORGE RABBI MATUL GARCIA""",2DA. CALLE A BARRIO LA ALAMEDA,78728256,ARNULFO EFRAIN GOMEZ CHAY,LIDIA ALICIA REDONDO,DIVERSIFICADO,PRIVADO,URBANA,ABIERTA,MONOLINGUE,MATUTINA,DIARIO(REGULAR),SUCHITEPÉQUEZ
10-17-0039-46,10-011,SUCHITEPEQUEZ,SANTO TOMAS LA UNION,INSTITUTO MUNICIPAL DE EDUCACION MEDIA IMEM,CANTON MAZÁ,58704961,ARNULFO EFRAIN GOMEZ CHAY,LUIS TEBALAN GOMEZ,DIVERSIFICADO,MUNICIPAL,RURAL,ABIERTA,MONOLINGUE,DOBLE,DIARIO(REGULAR),SUCHITEPÉQUEZ
10-17-0042-46,10-011,SUCHITEPEQUEZ,SANTO TOMAS LA UNION,"INSTITUTO PRIVADO MIXTO EVANGELICO ""LOS OLIVOS""",2A. CALLE 7-53 ZONA 1,55886078,ARNULFO EFRAIN GOMEZ CHAY,LETICIA NOHEMÍ SOLARES ROSALES,DIVERSIFICADO,PRIVADO,URBANA,ABIERTA,MONOLINGUE,SIN JORNADA,SEMIPRESENCIAL (UN DÍA A LA SEMANA),SUCHITEPÉQUEZ
10-17-0043-46,10-011,SUCHITEPEQUEZ,SANTO TOMAS LA UNION,COLEGIO PRIVADO MIXTO ELIM,2A. CALLE 6-35 ZONA 1,78728568,ARNULFO EFRAIN GOMEZ CHAY,JACINTO CARRILLO ESTRADA,DIVERSIFICADO,PRIVADO,URBANA,ABIERTA,MONOLINGUE,SIN JORNADA,SEMIPRESENCIAL (UN DÍA A LA SEMANA),SUCHITEPÉQUEZ
10-17-0391-46,10-011,SUCHITEPEQUEZ,SANTO TOMAS LA UNION,INSTITUTO PRIVADO MIXTO 'PRESIDENTE KENNEDY',2A. CALLE 4-33 ZONA 1,47687121,ARNULFO EFRAIN GOMEZ CHAY,JORGE LEONEL MATUL SAMAYOA,DIVERSIFICADO,PRIVADO,URBANA,ABIERTA,MONOLINGUE,VESPERTINA,DIARIO(REGULAR),SUCHITEPÉQUEZ
10-17-1990-46,10-011,SUCHITEPEQUEZ,SANTO TOMAS LA UNION,INSTITUTO PRIVADO MIXTO JORGE RABBI MATUL GARCIA,2A. CALLE A BARRIO LA ALAMEDA,78728256,ARNULFO EFRAIN GOMEZ CHAY,LIDIA ALICIA REDONDO,DIVERSIFICADO,PRIVADO,URBANA,ABIERTA,MONOLINGUE,VESPERTINA,DIARIO(REGULAR),SUCHITEPÉQUEZ
10-17-2328-46,10-011,SUCHITEPEQUEZ,SANTO TOMAS LA UNION,COLEGIO PRIVADO MIXTO ELIM,2A. CALLE 6-35 ZONA 1,78728568,ARNULFO EFRAIN GOMEZ CHAY,JACINTO CARRILLO ESTRADA,DIVERSIFICADO,PRIVADO,URBANA,ABIERTA,MONOLINGUE,DOBLE,FIN DE SEMANA,SUCHITEPÉQUEZ
10-17-2533-46,10-011,SUCHITEPEQUEZ,SANTO TOMAS LA UNION,COLEGIO PRIVADO MIXTO ELIM,2A. CALLE 6-35 ZONA 1,78728568,ARNULFO EFRAIN GOMEZ CHAY,JACINTO CARRILLO ESTRADA,DIVERSIFICADO,PRIVADO,URBANA,ABIERTA,MONOLINGUE,VESPERTINA,DIARIO(REGULAR),SUCHITEPÉQUEZ
10-18-0006-46,10-023,SUCHITEPEQUEZ,ZUNILITO,INSTITUTO NACIONAL DE EDUCACION DIVERSIFICADA ZUNILITO,2A. AVENIDA 3-10 ZONA 1,51210703,CARLOS FILEMON SAMAYOA MADRID,MARGARITA IMMER GUOX GARCÍA,DIVERSIFICADO,OFICIAL,URBANA,ABIERTA,MONOLINGUE,VESPERTINA,DIARIO(REGULAR),SUCHITEPÉQUEZ
10-18-0009-46,10-023,SUCHITEPEQUEZ,ZUNILITO,INSTITUTO PRIVADO MIXTO ZUNIL PECUL,ENTRADA PRINCIPAL 1A. AVENIDA ZONA 1,59628677,CARLOS FILEMON SAMAYOA MADRID,HENRY ORLANDO IXQUIACTAP TELLO,DIVERSIFICADO,PRIVADO,URBANA,ABIERTA,MONOLINGUE,SIN JORNADA,SEMIPRESENCIAL (UN DÍA A LA SEMANA),SUCHITEPÉQUEZ
10-18-2677-46,10-023,SUCHITEPEQUEZ,ZUNILITO,INSTITUTO PRIVADO MIXTO ZUNIL PECUL,ENTRADA PRINCIPAL 1A. AV. ZONA 1,59628677,CARLOS FILEMON SAMAYOA MADRID,HENRY ORLANDO IXQUIACTAP TELLO,DIVERSIFICADO,PRIVADO,URBANA,ABIERTA,MONOLINGUE,DOBLE,FIN DE SEMANA,SUCHITEPÉQUEZ
10-19-0014-46,10-008,SUCHITEPEQUEZ,PUEBLO NUEVO,COLEGIO EVANGELICO PRIVADO MIXTO NUEVA VISION,SECTOR EL REBALSE PUEBLO NUEVO SUCHITEPEQUEZ,4281099156375310,JUANA MARIA CIFUENTES PEREZ,JULIO ELISEO VICENTE GARCÍA,DIVERSIFICADO,PRIVADO,URBANA,ABIERTA,MONOLINGUE,VESPERTINA,DIARIO(REGULAR),SUCHITEPÉQUEZ
10-19-0018-46,10-008,SUCHITEPEQUEZ,PUEBLO NUEVO,COLEGIO EVANGELICO PRIVADO MIXTO NUEVA VISION,SECTOR EL REBALSE PUEBLO NUEVO SUCHITEPEQUEZ,42810991,JUANA MARIA CIFUENTES PEREZ,JULIO ELISEO VICENTE GARCÍA,DIVERSIFICADO,PRIVADO,RURAL,ABIERTA,MONOLINGUE,SIN JORNADA,SEMIPRESENCIAL (UN DÍA A LA SEMANA),SUCHITEPÉQUEZ
10-20-0022-46,10-016,SUCHITEPEQUEZ,RIO BRAVO,INSTITUTO NACIONAL DE EDUCACION DIVERSIFICADA,4TA. CALLE 4-31 ZONA 2,58433425,AMELIA NOEMI FLORES MARTINEZ,VIVIAN ELISA CABRERA GRAMAJO,DIVERSIFICADO,OFICIAL,URBANA,ABIERTA,MONOLINGUE,VESPERTINA,DIARIO(REGULAR),SUCHITEPÉQUEZ
10-20-0025-46,10-016,SUCHITEPEQUEZ,RIO BRAVO,INSTITUTO PRIVADO MIXTO EDUCACION Y DESARROLLO,4A. CALLE 4-31 ZONA 2,77917989,AMELIA NOEMI FLORES MARTINEZ,GERSON ELIAZAR VELASQUEZ VASQUEZ,DIVERSIFICADO,PRIVADO,URBANA,ABIERTA,MONOLINGUE,DOBLE,FIN DE SEMANA,SUCHITEPÉQUEZ
10-20-0026-46,10-016,SUCHITEPEQUEZ,RIO BRAVO,INSTITUTO PRIVADO MIXTO EDUCACION Y DESARROLLO,4A. CALLE 4-31 ZONA 2,77917989,AMELIA NOEMI FLORES MARTINEZ,GERSON ELIAZAR VELASQUEZ VASQUEZ,DIVERSIFICADO,PRIVADO,URBANA,ABIERTA,MONOLINGUE,DOBLE,FIN DE SEMANA,SUCHITEPÉQUEZ
10-20-0031-46,10-016,SUCHITEPEQUEZ,RIO BRAVO,"COLEGIO EVANGELICO INTEGRAL ""LA LIBERTAD""",LOTE 179 Y 180 ENTRE 2DA. Y 3ERA. CALLE COLONIA LAS MARGARITAS,59221745,AMELIA NOEMI FLORES MARTINEZ,POLICARPIO GÓMEZ QUICHE,DIVERSIFICADO,PRIVADO,RURAL,ABIERTA,MONOLINGUE,VESPERTINA,DIARIO(REGULAR),SUCHITEPÉQUEZ
10-20-0032-46,10-016,SUCHITEPEQUEZ,RIO BRAVO,"COLEGIO EVANGELICO INTEGRAL ""LA LIBERTAD""",LOTE 179 Y 180 ENTRE 2DA. Y 3ERA. CALLE COLONIA LAS MARGARITAS,59221745,AMELIA NOEMI FLORES MARTINEZ,POLICARPIO GÓMEZ QUICHE,DIVERSIFICADO,PRIVADO,RURAL,ABIERTA,MONOLINGUE,DOBLE,FIN DE SEMANA,SUCHITEPÉQUEZ
10-20-0034-46,10-016,SUCHITEPEQUEZ,RIO BRAVO,"INSTITUTO PRIVADO MIXTO ""EDUCACION Y DESARROLLO""",4A. CALLE 4-31 ZONA 2,77917989,AMELIA NOEMI FLORES MARTINEZ,GERSON ELIAZAR VELASQUEZ VASQUEZ,DIVERSIFICADO,PRIVADO,URBANA,ABIERTA,MONOLINGUE,DOBLE,FIN DE SEMANA,SUCHITEPÉQUEZ
10-20-0039-46,10-016,SUCHITEPEQUEZ,RIO BRAVO,"INSTITUTO PRIVADO MIXTO ""EDUCACION Y DESARROLLO""",4A. CALLE 4-31 ZONA 2,77917989,AMELIA NOEMI FLORES MARTINEZ,GERSON ELIAZAR VELASQUEZ VASQUEZ,DIVERSIFICADO,PRIVADO,URBANA,ABIERTA,MONOLINGUE,SIN JORNADA,SEMIPRESENCIAL (UN DÍA A LA SEMANA),SUCHITEPÉQUEZ
10-21-0077-46,10-028,SUCHITEPEQUEZ,SAN JOSE LA MAQUINA,"COLEGIO TECNICO PRIVADO MIXTO ""EL REDENTOR""",RESIDENCIALES LOS EUCALIPTOS,79272484,LUIGI PETRONILO CERMEÑO VARAONA,CÉSAR AUGUSTO BARCO ASENCIO,DIVERSIFICADO,PRIVADO,URBANA,ABIERTA,MONOLINGUE,DOBLE,DIARIO(REGULAR),SUCHITEPÉQUEZ
10-21-0078-46,10-028,SUCHITEPEQUEZ,SAN JOSE LA MAQUINA,"COLEGIO TECNICO PRIVADO MIXTO ""EL REDENTOR""",RESIDENCIALES LOS EUCALIPTOS,78720350,LUIGI PETRONILO CERMEÑO VARAONA,CÉSAR AUGUSTO BARCO ASENCIO,DIVERSIFICADO,PRIVADO,URBANA,ABIERTA,MONOLINGUE,VESPERTINA,DIARIO(REGULAR),SUCHITEPÉQUEZ
10-21-0079-46,10-028,SUCHITEPEQUEZ,SAN JOSE LA MAQUINA,INED,CALLE DE CORREOS,35749677,LUIGI PETRONILO CERMEÑO VARAONA,ROLANDO EZEQUIEL MORALES GONZALEZ,DIVERSIFICADO,OFICIAL,URBANA,ABIERTA,MONOLINGUE,VESPERTINA,DIARIO(REGULAR),SUCHITEPÉQUEZ
10-21-0080-46,10-028,SUCHITEPEQUEZ,SAN JOSE LA MAQUINA,"COLEGIO EVANGELICO PRIVADO MIXTO ""EBEN-EZER""",LOTE # 226,55642098,LUIGI PETRONILO CERMEÑO VARAONA,ZOILA MARINA BARRIOS LUARCA,DIVERSIFICADO,PRIVADO,URBANA,ABIERTA,MONOLINGUE,DOBLE,DIARIO(REGULAR),SUCHITEPÉQUEZ
10-21-0081-46,10-028,SUCHITEPEQUEZ,SAN JOSE LA MAQUINA,"COLEGIO PRIVADO MIXTO CENTRO DE ESTUDIOS AVANZADOS ""NUEVO HORIZONTE""",CALLE PRINCIPAL,54867663,LUIGI PETRONILO CERMEÑO VARAONA,ÁNGEL SALVADOR CARDONA RAMÍREZ,DIVERSIFICADO,PRIVADO,URBANA,ABIERTA,MONOLINGUE,MATUTINA,DIARIO(REGULAR),SUCHITEPÉQUEZ
10-21-0082-46,10-028,SUCHITEPEQUEZ,SAN JOSE LA MAQUINA,"COLEGIO PRIVADO MIXTO CENTRO DE ESTUDIOS AVANZADOS ""NUEVO HORIZONTE""",CALLE PRINCIPAL,54867663,LUIGI PETRONILO CERMEÑO VARAONA,SILVIA EDELMIRA CANO COZAR,DIVERSIFICADO,PRIVADO,URBANA,ABIERTA,MONOLINGUE,VESPERTINA,DIARIO(REGULAR),SUCHITEPÉQUEZ
10-21-0083-46,10-028,SUCHITEPEQUEZ,SAN JOSE LA MAQUINA,"COLEGIO PRIVADO MIXTO CENTRO DE ESTUDIOS AVANZADOS ""NUEVO HORIZONTE""",CALLE PRINCIPAL,54867663,LUIGI PETRONILO CERMEÑO VARAONA,DEBORA ELIZABETH CAP GÓMEZ,DIVERSIFICADO,PRIVADO,URBANA,ABIERTA,MONOLINGUE,DOBLE,FIN DE SEMANA,SUCHITEPÉQUEZ
10-21-0084-46,10-028,SUCHITEPEQUEZ,SAN JOSE LA MAQUINA,COLEGIO CATOLICO PRIVADO SAN JOSE,LOTE NO. 114,42573286,LUIGI PETRONILO CERMEÑO VARAONA,FABIOLA ALEXEINA BONILLA CAR,DIVERSIFICADO,PRIVADO,URBANA,ABIERTA,MONOLINGUE,MATUTINA,DIARIO(REGULAR),SUCHITEPÉQUEZ
10-21-0085-46,10-028,SUCHITEPEQUEZ,SAN JOSE LA MAQUINA,"COLEGIO PRIVADO MIXTO ""SUPERACION""",LOTE NO. 44,79272342,LUIGI PETRONILO CERMEÑO VARAONA,MARIA TERESA BARTOLÓN MALDONADO,DIVERSIFICADO,PRIVADO,URBANA,ABIERTA,MONOLINGUE,VESPERTINA,DIARIO(REGULAR),SUCHITEPÉQUEZ
10-21-0086-46,10-028,SUCHITEPEQUEZ,SAN JOSE LA MAQUINA,"COLEGIO EVANGELICO PRIVADO MIXTO ""EBEN EZER""",LOTE # 226,55642098,LUIGI PETRONILO CERMEÑO VARAONA,ZOILA MARINA BARRIOS LUARCA,DIVERSIFICADO,PRIVADO,URBANA,ABIERTA,MONOLINGUE,DOBLE,DIARIO(REGULAR),SUCHITEPÉQUEZ
10-21-0087-46,10-028,SUCHITEPEQUEZ,SAN JOSE LA MAQUINA,"COLEGIO PRIVADO MIXTO ""SUPERACION""",LOTE NO. 44,79272342,LUIGI PETRONILO CERMEÑO VARAONA,MARIA TERESA BARTOLON DE RAMIREZ,DIVERSIFICADO,PRIVADO,URBANA,ABIERTA,MONOLINGUE,DOBLE,DIARIO(REGULAR),SUCHITEPÉQUEZ
10-21-0089-46,10-028,SUCHITEPEQUEZ,SAN JOSE LA MAQUINA,"COLEGIO EVANGELICO PRIVADO MIXTO ""EBEN EZER""",LOTE # 226,55642098,LUIGI PETRONILO CERMEÑO VARAONA,ZOILA MARINA BARRIOS LUARCA,DIVERSIFICADO,PRIVADO,URBANA,ABIERTA,MONOLINGUE,MATUTINA,DIARIO(REGULAR),SUCHITEPÉQUEZ
10-21-0090-46,10-028,SUCHITEPEQUEZ,SAN JOSE LA MAQUINA,INSTITUTO NACIONAL DE EDUCACIÓN DIVERSIFICADA,LINEA B-16,32186469,LUIGI PETRONILO CERMEÑO VARAONA,RUBEN ARNOLDO GUZMAN CORZANTES,DIVERSIFICADO,OFICIAL,RURAL,ABIERTA,MONOLINGUE,VESPERTINA,DIARIO(REGULAR),SUCHITEPÉQUEZ
10-21-0093-46,10-028,SUCHITEPEQUEZ,SAN JOSE LA MAQUINA,COLEGIO PRIVADO MIXTO SUPERACION,LOTE NO. 44,79271342,LUIGI PETRONILO CERMEÑO VARAONA,MARÍA TERESA BARTOLÓN MALDONADO,DIVERSIFICADO,PRIVADO,URBANA,ABIERTA,MONOLINGUE,DOBLE,FIN DE SEMANA,SUCHITEPÉQUEZ
10-21-0095-46,10-028,SUCHITEPEQUEZ,SAN JOSE LA MAQUINA,"COLEGIO PRIVADO MIXTO DE ESTUDIOS AVANZADOS AVANZADOS ""NUEVO HORIZONTE""",CALLE PRINCIPAL,54867663,LUIGI PETRONILO CERMEÑO VARAONA,SILVIA EDELMIRA CANO COZAR,DIVERSIFICADO,PRIVADO,URBANA,ABIERTA,MONOLINGUE,SIN JORNADA,SEMIPRESENCIAL (UN DÍA A LA SEMANA),SUCHITEPÉQUEZ
10-21-0097-46,10-028,SUCHITEPEQUEZ,SAN JOSE LA MAQUINA,COLEGIO PRIVADO MIXTO SUPERACION,LOTE NO. 44,79272430,LUIGI PETRONILO CERMEÑO VARAONA,MARÍA TERESA BARTOLÓN MALDONADO,DIVERSIFICADO,PRIVADO,URBANA,ABIERTA,MONOLINGUE,SIN JORNADA,SEMIPRESENCIAL (UN DÍA A LA SEMANA),SUCHITEPÉQUEZ
,,,,,,,,,,,,,,,,
,,,,,,,,,,,,,,,,
296 Establecimientos encontrados,,,,,,,,,,,,,,,,
,,,,,,,,,,,,,,,,
"Ministerio de Educación, Copyright © 2,012",,Aviso Legal | Términos y Condiciones | Contacto ,,,,,,,,,,,,,,
