,[ e-Servicios ],,,,,,,,,,,,,,,
,Búsqueda de centros educativos autorizados por el Mineduc y carreras que pueden impartir.,,,,,,,,,,,,,,,
,,,,,,,,,,,,,,,,
,  ,,,,,,,,,,,,,,,
Importante:,,,,,,,,,,,,,,,,
,,,,,,,,,,,,,,,,
"Para una mejor búsqueda puede seleccionar el departamento y municipio, con base a la ubicación del centro educativo, ingresando el código del establecimiento separado por guiones o el nombre completo o parte de él.",,,,,,,,,,,,,,,,
,,,,,,,,,,,,,,,,
"Un centro educativo puede contar con uno o más códigos de acuerdo con los servicios educativos autorizados (nivel, plan o jornada).",,,,,,,,,,,,,,,,
,,,,,,,,,,,,,,,,
"Las carreras pueden visualizarse únicamente en los códigos de centros educativos que tienen autorizado el Nivel de Educación Media, Ciclo de Educación Diversificada.",,,,,,,,,,,,,,,,
,,,,,,,,,,,,,,,,
Para visualizar las carreras autorizadas a un centro educativo seleccione el Nivel Escolar: Diversificado.,,,,,,,,,,,,,,,,
,,,,,,,,,,,,,,,,
Departamento,Municipio,,,,,,,,,,,,,,,
,,,,,,,,,,,,,,,,
Nivel Escolar,,,,,,,,,,,,,,,,
Sector,,,,,,,,,,,,,,,,
Plan,Modalidad,,,,,,,,,,,,,,,
,,,,,,,,,,,,,,,,
Código (##-##-####-##),,,,,,,,,,,,,,,,
Nombre,,,,,,,,,,,,,,,,
Dirección,,,,,,,,,,,,,,,,
,,,,,,,,,,,,,,,,
,,,,,,,,,,,,,,,,
CODIGO,DISTRITO,DEPARTAMENTO,MUNICIPIO,ESTABLECIMIENTO,DIRECCION,TELEFONO,SUPERVISOR,DIRECTOR,NIVEL,SECTOR,AREA,STATUS,MODALIDAD,JORNADA,PLAN,DEPARTAMENTAL
15-01-0050-46,15-001,BAJA VERAPAZ,SALAMA,ESCUELA NORMAL RURAL NO.4 DR. ELIZARDO URIZAR LEAL,13 AVENIDA 7-41 ZONA 2 BARRIO HACIENDA DE LA VIRGEN,79400455,IRIS QUETZALÍ ORDOÑEZ TURCIOS,ELGI WALTER BOTEO GARCÍA,DIVERSIFICADO,OFICIAL,URBANA,ABIERTA,MONOLINGUE,MATUTINA,DIARIO(REGULAR),BAJA VERAPAZ
15-01-0051-46,15-001,BAJA VERAPAZ,SALAMA,COLEGIO PARTICULAR MIXTO TEZULUTLÁN,"DIAGONAL 4, 1-24 ZONA 2",79400182,IRIS QUETZALÍ ORDOÑEZ TURCIOS,ELIA NÍVEA LÓPEZ GARCÍA,DIVERSIFICADO,PRIVADO,URBANA,ABIERTA,MONOLINGUE,VESPERTINA,DIARIO(REGULAR),BAJA VERAPAZ
15-01-0052-46,15-030,BAJA VERAPAZ,SALAMA,LICEO MIXTO SAN MATEO,9A. AVENIDA 6-67 ZONA 1,79401926,NELSON JOEL HERNANDEZ HERNANDEZ,CARMEN ALICIA HERNÁNDEZ GUILLERMO,DIVERSIFICADO,PRIVADO,URBANA,ABIERTA,MONOLINGUE,VESPERTINA,DIARIO(REGULAR),BAJA VERAPAZ
15-01-0087-46,15-001,BAJA VERAPAZ,SALAMA,INSTITUTO NACIONAL DE EDUCACION DIVERSIFICADA,"13 AVENIDA 7-41, ZONA 2, BARRIO HACIENDA DE LA VIRGEN",53009229,IRIS QUETZALÍ ORDOÑEZ TURCIOS,ROSALINA NADEYDA TOJ MORENTE,DIVERSIFICADO,OFICIAL,URBANA,ABIERTA,MONOLINGUE,VESPERTINA,DIARIO(REGULAR),BAJA VERAPAZ
15-01-0099-46,15-001,BAJA VERAPAZ,SALAMA,COLEGIO PARTICULAR MIXTO TEZULUTLÁN,"DIAGONAL 4, 1-24 ZONA 2",79400182,IRIS QUETZALÍ ORDOÑEZ TURCIOS,ELIA NÍVEA LÓPEZ GARCÍA,DIVERSIFICADO,PRIVADO,URBANA,ABIERTA,MONOLINGUE,NOCTURNA,DIARIO(REGULAR),BAJA VERAPAZ
15-01-0109-46,15-030,BAJA VERAPAZ,SALAMA,CENTRO ESTUDIANTIL MIGUEL ÁNGEL ASTURIAS,"RUTA 4, ZONA 5, DEL BARRIO SANTA ELENA",56913283,NELSON JOEL HERNANDEZ HERNANDEZ,JORGE EMILIO SOTO LÓPEZ,DIVERSIFICADO,PRIVADO,URBANA,ABIERTA,MONOLINGUE,DOBLE,FIN DE SEMANA,BAJA VERAPAZ
15-01-0111-46,15-001,BAJA VERAPAZ,SALAMA,COLEGIO PARTICULAR MIXTO CIENCIA Y DESARROLLO,"RUTA 4, 12-68 ZONA 5, BARRIO SANTA ELENA",79540830-79540909,IRIS QUETZALÍ ORDOÑEZ TURCIOS,VICTOR GERARDO RODAS CARDONA,DIVERSIFICADO,PRIVADO,URBANA,ABIERTA,MONOLINGUE,DOBLE,DIARIO(REGULAR),BAJA VERAPAZ
15-01-0112-46,15-001,BAJA VERAPAZ,SALAMA,COLEGIO PARTICULAR MIXTO CIENCIA Y DESARROLLO,"RUTA 4, 12-68 ZONA 5, BARRIO SANTA ELENA",79540830-79540909,IRIS QUETZALÍ ORDOÑEZ TURCIOS,VICTOR GERARDO RODAS CARDONA,DIVERSIFICADO,PRIVADO,URBANA,ABIERTA,MONOLINGUE,MATUTINA,DIARIO(REGULAR),BAJA VERAPAZ
15-01-0113-46,15-001,BAJA VERAPAZ,SALAMA,COLEGIO PARTICULAR MIXTO CIENCIA Y DESARROLLO,RUTA 4 12-68 ZONA 5 BARRIO SANTA ELENA,79540830,IRIS QUETZALÍ ORDOÑEZ TURCIOS,ELGI WALTER BOTEO GARCÍA,DIVERSIFICADO,PRIVADO,URBANA,ABIERTA,MONOLINGUE,DOBLE,FIN DE SEMANA,BAJA VERAPAZ
15-01-0116-46,15-001,BAJA VERAPAZ,SALAMA,INSTITUTO NACIONAL DE EDUCACION DIVERSIFICADA,ALDEA CHILASCÓ,30308037,IRIS QUETZALÍ ORDOÑEZ TURCIOS,LESTER MATEO QUEJ GARCIA,DIVERSIFICADO,OFICIAL,RURAL,ABIERTA,MONOLINGUE,VESPERTINA,DIARIO(REGULAR),BAJA VERAPAZ
15-01-0154-46,15-001,BAJA VERAPAZ,SALAMA,COLEGIO PARTICULAR MIXTO CIENCIA Y DESARROLLO,RUTA 4 12-68 ZONA 5 BARRIO SANTA ELENA,79540830,IRIS QUETZALÍ ORDOÑEZ TURCIOS,VICTOR GERARDO RODAS CARDONA,DIVERSIFICADO,PRIVADO,URBANA,ABIERTA,MONOLINGUE,VESPERTINA,DIARIO(REGULAR),BAJA VERAPAZ
15-01-0162-46,15-030,BAJA VERAPAZ,SALAMA,INSTITUTO NACIONAL DE EDUCACIÓN DIVERSIFICADA,ALDEA EL TEMPISQUE,58578688,NELSON JOEL HERNANDEZ HERNANDEZ,KENDY MELANYHA SILVESTRE BOL,DIVERSIFICADO,OFICIAL,RURAL,ABIERTA,MONOLINGUE,MATUTINA,DIARIO(REGULAR),BAJA VERAPAZ
15-01-0172-46,15-024,BAJA VERAPAZ,SALAMA,CENTRO DE EDUCACIÓN EXTRAESCOLAR -CEEX-,"2A. CALLE, ZONA 1",54887718,VIVIAN VERONICA PRERA NOGUERA,ALONDRA VANESSA VALEY IXPATÁ,DIVERSIFICADO,PRIVADO,URBANA,ABIERTA,MONOLINGUE,DOBLE,SEMIPRESENCIAL,BAJA VERAPAZ
15-01-0174-46,15-024,BAJA VERAPAZ,SALAMA,PROGRAMA NACIONAL DE EDUCACIÓN ALTERNATIVA -PRONEA-,11 AVENIDA 1-99 ZONA 6,42159922,VIVIAN VERONICA PRERA NOGUERA,VIVIAN VERÓNICA PRERA NOGUERA,DIVERSIFICADO,OFICIAL,URBANA,ABIERTA,MONOLINGUE,DOBLE,A DISTANCIA,BAJA VERAPAZ
15-01-0177-46,15-001,BAJA VERAPAZ,SALAMA,COLEGIO PARTICULAR MIXTO TEZULUTLÁN,"DIAGONAL 4, 1-24, ZONA 2",79400182,IRIS QUETZALÍ ORDOÑEZ TURCIOS,ELIA NÍVEA LÓPEZ GARCÍA,DIVERSIFICADO,PRIVADO,URBANA,ABIERTA,MONOLINGUE,SIN JORNADA,SEMIPRESENCIAL (UN DÍA A LA SEMANA),BAJA VERAPAZ
15-01-0178-46,15-001,BAJA VERAPAZ,SALAMA,COLEGIO PARTICULAR MIXTO CIENCIA Y DESARROLLO,"RUTA 4 12-68, ZONA 5, BARRIO SANTA ELENA",79540909,IRIS QUETZALÍ ORDOÑEZ TURCIOS,ELGI WALTER BOTEO GARCÍA,DIVERSIFICADO,PRIVADO,URBANA,ABIERTA,MONOLINGUE,SIN JORNADA,SEMIPRESENCIAL (UN DÍA A LA SEMANA),BAJA VERAPAZ
15-01-0180-46,15-001,BAJA VERAPAZ,SALAMA,COLEGIO PARTICULAR MIXTO DE INFANTES EMANUEL,"5A. AVENIDA 6-31, ZONA 1",79540849,IRIS QUETZALÍ ORDOÑEZ TURCIOS,MARIA CONCEPCION MORALES ENRIQUEZ,DIVERSIFICADO,PRIVADO,URBANA,ABIERTA,MONOLINGUE,SIN JORNADA,SEMIPRESENCIAL (DOS DÍAS A LA SEMANA),BAJA VERAPAZ
15-01-0182-46,15-030,BAJA VERAPAZ,SALAMA,CENTRO ESTUDIANTIL MIGUEL ÁNGEL ASTURIAS,"RUTA 4, ZONA 5, BARRIO SANTA ELENA",56913283,NELSON JOEL HERNANDEZ HERNANDEZ,JORGE EMILIO SOTO LÓPEZ,DIVERSIFICADO,PRIVADO,URBANA,ABIERTA,MONOLINGUE,SIN JORNADA,SEMIPRESENCIAL (FIN DE SEMANA),BAJA VERAPAZ
15-01-0185-46,15-024,BAJA VERAPAZ,SALAMA,CENTRO DE EDUCACIÓN EXTRAESCOLAR CEEX DEPARTAMENTAL,"11AVENIDA 1-99, ZONA 6",33595715,VIVIAN VERONICA PRERA NOGUERA,ELDER WILFREDO MENDOZA RODRÍGUEZ,DIVERSIFICADO,OFICIAL,URBANA,ABIERTA,MONOLINGUE,DOBLE,SEMIPRESENCIAL,BAJA VERAPAZ
15-01-0188-46,15-030,BAJA VERAPAZ,SALAMA,INSTITUTO TÉCNICO EXPERIMENTAL DE FORMACIÓN INDUSTRIAL POR COOPERATIVA ITEFIC,"BARRIO EL CALVARIO, SECTOR LAS TEJERAS",58122084,NELSON JOEL HERNANDEZ HERNANDEZ,NYDIA ROSSIBELL CHAVARRIA HERRERA,DIVERSIFICADO,COOPERATIVA,URBANA,ABIERTA,MONOLINGUE,MATUTINA,DIARIO(REGULAR),BAJA VERAPAZ
15-01-0190-46,15-030,BAJA VERAPAZ,SALAMA,INSTITUTO NACIONAL DE EDUCACIÓN DIVERSIFICADA,ALDEA CHIVAC,55930404,NELSON JOEL HERNANDEZ HERNANDEZ,CARLOS ALEJANDRO CRÚZ GARCÍA,DIVERSIFICADO,OFICIAL,RURAL,ABIERTA,MONOLINGUE,VESPERTINA,DIARIO(REGULAR),BAJA VERAPAZ
15-01-0191-46,15-030,BAJA VERAPAZ,SALAMA,INSTITUTO NACIONAL DE EDUCACIÓN DIVERSIFICADA,ALDEA LOS PAXTES,54327647,NELSON JOEL HERNANDEZ HERNANDEZ,WILLIAMS NOÉ HERNÁNDEZ DE LOS SANTOS,DIVERSIFICADO,OFICIAL,RURAL,ABIERTA,MONOLINGUE,VESPERTINA,DIARIO(REGULAR),BAJA VERAPAZ
15-01-1274-46,15-030,BAJA VERAPAZ,SALAMA,INSTITUTO NACIONAL DE ADMINISTRACION DE EMPRESAS,"5A. AVENIDA 4-74, ZONA 1 BARRIO CENTRO",59444640,NELSON JOEL HERNANDEZ HERNANDEZ,WALTER ORLANDO JUÁREZ PÉREZ,DIVERSIFICADO,OFICIAL,URBANA,ABIERTA,MONOLINGUE,VESPERTINA,DIARIO(REGULAR),BAJA VERAPAZ
15-01-1480-46,15-030,BAJA VERAPAZ,SALAMA,INSTITUTO TECNICO EXPERIMENTAL DE FORMACION INDUSTRIAL POR COOPERATIVA -ITEFIC-,"BARRIO EL CALVARIO, SECTOR LAS TEJERAS",58122084,NELSON JOEL HERNANDEZ HERNANDEZ,NYDIA ROSSIBELL CHAVARRIA HERRERA,DIVERSIFICADO,COOPERATIVA,URBANA,ABIERTA,MONOLINGUE,DOBLE,DIARIO(REGULAR),BAJA VERAPAZ
15-01-1754-46,15-001,BAJA VERAPAZ,SALAMA,INSTITUTO NORMAL DE PRIMARIA BILINGUE INTERCULTURAL ADS. A ESCUELA NORMAL RURAL NO.4 DR. ELIZARDO URIZAR LEAL,13 AVENIDA 7-41 ZONA 2 BARRIO HACIENDA DE LA VIRGEN,56169841,IRIS QUETZALÍ ORDOÑEZ TURCIOS,RODOLFO COJÓN ISMALEJ,DIVERSIFICADO,OFICIAL,URBANA,ABIERTA,BILINGUE,MATUTINA,DIARIO(REGULAR),BAJA VERAPAZ
15-01-1852-46,15-001,BAJA VERAPAZ,SALAMA,ESCUELA NORMAL DE EDUCACION FISICA,"2DA AVENIDA 6-89 ZONA 1, INTERIOR VILLA DEPORTIVA",48521191,IRIS QUETZALÍ ORDOÑEZ TURCIOS,EVA LISETH REYES GARCIA,DIVERSIFICADO,OFICIAL,URBANA,ABIERTA,MONOLINGUE,DOBLE,DIARIO(REGULAR),BAJA VERAPAZ
15-01-1947-46,15-001,BAJA VERAPAZ,SALAMA,COLEGIO PARTICULAR MIXTO DE INFANTES EMANUEL,5AV. 6-31 ZONA 1,37608626,IRIS QUETZALÍ ORDOÑEZ TURCIOS,MARIA CONCEPCION MORALES ENRIQUEZ,DIVERSIFICADO,PRIVADO,URBANA,ABIERTA,MONOLINGUE,VESPERTINA,DIARIO(REGULAR),BAJA VERAPAZ
15-01-2023-46,15-001,BAJA VERAPAZ,SALAMA,COLEGIO PARTICULAR MIXTO TEZULUTLÁN,"DIAGONAL 4, 1-24 ZONA 2",79400182,IRIS QUETZALÍ ORDOÑEZ TURCIOS,ELIA NÍVEA LÓPEZ GARCÍA,DIVERSIFICADO,PRIVADO,URBANA,ABIERTA,MONOLINGUE,DOBLE,FIN DE SEMANA,BAJA VERAPAZ
15-02-0023-46,15-034,BAJA VERAPAZ,SAN MIGUEL CHICAJ,INSTITUTO NACIONAL DE EDUCACION DIVERSIFICADA,ALDEA SAN GABRIEL PANTZUJ,59934015,WILSON ESTUARDO CANAHUI JA,MYNOR ESTUARDO BACHÁN PÉREZ,DIVERSIFICADO,OFICIAL,RURAL,ABIERTA,MONOLINGUE,MATUTINA,DIARIO(REGULAR),BAJA VERAPAZ
15-02-0058-46,15-034,BAJA VERAPAZ,SAN MIGUEL CHICAJ,INSTITUTO NACIONAL DE EDUCACION DIVERSIFICADA,CANTON SAN JUAN,46782645,WILSON ESTUARDO CANAHUI JA,RUDY ZOEL RODRÍGUEZ XITUMUL,DIVERSIFICADO,OFICIAL,URBANA,ABIERTA,MONOLINGUE,MATUTINA,DIARIO(REGULAR),BAJA VERAPAZ
15-02-0059-46,15-034,BAJA VERAPAZ,SAN MIGUEL CHICAJ,COLEGIO PARTICULAR BAUTISTA MIXTO,CANTÓN LA CRUZ,56903927,WILSON ESTUARDO CANAHUI JA,ELDER ROCAEL TISTA CANAHUÍ,DIVERSIFICADO,PRIVADO,URBANA,ABIERTA,MONOLINGUE,VESPERTINA,DIARIO(REGULAR),BAJA VERAPAZ
15-02-0094-46,15-034,BAJA VERAPAZ,SAN MIGUEL CHICAJ,INSTITUTO NACIONAL DE EDUCACIÓN DIVERSIFICADA,ALDEA SAN FRANCISCO,40407799,WILSON ESTUARDO CANAHUI JA,WALTER OSEAS ORTIZ SIS,DIVERSIFICADO,OFICIAL,RURAL,ABIERTA,MONOLINGUE,MATUTINA,DIARIO(REGULAR),BAJA VERAPAZ
15-02-0100-46,15-034,BAJA VERAPAZ,SAN MIGUEL CHICAJ,"CENTRO EDUCATIVO TECNOLÓGICO ""EL NAZARENO""",ALDEA SAN GABRIEL PANTZUJ,57521552,WILSON ESTUARDO CANAHUI JA,ERIKA MARISOL IXTECOC RODRÍGUEZ,DIVERSIFICADO,PRIVADO,RURAL,ABIERTA,MONOLINGUE,VESPERTINA,DIARIO(REGULAR),BAJA VERAPAZ
15-02-0107-46,15-034,BAJA VERAPAZ,SAN MIGUEL CHICAJ,COLEGIO PARTICULAR BAUTISTA MIXTO,CANTÓN LA CRUZ,56903927,WILSON ESTUARDO CANAHUI JA,ELDER ROCAEL TISTA CANAHUÍ,DIVERSIFICADO,PRIVADO,URBANA,ABIERTA,MONOLINGUE,DOBLE,FIN DE SEMANA,BAJA VERAPAZ
15-02-0111-46,15-034,BAJA VERAPAZ,SAN MIGUEL CHICAJ,INSTITUTO NACIONAL DE EDUCACIÓN DIVERSIFICADA,CASERÍO CHUPEL,57831873,WILSON ESTUARDO CANAHUI JA,SATURNINO CELEDONIO IXTECOC CUQUEJ,DIVERSIFICADO,OFICIAL,RURAL,ABIERTA,MONOLINGUE,MATUTINA,DIARIO(REGULAR),BAJA VERAPAZ
15-02-0117-46,15-034,BAJA VERAPAZ,SAN MIGUEL CHICAJ,COLEGIO PARTICULAR MIXTO NUEVO AMANECER,ALDEA SAN GABRIEL,42559525,WILSON ESTUARDO CANAHUI JA,RONALDO MORALES SIS,DIVERSIFICADO,PRIVADO,RURAL,ABIERTA,MONOLINGUE,VESPERTINA,DIARIO(REGULAR),BAJA VERAPAZ
15-02-0119-46,15-034,BAJA VERAPAZ,SAN MIGUEL CHICAJ,COLEGIO PARTICULAR MIXTO NUEVO AMANECER,ALDEA SAN GABRIEL,42559525,WILSON ESTUARDO CANAHUI JA,RONALDO MORALES SIS,DIVERSIFICADO,PRIVADO,RURAL,ABIERTA,MONOLINGUE,DOBLE,FIN DE SEMANA,BAJA VERAPAZ
15-02-0122-46,15-034,BAJA VERAPAZ,SAN MIGUEL CHICAJ,CENTRO EDUCATIVO TECNOLÓGICO EL NAZARENO,ALDEA SAN GABRIEL PANTZUJ,41078285,WILSON ESTUARDO CANAHUI JA,ERIKA MARISOL IXTECOC RODRÍGUEZ,DIVERSIFICADO,PRIVADO,RURAL,ABIERTA,MONOLINGUE,DOBLE,FIN DE SEMANA,BAJA VERAPAZ
15-02-0125-46,15-034,BAJA VERAPAZ,SAN MIGUEL CHICAJ,INSTITUTO NACIONAL DE EDUCACION DIVERSIFICADA,ALDEA CHICHOLÓN,46748901,WILSON ESTUARDO CANAHUI JA,WILLIAM ESTUARDO AVILA CORDOVA,DIVERSIFICADO,OFICIAL,RURAL,ABIERTA,MONOLINGUE,VESPERTINA,DIARIO(REGULAR),BAJA VERAPAZ
15-02-0126-46,15-034,BAJA VERAPAZ,SAN MIGUEL CHICAJ,INSTITUTO NACIONAL DE EDUCACION DIVERSIFICADA,ALDEA SAN RAFAEL,32053375,WILSON ESTUARDO CANAHUI JA,REYNA AMALIA ROJAS GALIEGO,DIVERSIFICADO,OFICIAL,RURAL,ABIERTA,MONOLINGUE,VESPERTINA,DIARIO(REGULAR),BAJA VERAPAZ
15-02-0129-46,15-034,BAJA VERAPAZ,SAN MIGUEL CHICAJ,INSTITUTO NACIONAL DE EDUCACION DIVERSIFICADA,ALDEA EL PROGRESO,58592232,WILSON ESTUARDO CANAHUI JA,NORMA ELIZABETH MATIAS IXTECOC,DIVERSIFICADO,OFICIAL,RURAL,ABIERTA,MONOLINGUE,MATUTINA,DIARIO(REGULAR),BAJA VERAPAZ
15-02-0131-46,15-024,BAJA VERAPAZ,SAN MIGUEL CHICAJ,CENTRO DE EDUCACIÓN EXTRAESCOLAR -CEEX-,CANTÓN SAN JUAN,54887718,VIVIAN VERONICA PRERA NOGUERA,ALONDRA VANESSA VALEY IXPATÁ,DIVERSIFICADO,PRIVADO,URBANA,ABIERTA,MONOLINGUE,DOBLE,SEMIPRESENCIAL,BAJA VERAPAZ
15-02-0135-46,15-034,BAJA VERAPAZ,SAN MIGUEL CHICAJ,COLEGIO PARTICULAR BAUTISTA MIXTO,CANTÓN LA CRUZ,56903927,WILSON ESTUARDO CANAHUI JA,ELDER ROCAEL TISTA CANAHUÍ,DIVERSIFICADO,PRIVADO,URBANA,ABIERTA,MONOLINGUE,SIN JORNADA,SEMIPRESENCIAL (UN DÍA A LA SEMANA),BAJA VERAPAZ
15-02-0138-46,15-034,BAJA VERAPAZ,SAN MIGUEL CHICAJ,COLEGIO PARTICULAR MIXTO NUEVO AMANECER,ALDEA SAN GABRIEL PANTZUJ,42559525,WILSON ESTUARDO CANAHUI JA,RONALDO MORALES SIS,DIVERSIFICADO,PRIVADO,RURAL,ABIERTA,MONOLINGUE,SIN JORNADA,SEMIPRESENCIAL (UN DÍA A LA SEMANA),BAJA VERAPAZ
15-03-0046-46,15-031,BAJA VERAPAZ,RABINAL,INSTITUTO NACIONAL DE EDUCACION DIVERSIFICADA,2A. CALLE Y 4A. AVENIDA ZONA 3 FRENTE AL CAMPO DE AVIACIÓN,47050351,EDGAR OVIDIO SIC XITUMUL,ODILIA MIRTALA GÓMEZ JUÁREZ,DIVERSIFICADO,OFICIAL,URBANA,ABIERTA,MONOLINGUE,VESPERTINA,DIARIO(REGULAR),BAJA VERAPAZ
15-03-0059-46,15-031,BAJA VERAPAZ,RABINAL,COLEGIO PARTICULAR MIXTO SANTO DOMINGO,4A. AVENIDA ENTRE 3A. Y 4A. CALLE ZONA 2,79388037,EDGAR OVIDIO SIC XITUMUL,ARABELA CONSUELO IXPATÁ AJ,DIVERSIFICADO,PRIVADO,URBANA,ABIERTA,MONOLINGUE,VESPERTINA,DIARIO(REGULAR),BAJA VERAPAZ
15-03-0070-46,15-031,BAJA VERAPAZ,RABINAL,CENTRO EDUCATIVO COMUNITARIO BILINGUE INTERCULTURAL NUEVA ESPERANZA RIO NEGRO,"CASERÍO CORROLABAJ, ALDEA CHITICOY",79388218,EDGAR OVIDIO SIC XITUMUL,RÓMULO ESTUARDO HERNÁNDEZ HERRERA,DIVERSIFICADO,PRIVADO,RURAL,ABIERTA,MONOLINGUE,MATUTINA,DIARIO(REGULAR),BAJA VERAPAZ
15-03-0076-46,15-031,BAJA VERAPAZ,RABINAL,ENBI OXLAJUJ NO´OJ,ALDEA PACHALUM,55322450,EDGAR OVIDIO SIC XITUMUL,MANUEL RODRIGO ALVA XITUMUL,DIVERSIFICADO,OFICIAL,RURAL,ABIERTA,BILINGUE,MATUTINA,DIARIO(REGULAR),BAJA VERAPAZ
15-03-0085-46,15-031,BAJA VERAPAZ,RABINAL,INSTITUTO NACIONAL DE EDUCACIÓN DIVERSIFICADA,ALDEA CONCUL,56376500,EDGAR OVIDIO SIC XITUMUL,FREDY OTONIEL RAYMUNDO RODRIGUEZ,DIVERSIFICADO,OFICIAL,RURAL,ABIERTA,MONOLINGUE,MATUTINA,DIARIO(REGULAR),BAJA VERAPAZ
15-03-0092-46,15-031,BAJA VERAPAZ,RABINAL,INSTITUTO NACIONAL DE EDUCACIÓN DIVERSIFICADA,"CASERÍO PLAN DE SANCHEZ, ALDEA RAXJUT",58441519,EDGAR OVIDIO SIC XITUMUL,WILSON FRANKYN TOJ PÉREZ,DIVERSIFICADO,OFICIAL,RURAL,ABIERTA,MONOLINGUE,MATUTINA,DIARIO(REGULAR),BAJA VERAPAZ
15-03-0141-46,15-031,BAJA VERAPAZ,RABINAL,COLEGIO PARTICULAR MIXTO VIDA NUEVA,"4TA. AVENIDA 1-83, ZONA 2",47406365,EDGAR OVIDIO SIC XITUMUL,EMILIA MARLENY GONZALEZ TORRES,DIVERSIFICADO,PRIVADO,URBANA,ABIERTA,MONOLINGUE,SIN JORNADA,SEMIPRESENCIAL (UN DÍA A LA SEMANA),BAJA VERAPAZ
15-03-0143-46,15-031,BAJA VERAPAZ,RABINAL,COLEGIO INTEGRAL NUEVA GENERACIÓN,"1A. CALLE 7-17, ZONA 2",79388194,EDGAR OVIDIO SIC XITUMUL,GERMAN RAXCACÓ GÓMEZ,DIVERSIFICADO,PRIVADO,URBANA,ABIERTA,MONOLINGUE,SIN JORNADA,SEMIPRESENCIAL (UN DÍA A LA SEMANA),BAJA VERAPAZ
15-03-0145-46,15-031,BAJA VERAPAZ,RABINAL,CENTRO EDUCATIVO ESTUDIANTIL CON ORIENTACIÓN EN COMPUTACIÓN,"3A. CALLE 5-41, ZONA 2",47477455,EDGAR OVIDIO SIC XITUMUL,FÉLIX ISMALEJ MORALES,DIVERSIFICADO,PRIVADO,URBANA,ABIERTA,MONOLINGUE,SIN JORNADA,SEMIPRESENCIAL (UN DÍA A LA SEMANA),BAJA VERAPAZ
15-03-0778-46,15-031,BAJA VERAPAZ,RABINAL,CENTRO CULTURAL DE AMERICA,3 CALLE 2-87 ZONA 2,79388718,EDGAR OVIDIO SIC XITUMUL,FABIO RAXCACO ISMALEJ,DIVERSIFICADO,PRIVADO,URBANA,ABIERTA,MONOLINGUE,VESPERTINA,DIARIO(REGULAR),BAJA VERAPAZ
15-03-1888-46,15-031,BAJA VERAPAZ,RABINAL,CENTRO CULTURAL DE AMERICA,3ERA. CALLE 2-87 ZONA 2,79388718,EDGAR OVIDIO SIC XITUMUL,FABIO RAXCACO ISMALEJ,DIVERSIFICADO,PRIVADO,URBANA,ABIERTA,MONOLINGUE,VESPERTINA,DIARIO(REGULAR),BAJA VERAPAZ
15-03-1963-46,15-031,BAJA VERAPAZ,RABINAL,COLEGIO MIXTO ZAMANEB,2DA. CALLE 2-15 ZONA 1,79388962,EDGAR OVIDIO SIC XITUMUL,OSCAR ARMANDO GUZMÁN MAZARIEGOS,DIVERSIFICADO,PRIVADO,URBANA,ABIERTA,MONOLINGUE,VESPERTINA,DIARIO(REGULAR),BAJA VERAPAZ
15-03-2050-46,15-031,BAJA VERAPAZ,RABINAL,ESCUELA NORMAL BILINGÜE INTERCULTURAL OXLAJUJ NO´OJ,ALDEA PACHALUM,36596040,EDGAR OVIDIO SIC XITUMUL,MANUEL RODRIGO ALVA XITUMUL,DIVERSIFICADO,OFICIAL,RURAL,ABIERTA,BILINGUE,DOBLE,DIARIO(REGULAR),BAJA VERAPAZ
15-03-2052-46,15-031,BAJA VERAPAZ,RABINAL,COLEGIO MIXTO ZAMANEB,2DA. CALLE 2-15 ZONA 1,79388962,EDGAR OVIDIO SIC XITUMUL,JORGE RONALDO OLIVA GARCÍA,DIVERSIFICADO,PRIVADO,URBANA,ABIERTA,MONOLINGUE,DOBLE,FIN DE SEMANA,BAJA VERAPAZ
15-03-2150-46,15-031,BAJA VERAPAZ,RABINAL,COLEGIO INTEGRAL NUEVA GENERACION,1A. CALLE 7-17 ZONA 2,79388194,EDGAR OVIDIO SIC XITUMUL,GERMAN RAXCACÓ GÓMEZ,DIVERSIFICADO,PRIVADO,URBANA,ABIERTA,MONOLINGUE,DOBLE,FIN DE SEMANA,BAJA VERAPAZ
15-04-0089-46,15-029,BAJA VERAPAZ,CUBULCO,CENTRO EDUCATIVO NUEVA ESPERANZA,BARRIO MAGDALENA,79545457,HUGO MAURICIO MORALES MORALES,JUAN QUILÁ SANTOS,DIVERSIFICADO,PRIVADO,URBANA,ABIERTA,MONOLINGUE,DOBLE,FIN DE SEMANA,BAJA VERAPAZ
15-04-0100-46,15-029,BAJA VERAPAZ,CUBULCO,INSTITUTO NACIONAL DE EDUCACION DIVERSIFICADA,CASERÍO CHIRUJ,58012060,HUGO MAURICIO MORALES MORALES,GASPAR ENRIQUE DE LA CRUZ PRIMERO,DIVERSIFICADO,OFICIAL,RURAL,ABIERTA,MONOLINGUE,VESPERTINA,DIARIO(REGULAR),BAJA VERAPAZ
15-04-0223-46,15-029,BAJA VERAPAZ,CUBULCO,INSTITUTO NACIONAL DE EDUCACIÓN DIVERSIFICADA,ALDEA PACHOJOP,50624654,HUGO MAURICIO MORALES MORALES,ELÍAS CAMAJÁ CEBALLOS,DIVERSIFICADO,OFICIAL,RURAL,ABIERTA,MONOLINGUE,MATUTINA,DIARIO(REGULAR),BAJA VERAPAZ
15-04-0248-46,15-024,BAJA VERAPAZ,CUBULCO,CENTRO DE EDUCACIÓN EXTRAESCOLAR -CEEX-,CASERÍO CHIRUJ,54887718,VIVIAN VERONICA PRERA NOGUERA,ALONDRA VANESSA VALEY IXPATÁ,DIVERSIFICADO,PRIVADO,RURAL,ABIERTA,MONOLINGUE,DOBLE,SEMIPRESENCIAL,BAJA VERAPAZ
15-04-0252-46,15-029,BAJA VERAPAZ,CUBULCO,CENTRO EDUCATIVO NUEVA ESPERANZA,BARRIO MAGDALENA,79545457,HUGO MAURICIO MORALES MORALES,JUAN QUILÁ SANTOS,DIVERSIFICADO,PRIVADO,URBANA,ABIERTA,MONOLINGUE,SIN JORNADA,SEMIPRESENCIAL (DOS DÍAS A LA SEMANA),BAJA VERAPAZ
15-04-0257-46,15-029,BAJA VERAPAZ,CUBULCO,CENTRO EDUCATIVO DIEGO PRIMERO ALONZO CEDPA,BARRIO MAGDALENA,50344461,HUGO MAURICIO MORALES MORALES,ABELINO PRIMERO CAMAJÁ,DIVERSIFICADO,PRIVADO,URBANA,ABIERTA,MONOLINGUE,SIN JORNADA,SEMIPRESENCIAL (UN DÍA A LA SEMANA),BAJA VERAPAZ
15-04-0258-46,15-029,BAJA VERAPAZ,CUBULCO,CENTRO EDUCATIVO DIEGO PRIMERO ALONZO CEDPA,BARRIO MAGDALENA,50344461,HUGO MAURICIO MORALES MORALES,ABELINO PRIMERO CAMAJÁ,DIVERSIFICADO,PRIVADO,URBANA,ABIERTA,MONOLINGUE,DOBLE,FIN DE SEMANA,BAJA VERAPAZ
15-04-0670-46,15-029,BAJA VERAPAZ,CUBULCO,COLEGIO PARTICULAR MIXTO NUEVO AMANECER,BARRIO MAGDALENA,79540241,HUGO MAURICIO MORALES MORALES,BYRON JOSÉ ALVARADO CABRERA,DIVERSIFICADO,PRIVADO,URBANA,ABIERTA,MONOLINGUE,VESPERTINA,DIARIO(REGULAR),BAJA VERAPAZ
15-05-0014-46,15-016,BAJA VERAPAZ,GRANADOS,INSTITUTO NACIONAL DE EDUCACION DIVERSIFICADA,CABECERA MUNICIPAL,57678563,JORGE ARNOLDO ALVARADO PEREZ,ELIDO ARCENIO MAYÉN CÓRDOVA,DIVERSIFICADO,OFICIAL,URBANA,ABIERTA,MONOLINGUE,VESPERTINA,DIARIO(REGULAR),BAJA VERAPAZ
15-05-0037-46,15-016,BAJA VERAPAZ,GRANADOS,COLEGIO INTERCULTURAL TUNCAJ,GRANADOS,40737673,JORGE ARNOLDO ALVARADO PEREZ,FILADELFO GARCÍA ALVARADO,DIVERSIFICADO,PRIVADO,URBANA,ABIERTA,MONOLINGUE,DOBLE,FIN DE SEMANA,BAJA VERAPAZ
15-05-0045-46,15-016,BAJA VERAPAZ,GRANADOS,CENTRO DE ESTUDIOS MAGISTERIALES CEM,ALDEA POTRERO GRANDE,55263805,JORGE ARNOLDO ALVARADO PEREZ,SERGIO LEONEL GARCÍA ARÉVALO,DIVERSIFICADO,PRIVADO,RURAL,ABIERTA,MONOLINGUE,VESPERTINA,DIARIO(REGULAR),BAJA VERAPAZ
15-05-0047-46,15-016,BAJA VERAPAZ,GRANADOS,COLEGIO INTERCULTURAL TUNCAJ,GRANADOS,40731673,JORGE ARNOLDO ALVARADO PEREZ,FILADELFO GARCÍA ALVARADO,DIVERSIFICADO,PRIVADO,URBANA,ABIERTA,MONOLINGUE,SIN JORNADA,SEMIPRESENCIAL (UN DÍA A LA SEMANA),BAJA VERAPAZ
15-05-1942-46,15-016,BAJA VERAPAZ,GRANADOS,COLEGIO INTERCULTURAL TUNCAJ,GRANADOS,40737673,JORGE ARNOLDO ALVARADO PEREZ,FILADELFO GARCÍA ALVARADO,DIVERSIFICADO,PRIVADO,URBANA,ABIERTA,MONOLINGUE,DOBLE,DIARIO(REGULAR),BAJA VERAPAZ
15-05-2153-46,15-016,BAJA VERAPAZ,GRANADOS,COLEGIO INTERCULTURAL TUNCAJ,GRANADOS,40737673,JORGE ARNOLDO ALVARADO PEREZ,FILADELFO GARCÍA ALVARADO,DIVERSIFICADO,PRIVADO,URBANA,ABIERTA,MONOLINGUE,VESPERTINA,DIARIO(REGULAR),BAJA VERAPAZ
15-06-0006-46,15-018,BAJA VERAPAZ,SANTA CRUZ EL CHOL,INSTITUTO NACIONAL DE EDUCACION DIVERSIFICADA,CABECERA MUNICIPAL,58925475,CESAR LEONEL GRAMAJO JIMENEZ,ERICK OBDULIO JUÁREZ,DIVERSIFICADO,OFICIAL,URBANA,ABIERTA,MONOLINGUE,VESPERTINA,DIARIO(REGULAR),BAJA VERAPAZ
15-06-0017-46,15-018,BAJA VERAPAZ,SANTA CRUZ EL CHOL,INSTITUTO DE EDUCACIÓN DIVERSIFICADA POR COOPERATIVA DE ENSEÑANZA,BARRIO EL CENTRO,56328963,CESAR LEONEL GRAMAJO JIMENEZ,JULIO CÉSAR TOBAR MAGAÑA,DIVERSIFICADO,COOPERATIVA,URBANA,ABIERTA,MONOLINGUE,VESPERTINA,DIARIO(REGULAR),BAJA VERAPAZ
15-06-1265-46,15-018,BAJA VERAPAZ,SANTA CRUZ EL CHOL,COLEGIO PARTICULAR MIXTO VALLE DEL URRAM,SANTA CRUZ EL CHOL,45390786,CESAR LEONEL GRAMAJO JIMENEZ,JONATHAN DANILO REYES GARCÍA,DIVERSIFICADO,PRIVADO,URBANA,ABIERTA,MONOLINGUE,VESPERTINA,DIARIO(REGULAR),BAJA VERAPAZ
15-07-0033-46,15-035,BAJA VERAPAZ,SAN JERONIMO,COLEGIO PARTICULAR MIXTO SAN JERONIMO,BARRIO ABAJO,45944665,MAYRA JUDITH PEREZ,ALDO WILFREDO ALVAREZ RAMOS,DIVERSIFICADO,PRIVADO,URBANA,ABIERTA,MONOLINGUE,DOBLE,FIN DE SEMANA,BAJA VERAPAZ
15-07-0036-46,15-035,BAJA VERAPAZ,SAN JERONIMO,INSTITUTO NACIONAL DE EDUCACION DIVERSIFICADA,BARRIO ARRIBA,38076396,MAYRA JUDITH PEREZ,WALESKA JUDITH PICÓN SIANA,DIVERSIFICADO,OFICIAL,URBANA,ABIERTA,MONOLINGUE,MATUTINA,DIARIO(REGULAR),BAJA VERAPAZ
15-07-0043-46,15-035,BAJA VERAPAZ,SAN JERONIMO,INSTITUTO NACIONAL DE EDUCACION DIVERSIFICADA,"CASERÍO PLANES Y BODEGAS, ALDEA EL JÍCARO",35989221,MAYRA JUDITH PEREZ,JOSÉ DINAEL REYES RAYMUNDO,DIVERSIFICADO,OFICIAL,RURAL,ABIERTA,MONOLINGUE,MATUTINA,DIARIO(REGULAR),BAJA VERAPAZ
15-07-0045-46,15-035,BAJA VERAPAZ,SAN JERONIMO,INSTITUTO TÉCNICO DE CAPACITACIÓN Y PRODUCTIVIDAD INTECAP,KILÓMETRO 144 RN-17 ALDEA SIBABAJ,77935300,MAYRA JUDITH PEREZ,JORGE ARMANDO ROMÁN IXTECOC,DIVERSIFICADO,PRIVADO,RURAL,ABIERTA,MONOLINGUE,DOBLE,DIARIO(REGULAR),BAJA VERAPAZ
15-07-0046-46,15-024,BAJA VERAPAZ,SAN JERONIMO,CENTRO DE EDUCACIÓN EXTRAESCOLAR -CEEX-,"BARRIO ABAJO, CALLE LA ASUNCIÓN",54887718,VIVIAN VERONICA PRERA NOGUERA,ALONDRA VANESSA VALEY IXPATÁ,DIVERSIFICADO,PRIVADO,URBANA,ABIERTA,MONOLINGUE,DOBLE,SEMIPRESENCIAL,BAJA VERAPAZ
15-07-0048-46,15-035,BAJA VERAPAZ,SAN JERONIMO,COLEGIO PARTICULAR MIXTO SAN JERÓNIMO,BARRIO ABAJO,45944665,MAYRA JUDITH PEREZ,ALDO WILFREDO ALVAREZ RAMOS,DIVERSIFICADO,PRIVADO,URBANA,ABIERTA,MONOLINGUE,SIN JORNADA,SEMIPRESENCIAL (UN DÍA A LA SEMANA),BAJA VERAPAZ
15-08-0131-46,15-021,BAJA VERAPAZ,PURULHA,INSTITUTO MIXTO PARTICULAR VERAPAZ,BARRIO EL CEMENTERIO,35930539,PEDRO ARMANDO CASTRO CHOCO,SEIDI YANET RODRÍGUEZ PIRIR,DIVERSIFICADO,PRIVADO,URBANA,ABIERTA,MONOLINGUE,VESPERTINA,DIARIO(REGULAR),BAJA VERAPAZ
15-08-0173-46,15-021,BAJA VERAPAZ,PURULHA,COLEGIO PARTICULAR MIXTO PURULHÁ PROFESORA MARÍA ZOE LÓPEZ,BARRIO EL CARPINTERO,54269657,PEDRO ARMANDO CASTRO CHOCO,JOSÉ ALFREDO CRUZ SÚN,DIVERSIFICADO,PRIVADO,URBANA,ABIERTA,MONOLINGUE,DOBLE,FIN DE SEMANA,BAJA VERAPAZ
15-08-0200-46,15-021,BAJA VERAPAZ,PURULHA,INSTITUTO NACIONAL DE EDUCACIÓN DIVERSIFICADA,BARRIO SAN ANTONIO,59616498,PEDRO ARMANDO CASTRO CHOCO,LILIAN MARÍA GRAMAJO GARRIDO,DIVERSIFICADO,OFICIAL,URBANA,ABIERTA,MONOLINGUE,MATUTINA,DIARIO(REGULAR),BAJA VERAPAZ
15-08-0205-46,15-021,BAJA VERAPAZ,PURULHA,LICEO INTEGRAL PURULENSE VICTORIA,BARRIO LA CRUZ,57778541,PEDRO ARMANDO CASTRO CHOCO,MARCO ANTONIO XOY ORTÍZ,DIVERSIFICADO,PRIVADO,URBANA,ABIERTA,MONOLINGUE,VESPERTINA,DIARIO(REGULAR),BAJA VERAPAZ
15-08-0206-46,15-021,BAJA VERAPAZ,PURULHA,LICEO INTEGRAL PURULENSE VICTORIA,BARRIO LA CRUZ,57778541,PEDRO ARMANDO CASTRO CHOCO,MARCO ANTONIO XOY ORTÍZ,DIVERSIFICADO,PRIVADO,URBANA,ABIERTA,MONOLINGUE,DOBLE,FIN DE SEMANA,BAJA VERAPAZ
15-08-0207-46,15-021,BAJA VERAPAZ,PURULHA,INSTITUTO NACIONAL DE EDUCACIÓN DIVERSIFICADA,ALDEA SAN MARCOS SACSAMANÍ,31357953,PEDRO ARMANDO CASTRO CHOCO,SERGIO ABRAHÁM XOY XONÁ,DIVERSIFICADO,OFICIAL,RURAL,ABIERTA,MONOLINGUE,VESPERTINA,DIARIO(REGULAR),BAJA VERAPAZ
15-08-0214-46,15-024,BAJA VERAPAZ,PURULHA,CENTRO DE EDUCACIÓN EXTRAESCOLAR -CEEX-,BARRIO EL CENTRO,54887718,VIVIAN VERONICA PRERA NOGUERA,ALONDRA VANESSA VALEY IXPATÁ,DIVERSIFICADO,PRIVADO,URBANA,ABIERTA,MONOLINGUE,DOBLE,SEMIPRESENCIAL,BAJA VERAPAZ
15-08-0219-46,15-021,BAJA VERAPAZ,PURULHA,INSTITUTO NACIONAL DE EDUCACIÓN DIVERSIFICADA,CASERÍO NUEVO PROGRESO PANCHISIVIC,48942663,PEDRO ARMANDO CASTRO CHOCO,MAGNOLIA ANDREINA CAP FORTÍN,DIVERSIFICADO,OFICIAL,RURAL,ABIERTA,MONOLINGUE,VESPERTINA,DIARIO(REGULAR),BAJA VERAPAZ
15-08-0220-46,15-021,BAJA VERAPAZ,PURULHA,COLEGIO PARTICULAR MIXTO PURULHÁ PROFESORA MARÍA ZOE LÓPEZ,BARRIO EL CARPINTERO,54269657,PEDRO ARMANDO CASTRO CHOCO,JOSÉ ALFREDO CRUZ SÚN,DIVERSIFICADO,PRIVADO,URBANA,ABIERTA,MONOLINGUE,SIN JORNADA,SEMIPRESENCIAL (UN DÍA A LA SEMANA),BAJA VERAPAZ
15-08-0225-46,15-021,BAJA VERAPAZ,PURULHA,INSTITUTO MIXTO PARTICULAR VERAPAZ,BARRIO EL CEMENTERIO,36383815,PEDRO ARMANDO CASTRO CHOCO,SEIDI YANET RODRÍGUEZ PIRIR,DIVERSIFICADO,PRIVADO,URBANA,ABIERTA,MONOLINGUE,SIN JORNADA,SEMIPRESENCIAL (UN DÍA A LA SEMANA),BAJA VERAPAZ
15-08-0247-46,15-021,BAJA VERAPAZ,PURULHA,INSTITUTO MIXTO DE EDUCACIÓN BILINGÜE INTERCULTURAL IMEBI,ALDEA LA PINADA,30374166,PEDRO ARMANDO CASTRO CHOCO,CARLOS EFRAÍN JUC AYÚ,DIVERSIFICADO,PRIVADO,RURAL,ABIERTA,MONOLINGUE,VESPERTINA,DIARIO(REGULAR),BAJA VERAPAZ
15-08-2158-46,15-021,BAJA VERAPAZ,PURULHA,INSTITUTO MIXTO PARTICULAR VERAPAZ,BARRIO EL CEMENTERIO,35930539,PEDRO ARMANDO CASTRO CHOCO,SEIDI YANET RODRÍGUEZ PIRIR,DIVERSIFICADO,PRIVADO,URBANA,ABIERTA,MONOLINGUE,DOBLE,FIN DE SEMANA,BAJA VERAPAZ
,,,,,,,,,,,,,,,,
,,,,,,,,,,,,,,,,
94 Establecimientos encontrados,,,,,,,,,,,,,,,,
,,,,,,,,,,,,,,,,
"Ministerio de Educación, Copyright © 2,012",,Aviso Legal | Términos y Condiciones | Contacto ,,,,,,,,,,,,,,
