,[ e-Servicios ],,,,,,,,,,,,,,,
,Búsqueda de centros educativos autorizados por el Mineduc y carreras que pueden impartir.,,,,,,,,,,,,,,,
,,,,,,,,,,,,,,,,
,  ,,,,,,,,,,,,,,,
Importante:,,,,,,,,,,,,,,,,
,,,,,,,,,,,,,,,,
"Para una mejor búsqueda puede seleccionar el departamento y municipio, con base a la ubicación del centro educativo, ingresando el código del establecimiento separado por guiones o el nombre completo o parte de él.",,,,,,,,,,,,,,,,
,,,,,,,,,,,,,,,,
"Un centro educativo puede contar con uno o más códigos de acuerdo con los servicios educativos autorizados (nivel, plan o jornada).",,,,,,,,,,,,,,,,
,,,,,,,,,,,,,,,,
"Las carreras pueden visualizarse únicamente en los códigos de centros educativos que tienen autorizado el Nivel de Educación Media, Ciclo de Educación Diversificada.",,,,,,,,,,,,,,,,
,,,,,,,,,,,,,,,,
Para visualizar las carreras autorizadas a un centro educativo seleccione el Nivel Escolar: Diversificado.,,,,,,,,,,,,,,,,
,,,,,,,,,,,,,,,,
Departamento,Municipio,,,,,,,,,,,,,,,
,,,,,,,,,,,,,,,,
Nivel Escolar,,,,,,,,,,,,,,,,
Sector,,,,,,,,,,,,,,,,
Plan,Modalidad,,,,,,,,,,,,,,,
,,,,,,,,,,,,,,,,
Código (##-##-####-##),,,,,,,,,,,,,,,,
Nombre,,,,,,,,,,,,,,,,
Dirección,,,,,,,,,,,,,,,,
,,,,,,,,,,,,,,,,
,,,,,,,,,,,,,,,,
CODIGO,DISTRITO,DEPARTAMENTO,MUNICIPIO,ESTABLECIMIENTO,DIRECCION,TELEFONO,SUPERVISOR,DIRECTOR,NIVEL,SECTOR,AREA,STATUS,MODALIDAD,JORNADA,PLAN,DEPARTAMENTAL
04-01-0044-46,04-028,CHIMALTENANGO,CHIMALTENANGO,"ESCUELA NORMAL RURAL NO. 1 ""PEDRO MOLINA""",FINCA LA ALAMEDA,42182840,ISMAEL CRISTAL AJCET,EDGAR LEONEL OTZOY CUTZAL,DIVERSIFICADO,OFICIAL,RURAL,ABIERTA,MONOLINGUE,DOBLE,DIARIO(REGULAR),CHIMALTENANGO
04-01-0051-46,04-001,CHIMALTENANGO,CHIMALTENANGO,"COLEGIO MIXTO ""SANTA ANA""",2A. CALLE 5-52 ZONA 4,78391533,ABIMAEL ACUTA ABAJ,MAURO AROLDO FIGUEROA ZAMORA,DIVERSIFICADO,PRIVADO,URBANA,ABIERTA,MONOLINGUE,VESPERTINA,DIARIO(REGULAR),CHIMALTENANGO
04-01-0053-46,04-027,CHIMALTENANGO,CHIMALTENANGO,"COLEGIO ""JOSÉ SIMEÓN CAÑAS Y VILLACORTA""",4A. AVENIDA 2-95 ZONA 3,78393574,ISMAEL CRISTAL AJCET,IRMA ARACELI MENDOZA ALCÚ,DIVERSIFICADO,PRIVADO,URBANA,ABIERTA,MONOLINGUE,VESPERTINA,DIARIO(REGULAR),CHIMALTENANGO
04-01-0055-46,04-020,CHIMALTENANGO,CHIMALTENANGO,INSTITUTO EVANGÉLICO AMÉRICA LATINA,6A. AVENIDA 3-48 ZONA 5,77282600,MARILENA HERNÁNDEZ CABRERA,AXEL EDUARDO ESTRADA CHÁVEZ,DIVERSIFICADO,PRIVADO,URBANA,ABIERTA,MONOLINGUE,MATUTINA,DIARIO(REGULAR),CHIMALTENANGO
04-01-0058-46,04-001,CHIMALTENANGO,CHIMALTENANGO,TECNOLOGICO PREUNIVERSITARIO,3 CALLE 7-54 ZONA 3,78394519,ABIMAEL ACUTA ABAJ,GERSON ARELY PUZ SAL,DIVERSIFICADO,PRIVADO,URBANA,ABIERTA,MONOLINGUE,DOBLE,DIARIO(REGULAR),CHIMALTENANGO
04-01-0059-46,04-028,CHIMALTENANGO,CHIMALTENANGO,INSTITUTO TECNICO INDUSTRIAL,"9A. CALLE DE LOS CLAVELES 3-76 ZONA 1, QUINTAS LOS APOSENTOS",78396913,ISMAEL CRISTAL AJCET,ASUNCIÓN BOLIVIA MATZER CUXIL,DIVERSIFICADO,PRIVADO,URBANA,ABIERTA,MONOLINGUE,DOBLE,DIARIO(REGULAR),CHIMALTENANGO
04-01-0062-46,04-001,CHIMALTENANGO,CHIMALTENANGO,"ESCUELA NACIONAL DE CIENCIAS COMERCIALES ""LEONIDAS MENCOS AVILA""",1A. CALLE 9-30 ZONA 3,78396809,ABIMAEL ACUTA ABAJ,MARCO ANTONIO MONTERROSO MONZÓN,DIVERSIFICADO,OFICIAL,URBANA,ABIERTA,MONOLINGUE,VESPERTINA,DIARIO(REGULAR),CHIMALTENANGO
04-01-0063-46,04-001,CHIMALTENANGO,CHIMALTENANGO,"ESCUELA DE CIENCIAS COMERCIALES POR COOPERATIVA ""PROF. MIGUEL ANGEL FRANCISCO JUÁREZ PÉREZ""",1A CALLE 9-30 ZONA 3,78396762,ABIMAEL ACUTA ABAJ,GILDARDO LEONEL LANCERIO CABRERA,DIVERSIFICADO,COOPERATIVA,URBANA,ABIERTA,MONOLINGUE,INTERMEDIA,DIARIO(REGULAR),CHIMALTENANGO
04-01-0069-46,04-027,CHIMALTENANGO,CHIMALTENANGO,"COLEGIO ""JOSÉ SIMEÓN CAÑAS Y VILLACORTA""",4A. AVENIDA 2-95 ZONA 3,78393574,ISMAEL CRISTAL AJCET,IRMA ARACELI MENDOZA ALCÚ,DIVERSIFICADO,PRIVADO,URBANA,ABIERTA,MONOLINGUE,MATUTINA,DIARIO(REGULAR),CHIMALTENANGO
04-01-0070-46,04-027,CHIMALTENANGO,CHIMALTENANGO,"COLEGIO ""JOSÉ SIMEÓN CAÑAS Y VILLACORTA""",4A. AVENIDA 2-95 ZONA 3,78933574,ISMAEL CRISTAL AJCET,IRMA ARACELI MENDOZA ALCÚ,DIVERSIFICADO,PRIVADO,URBANA,ABIERTA,MONOLINGUE,DOBLE,DIARIO(REGULAR),CHIMALTENANGO
04-01-0073-46,04-003,CHIMALTENANGO,CHIMALTENANGO,"LICEO CRISTIANO ""NATANAEL""","6A. AVENIDA ""A"" 2A-37, ZONA 2 COLONIA SANTA TERESITA",57998064,EDNA NOHELIA PÉREZ TOJ DE LÓPEZ,FLAVIO AUGUSTO CHOC CHOY,DIVERSIFICADO,PRIVADO,URBANA,ABIERTA,MONOLINGUE,MATUTINA,DIARIO(REGULAR),CHIMALTENANGO
04-01-0093-46,04-028,CHIMALTENANGO,CHIMALTENANGO,ESCUELA NORMAL DE EDUCACION FISICA,"INTERIOR DE LA ESCUELA NORMAL RURAL ""PEDRO MOLINA"", LA ALAMEDA",78404977,ISMAEL CRISTAL AJCET,JUAN CARLOS VASQUEZ SANTOS,DIVERSIFICADO,OFICIAL,RURAL,ABIERTA,MONOLINGUE,DOBLE,DIARIO(REGULAR),CHIMALTENANGO
04-01-0095-46,04-028,CHIMALTENANGO,CHIMALTENANGO,"INSTITUTO NACIONAL DE EDUCACIÓN DIVERSIFICADA ""DR. PEDRO MOLINA""",6A. AVENIDA 14-376 LA ALAMEDA ZONA 1,79370426,ISMAEL CRISTAL AJCET,NANCY JULISSA HERRERA MORALES,DIVERSIFICADO,OFICIAL,URBANA,ABIERTA,MONOLINGUE,MATUTINA,DIARIO(REGULAR),CHIMALTENANGO
04-01-0112-46,04-002,CHIMALTENANGO,CHIMALTENANGO,CENTRO DE ESTUDIOS TECNICOS Y AVANZADOS DE CHIMALTENANGO NO. 2 (C.E.T.A.CH. NO. 2),3A. CALLE 6-125 ZONA 4,78739582,EDNA NOHELIA PÉREZ TOJ DE LÓPEZ,BERTHA MARIA QUIROA GARNICA,DIVERSIFICADO,PRIVADO,URBANA,ABIERTA,MONOLINGUE,MATUTINA,DIARIO(REGULAR),CHIMALTENANGO
04-01-0113-46,04-002,CHIMALTENANGO,CHIMALTENANGO,CENTRO DE ESTUDIOS TECNICOS Y AVANZADOS DE CHIMALTENANGO NO. 2 (C.E.T.A.CH. NO. 2),3A. CALLE 6-125 ZONA 4,78739582,EDNA NOHELIA PÉREZ TOJ DE LÓPEZ,BERTHA MARIA QUIROA GARNICA,DIVERSIFICADO,PRIVADO,URBANA,ABIERTA,MONOLINGUE,DOBLE,DIARIO(REGULAR),CHIMALTENANGO
04-01-0115-46,04-003,CHIMALTENANGO,CHIMALTENANGO,"LICEO CRISTIANO ""NATANAEL""","6A. AVENIDA ""A"" 2A-37, ZONA 2 COLONIA SANTA TERESITA",57998064,EDNA NOHELIA PÉREZ TOJ DE LÓPEZ,FLAVIO AUGUSTO CHOC CHOY,DIVERSIFICADO,PRIVADO,URBANA,ABIERTA,MONOLINGUE,VESPERTINA,DIARIO(REGULAR),CHIMALTENANGO
04-01-0125-46,04-028,CHIMALTENANGO,CHIMALTENANGO,LICEO NUEVA GENERACION,1A. AVENIDA 4-52 ZONA 4,78392827,ISMAEL CRISTAL AJCET,LESLIE IVETTE SÁNCHEZ VÁSQUEZ,DIVERSIFICADO,PRIVADO,URBANA,ABIERTA,MONOLINGUE,MATUTINA,DIARIO(REGULAR),CHIMALTENANGO
04-01-0128-46,04-028,CHIMALTENANGO,CHIMALTENANGO,LICEO NUEVA GENERACION,1A. AVENIDA 4-52 ZONA 4,783928,ISMAEL CRISTAL AJCET,LESLIE IVETTE SÁNCHEZ VÁSQUEZ,DIVERSIFICADO,PRIVADO,URBANA,ABIERTA,MONOLINGUE,DOBLE,FIN DE SEMANA,CHIMALTENANGO
04-01-0129-46,04-020,CHIMALTENANGO,CHIMALTENANGO,INSTITUTO EVANGÉLICO AMÉRICA LATINA,6A. AVENIDA 3-48 ZONA 5,77282600,MARILENA HERNÁNDEZ CABRERA,AXEL EDUARDO ESTRADA CHÁVEZ,DIVERSIFICADO,PRIVADO,URBANA,ABIERTA,MONOLINGUE,DOBLE,FIN DE SEMANA,CHIMALTENANGO
04-01-0134-46,04-003,CHIMALTENANGO,CHIMALTENANGO,"CENTRO DE ESTUDIOS TECNICOS Y AVANZADOS DE CHIMALTENANGO ""C.E.T.A.CH.""",8A. AVENIDA 3-59 ZONA 2,77741100,EDNA NOHELIA PÉREZ TOJ DE LÓPEZ,JOSÉ EDWIN VILLARREAL AGUILAR,DIVERSIFICADO,PRIVADO,URBANA,ABIERTA,MONOLINGUE,DOBLE,DIARIO(REGULAR),CHIMALTENANGO
04-01-0139-46,04-001,CHIMALTENANGO,CHIMALTENANGO,COLEGIO BLESS,1A. CALLE 9-307 ZONA 4,79649696-78739432,ABIMAEL ACUTA ABAJ,MARIO RAUL DE LA CRUZ ELÍAS,DIVERSIFICADO,PRIVADO,URBANA,ABIERTA,MONOLINGUE,MATUTINA,DIARIO(REGULAR),CHIMALTENANGO
04-01-0141-46,04-001,CHIMALTENANGO,CHIMALTENANGO,COLEGIO BLESS,1A. CALLE 9-307 ZONA 4,78739432-79649696,ABIMAEL ACUTA ABAJ,MARIO RAUL DE LA CRUZ ELÍAS,DIVERSIFICADO,PRIVADO,URBANA,ABIERTA,MONOLINGUE,DOBLE,FIN DE SEMANA,CHIMALTENANGO
04-01-0142-46,04-001,CHIMALTENANGO,CHIMALTENANGO,COLEGIO BLESS,1A. CALLE 9-307 ZONA 4,78739432-79649696,ABIMAEL ACUTA ABAJ,MARIO RAUL DE LA CRUZ ELÍAS,DIVERSIFICADO,PRIVADO,URBANA,ABIERTA,MONOLINGUE,DOBLE,DIARIO(REGULAR),CHIMALTENANGO
04-01-0144-46,04-027,CHIMALTENANGO,CHIMALTENANGO,"INSTITUTO MIXTO TECNÓLOGICO CENTRAL ""CIUDAD DE LOS ESCUDOS""",2A. CALLE 2-45 ZONA 4,78494236,ISMAEL CRISTAL AJCET,MIGUEL ANGEL TARTON TOJ,DIVERSIFICADO,PRIVADO,URBANA,ABIERTA,MONOLINGUE,MATUTINA,DIARIO(REGULAR),CHIMALTENANGO
04-01-0145-46,04-027,CHIMALTENANGO,CHIMALTENANGO,"INSTITUTO MIXTO TECNOLÓGICO CENTRAL ""CIUDAD DE LOS ESCUDOS""",2A. CALLE 2-45 ZONA 4,78494236,ISMAEL CRISTAL AJCET,MIGUEL ANGEL TARTON TOJ,DIVERSIFICADO,PRIVADO,URBANA,ABIERTA,MONOLINGUE,DOBLE,DIARIO(REGULAR),CHIMALTENANGO
04-01-0147-46,04-002,CHIMALTENANGO,CHIMALTENANGO,CENTRO DE ESTUDIOS INTEGRADOS CEI,"1A. CALLE PASAJE 6-106 CASA ""I"", ALDEA BUENA VISTA, ZONA 8",55749641,EDNA NOHELIA PÉREZ TOJ DE LÓPEZ,ALEJANDRO ISRAEL RIVAS RAMIREZ,DIVERSIFICADO,PRIVADO,RURAL,ABIERTA,MONOLINGUE,MATUTINA,DIARIO(REGULAR),CHIMALTENANGO
04-01-0152-46,04-002,CHIMALTENANGO,CHIMALTENANGO,CENTRO DE ESTUDIOS TÉCNICOS Y AVANZADOS DE CHIMALTENANGO NO. 2 (C E T A CH NO 2),3A. CALLE 6-125 ZONA 4,78739582,EDNA NOHELIA PÉREZ TOJ DE LÓPEZ,BERTHA MARIA QUIROA GARNICA,DIVERSIFICADO,PRIVADO,URBANA,ABIERTA,MONOLINGUE,DOBLE,FIN DE SEMANA,CHIMALTENANGO
04-01-0153-46,04-002,CHIMALTENANGO,CHIMALTENANGO,CENTRO DE ESTUDIOS TÉCNICOS Y AVANZADOS DE CHIMALTENANGO NO. 2 (C E T A CH NO 2),3A. CALLE 6-125 ZONA 4,78404789,EDNA NOHELIA PÉREZ TOJ DE LÓPEZ,BERTHA MARIA QUIROA GARNICA,DIVERSIFICADO,PRIVADO,URBANA,ABIERTA,MONOLINGUE,DOBLE,FIN DE SEMANA,CHIMALTENANGO
04-01-0161-46,04-028,CHIMALTENANGO,CHIMALTENANGO,LICEO NUEVA GENERACION,1A. AVENIDA 4-52 ZONA 4,78392827,ISMAEL CRISTAL AJCET,LESLIE IVETTE SÁNCHEZ VÁSQUEZ,DIVERSIFICADO,PRIVADO,URBANA,ABIERTA,MONOLINGUE,VESPERTINA,DIARIO(REGULAR),CHIMALTENANGO
04-01-0162-46,04-027,CHIMALTENANGO,CHIMALTENANGO,LICEO INTEGRAL CIENTIFICO EN COMPUTACION,4A. AVENIDA 5-80 ZONA 2,78394756,ISMAEL CRISTAL AJCET,JOSÉ ALBERTO TAGUAL CHAVAC,DIVERSIFICADO,PRIVADO,URBANA,ABIERTA,MONOLINGUE,DOBLE,DIARIO(REGULAR),CHIMALTENANGO
04-01-0165-46,04-001,CHIMALTENANGO,CHIMALTENANGO,LICEO CRISTIANO HISPANOAMERICANO,3A. AVENIDA 1-64 ZONA 2,78395647,ABIMAEL ACUTA ABAJ,VIVIAN PAOLA XICAY SUY,DIVERSIFICADO,PRIVADO,URBANA,ABIERTA,MONOLINGUE,MATUTINA,DIARIO(REGULAR),CHIMALTENANGO
04-01-0167-46,04-001,CHIMALTENANGO,CHIMALTENANGO,LICEO CRISTIANO HISPANOAMERICANO,3A. AVENIDA 1-64 ZONA 2,78395647,ABIMAEL ACUTA ABAJ,VIVIAN PAOLA XICAY SUY,DIVERSIFICADO,PRIVADO,URBANA,ABIERTA,MONOLINGUE,VESPERTINA,DIARIO(REGULAR),CHIMALTENANGO
04-01-0171-46,04-028,CHIMALTENANGO,CHIMALTENANGO,LICEO NUEVA GENERACION,1A. AVENIDA 4-52 ZONA 4,78392827,ISMAEL CRISTAL AJCET,LESLIE IVETTE SÁNCHEZ VÁSQUEZ,DIVERSIFICADO,PRIVADO,URBANA,ABIERTA,MONOLINGUE,DOBLE,FIN DE SEMANA,CHIMALTENANGO
04-01-0175-46,04-028,CHIMALTENANGO,CHIMALTENANGO,COLEGIO SAGRADA ESPERANZA,"6A. CALLE 3-09 ZONA 1, QUINTAS LOS APOSENTOS I",57674925,ISMAEL CRISTAL AJCET,ANA MARÍA ARAGÓN PINEDA,DIVERSIFICADO,PRIVADO,URBANA,ABIERTA,MONOLINGUE,VESPERTINA,DIARIO(REGULAR),CHIMALTENANGO
04-01-0180-46,04-027,CHIMALTENANGO,CHIMALTENANGO,"INSTITUTO MIXTO TECNOLÓGICO CENTRAL ""CIUDAD DE LOS ESCUDOS""",2A. CALLE 2-45 ZONA 4,78494236,ISMAEL CRISTAL AJCET,EDVIN AMILCAR PER SISIMIT,DIVERSIFICADO,PRIVADO,URBANA,ABIERTA,MONOLINGUE,VESPERTINA,DIARIO(REGULAR),CHIMALTENANGO
04-01-0181-46,04-027,CHIMALTENANGO,CHIMALTENANGO,"INSTITUTO MIXTO TECNOLÓGICO CENTRAL ""CIUDAD DE LOS ESCUDOS""",2A. CALLE 2-45 ZONA 4,59143219,ISMAEL CRISTAL AJCET,MIGUEL ANGEL TARTON TOJ,DIVERSIFICADO,PRIVADO,URBANA,ABIERTA,MONOLINGUE,DOBLE,FIN DE SEMANA,CHIMALTENANGO
04-01-0184-46,04-027,CHIMALTENANGO,CHIMALTENANGO,"COLEGIO ""JOSÉ SIMEÓN CAÑAS Y VILLACORTA""",4A. AVENIDA 2-95 ZONA 3,79393574,ISMAEL CRISTAL AJCET,IRMA ARACELI MENDOZA ALCÚ,DIVERSIFICADO,PRIVADO,URBANA,ABIERTA,MONOLINGUE,DOBLE,FIN DE SEMANA,CHIMALTENANGO
04-01-0187-46,04-027,CHIMALTENANGO,CHIMALTENANGO,"LICEO CIENTIFICO TECNOLOGICO ""EN-GADI""",2A. CALLE 1-73 ZONA 2,78391176,ISMAEL CRISTAL AJCET,ELIAS ISRAEL LÓPEZ MIRANDA,DIVERSIFICADO,PRIVADO,URBANA,ABIERTA,MONOLINGUE,MATUTINA,DIARIO(REGULAR),CHIMALTENANGO
04-01-0194-46,04-028,CHIMALTENANGO,CHIMALTENANGO,COLEGIO CRISTIANO VERBO CHIMALTENANGO,"3A. AVENIDA DE LAS FLORES 7-62 QUINTAS LOS APOSENTOS 1, ZONA 1",78396501,ISMAEL CRISTAL AJCET,ANABELLA MAZARIEGOS RIVADENEIRA,DIVERSIFICADO,PRIVADO,URBANA,ABIERTA,MONOLINGUE,MATUTINA,DIARIO(REGULAR),CHIMALTENANGO
04-01-0195-46,04-001,CHIMALTENANGO,CHIMALTENANGO,INSTITUTO CHIMALTECO DE EDUCACIÓN INTEGRAL,5A. CALLE 3-60 ZONA 3,78392713,ABIMAEL ACUTA ABAJ,WENDY ARACELY MULUL ANDRES,DIVERSIFICADO,PRIVADO,URBANA,ABIERTA,MONOLINGUE,VESPERTINA,DIARIO(REGULAR),CHIMALTENANGO
04-01-0199-46,04-003,CHIMALTENANGO,CHIMALTENANGO,"CENTRO DE ESTUDIOS TECNICOS Y AVANZADOS DE CHIMALTENANGO ""C.E.T.A.CH.""",8A. AVENIDA 3-59 ZONA 2,77741100,EDNA NOHELIA PÉREZ TOJ DE LÓPEZ,JOSÉ EDWIN VILLARREAL AGUILAR,DIVERSIFICADO,PRIVADO,URBANA,ABIERTA,MONOLINGUE,MATUTINA,DIARIO(REGULAR),CHIMALTENANGO
04-01-0203-46,04-028,CHIMALTENANGO,CHIMALTENANGO,LICEO EN CIENCIA Y TECNOLOGIA DE OCCIDENTE,6A. AVENIDA 8-94 ZONA 1,45097231,ISMAEL CRISTAL AJCET,SANDRA NOEMI ORTIZ ESTRADA,DIVERSIFICADO,PRIVADO,URBANA,ABIERTA,MONOLINGUE,VESPERTINA,DIARIO(REGULAR),CHIMALTENANGO
04-01-0229-46,04-020,CHIMALTENANGO,CHIMALTENANGO,INSTITUTO EVANGÉLICO AMÉRICA LATINA,6A. AVENIDA 3-48 ZONA 5,77282600,MARILENA HERNÁNDEZ CABRERA,AXEL EDUARDO ESTRADA CHÁVEZ,DIVERSIFICADO,PRIVADO,URBANA,ABIERTA,MONOLINGUE,DOBLE,DIARIO(REGULAR),CHIMALTENANGO
04-01-0230-46,04-001,CHIMALTENANGO,CHIMALTENANGO,TECNOLÓGICO PREUNIVERSITARIO,3A. CALLE 7-54 ZONA 3,78394519,ABIMAEL ACUTA ABAJ,GERSON ARELY PUZ SAL,DIVERSIFICADO,PRIVADO,URBANA,ABIERTA,BILINGUE,MATUTINA,DIARIO(REGULAR),CHIMALTENANGO
04-01-0232-46,04-002,CHIMALTENANGO,CHIMALTENANGO,COLEGIO CRISTIANO CATÓLICO JUAN PABLO II,"2A. CALLE 3A-91 ZONA 7, ALDEA BUENA VISTA",78494357,EDNA NOHELIA PÉREZ TOJ DE LÓPEZ,JUAN JOSÉ SAPUT MARTINEZ,DIVERSIFICADO,PRIVADO,RURAL,ABIERTA,MONOLINGUE,VESPERTINA,DIARIO(REGULAR),CHIMALTENANGO
04-01-0238-46,04-027,CHIMALTENANGO,CHIMALTENANGO,"INSTITUTO MIXTO TECNOLÓGICO CENTRAL ""CIUDAD DE LOS ESCUDOS""",2A. CALLE 2-45 ZONA 4,78494236,ISMAEL CRISTAL AJCET,MIGUEL ANGEL TARTON TOJ,DIVERSIFICADO,PRIVADO,URBANA,ABIERTA,MONOLINGUE,VESPERTINA,DIARIO(REGULAR),CHIMALTENANGO
04-01-0244-46,04-003,CHIMALTENANGO,CHIMALTENANGO,INSTITUTO DE EDUCACIÓN DIVERSIFICADA POR COOPERATIVA PEM. AURA MARINA SOCOY QUELEX,ALDEA BOLA DE ORO,41444505,EDNA NOHELIA PÉREZ TOJ DE LÓPEZ,AURA MARINA SOCOY QUELEX,DIVERSIFICADO,COOPERATIVA,RURAL,ABIERTA,MONOLINGUE,MATUTINA,DIARIO(REGULAR),CHIMALTENANGO
04-01-0252-46,04-029,CHIMALTENANGO,CHIMALTENANGO,CENTRO DE EDUCACIÓN EXTRAESCOLAR -CEEX- SABIDURÍA,1A. CALLE 9-120 ZONA 3,56348054,MARCO TULIO AJQUEJAY PICHIYA,INGRID ELIZABETH SAC HERNANDEZ,DIVERSIFICADO,MUNICIPAL,URBANA,ABIERTA,MONOLINGUE,DOBLE,FIN DE SEMANA,CHIMALTENANGO
04-01-0253-46,04-028,CHIMALTENANGO,CHIMALTENANGO,"ESCUELA NORMAL BILINGÜE INTERCULTURAL ""RUK'U'X WAQXAQI' Q'ANIL"" (ESENCIA DE LAS OCHO SEMILLAS)",1A. AVENIDA 1-251 LA ALAMEDA ZONA 9,78394039,ISMAEL CRISTAL AJCET,ELADIO MIZA CHALÍ,DIVERSIFICADO,OFICIAL,URBANA,ABIERTA,BILINGUE,MATUTINA,DIARIO(REGULAR),CHIMALTENANGO
04-01-0260-46,04-003,CHIMALTENANGO,CHIMALTENANGO,"COLEGIO EVANGÉLICO BILINGÜE ""ESCORBÁN""",1A. CALLE 14-274 ALDEA SANTA ISABEL ZONA 6,32608557,EDNA NOHELIA PÉREZ TOJ DE LÓPEZ,LIC. CARLOS HUMBERTO CABRERA OVALLE,DIVERSIFICADO,PRIVADO,RURAL,ABIERTA,MONOLINGUE,VESPERTINA,DIARIO(REGULAR),CHIMALTENANGO
04-01-0261-46,04-001,CHIMALTENANGO,CHIMALTENANGO,LICEO CRISTIANO HISPANOAMERICANO,3A. AVENIDA 1-64 ZONA 2,78395647,ABIMAEL ACUTA ABAJ,DEAN SALOMÓN ORTIZ ESTRADA,DIVERSIFICADO,PRIVADO,URBANA,ABIERTA,MONOLINGUE,DOBLE,FIN DE SEMANA,CHIMALTENANGO
04-01-0262-46,04-001,CHIMALTENANGO,CHIMALTENANGO,LICEO CRISTIANO HISPANOAMERICANO,3A. AVENIDA 1-64 ZONA 2,78395647,ABIMAEL ACUTA ABAJ,VIVIAN PAOLA XICAY SUY,DIVERSIFICADO,PRIVADO,URBANA,ABIERTA,MONOLINGUE,DOBLE,DIARIO(REGULAR),CHIMALTENANGO
04-01-0264-46,04-002,CHIMALTENANGO,CHIMALTENANGO,COLEGIO GABRIEL G&R,3A. AVENIDA 2-143 ZONA 7 BUENA VISTA NORTE,41409698,EDNA NOHELIA PÉREZ TOJ DE LÓPEZ,RUBÉN ANTONIO GÓMEZ PATZAN,DIVERSIFICADO,PRIVADO,URBANA,ABIERTA,MONOLINGUE,DOBLE,A DISTANCIA,CHIMALTENANGO
04-01-0266-46,04-002,CHIMALTENANGO,CHIMALTENANGO,COLEGIO GABRIEL G&R,3A. AVENIDA 2-143 ZONA 7 BUENA VISTA NORTE,41409698,EDNA NOHELIA PÉREZ TOJ DE LÓPEZ,RUBÉN ANTONIO GÓMEZ PATZAN,DIVERSIFICADO,PRIVADO,URBANA,ABIERTA,MONOLINGUE,DOBLE,A DISTANCIA,CHIMALTENANGO
04-01-0268-46,04-002,CHIMALTENANGO,CHIMALTENANGO,CENTRO EDUCATIVO MONTE CRISTO,"CASERÍO MONTE CRISTO, ALDEA SAN MARCOS PACOC",39057949,EDNA NOHELIA PÉREZ TOJ DE LÓPEZ,MARÍA MICAELA ZAMORA ABAJ,DIVERSIFICADO,PRIVADO,URBANA,ABIERTA,MONOLINGUE,MATUTINA,DIARIO(REGULAR),CHIMALTENANGO
04-01-0271-46,04-029,CHIMALTENANGO,CHIMALTENANGO,CENTRO DE EDUCACIÓN EXTRAESCOLAR MI ESPECIAL TESORO,8A. AVENIDA 1-63 ZONA 6 COLONIA LOS ANONALES,78397564,MARCO TULIO AJQUEJAY PICHIYA,VANESSA KARINA LÓPEZ ALVAREZ,DIVERSIFICADO,PRIVADO,URBANA,ABIERTA,MONOLINGUE,DOBLE,SEMIPRESENCIAL,CHIMALTENANGO
04-01-0277-46,04-001,CHIMALTENANGO,CHIMALTENANGO,COLEGIO ROBINSON,1A. CALLE 7-206 ZONA 3,78404913,ABIMAEL ACUTA ABAJ,ZUCELLY ANGEANETTE SALAZAR ANLEU,DIVERSIFICADO,PRIVADO,URBANA,ABIERTA,MONOLINGUE,MATUTINA,DIARIO(REGULAR),CHIMALTENANGO
04-01-0280-46,04-020,CHIMALTENANGO,CHIMALTENANGO,"INSTITUTO DE EDUCACIÓN MEDIA ""LA ESPERANZA""","DIAGONAL 6, 6-32 COLONIA LA ESPERANZA ZONA 6",55127405,MARILENA HERNÁNDEZ CABRERA,HILDA GRISELDA VASQUEZ GUTIERREZ,DIVERSIFICADO,PRIVADO,URBANA,ABIERTA,MONOLINGUE,VESPERTINA,DIARIO(REGULAR),CHIMALTENANGO
04-01-0287-46,04-003,CHIMALTENANGO,CHIMALTENANGO,COLEGIO DEL FUTURO,KM. 2.5 CARRETERA A SAN MARTIN JILOTEPEQUE,41386224,EDNA NOHELIA PÉREZ TOJ DE LÓPEZ,ANA LIDIA BATZ XICAY,DIVERSIFICADO,PRIVADO,URBANA,ABIERTA,MONOLINGUE,DOBLE,A DISTANCIA,CHIMALTENANGO
04-01-0288-46,04-003,CHIMALTENANGO,CHIMALTENANGO,COLEGIO DEL FUTURO,KM. 2.5 CARRETERA A SAN MARTÍN JILOTEPEQUE,41386224,EDNA NOHELIA PÉREZ TOJ DE LÓPEZ,ANA LIDIA BATZ XICAY,DIVERSIFICADO,PRIVADO,URBANA,ABIERTA,MONOLINGUE,DOBLE,SEMIPRESENCIAL,CHIMALTENANGO
04-01-0300-46,04-001,CHIMALTENANGO,CHIMALTENANGO,CENTRO EDUCATIVO LA ESCUELA EN SU CASA CHIMALTENANGO,5A. AVENIDA 1-45 ZONA 4,78391189,ABIMAEL ACUTA ABAJ,VANY MAGDAI MORALES HERNANDEZ,DIVERSIFICADO,PRIVADO,URBANA,ABIERTA,MONOLINGUE,DOBLE,FIN DE SEMANA,CHIMALTENANGO
04-01-0301-46,04-001,CHIMALTENANGO,CHIMALTENANGO,CENTRO EDUCATIVO LA ESCUELA EN SU CASA CHIMALTENANGO,5A. AVENIDA 1-45 ZONA 4,78391189,ABIMAEL ACUTA ABAJ,VANY MAGDAI MORALES HERNANDEZ,DIVERSIFICADO,PRIVADO,URBANA,ABIERTA,MONOLINGUE,DOBLE,FIN DE SEMANA,CHIMALTENANGO
04-01-0303-46,04-028,CHIMALTENANGO,CHIMALTENANGO,LICEO EN CIENCIA Y TECNOLOGÍA DE OCCIDENTE,6A. AVENIDA 8-94 ZONA 1,45097231,ISMAEL CRISTAL AJCET,SANDRA NOEMI ORTIZ ESTRADA,DIVERSIFICADO,PRIVADO,URBANA,ABIERTA,MONOLINGUE,DOBLE,SEMIPRESENCIAL,CHIMALTENANGO
04-01-0304-46,04-028,CHIMALTENANGO,CHIMALTENANGO,"ESCUELA NORMAL BILINGÜE INTERCULTURAL ""RUK'U'X WAQXAQI' Q'ANIL"" (ESENCIA DE LAS OCHO SEMILLAS)",1A. AVENIDA 1-251 LA ALAMEDA ZONA 9,78394039,ISMAEL CRISTAL AJCET,ELADIO MIZA CHALÍ,DIVERSIFICADO,OFICIAL,URBANA,ABIERTA,MONOLINGUE,MATUTINA,DIARIO(REGULAR),CHIMALTENANGO
04-01-0305-46,04-029,CHIMALTENANGO,CHIMALTENANGO,"PROGRAMA NACIONAL DE EDUCACIÓN ALTERNATIVA, PRONEA",1A. CALLE 5-78 ZONA 3,77909200,MARCO TULIO AJQUEJAY PICHIYA,MARCO TULIO AJQUEJAY PICHIYA,DIVERSIFICADO,OFICIAL,URBANA,ABIERTA,MONOLINGUE,DOBLE,A DISTANCIA,CHIMALTENANGO
04-01-0306-46,04-029,CHIMALTENANGO,CHIMALTENANGO,CENTRO DE EDUCACIÓN EXTRAESCOLAR -CEEX- DEPARTAMENTAL,1A. CALLE 5-78 ZONA 3,77909200,MARCO TULIO AJQUEJAY PICHIYA,FRANCISCO TUYUC BAL,DIVERSIFICADO,OFICIAL,URBANA,ABIERTA,MONOLINGUE,DOBLE,A DISTANCIA,CHIMALTENANGO
04-01-0312-46,04-020,CHIMALTENANGO,CHIMALTENANGO,INSTITUTO EVANGÉLICO AMÉRICA LATINA,6TA AVENIDA 3-48 ZONA 5,77282600,MARILENA HERNÁNDEZ CABRERA,AXEL EDUARDO ESTRADA CHÁVEZ,DIVERSIFICADO,PRIVADO,URBANA,ABIERTA,MONOLINGUE,DOBLE,VIRTUAL A DISTANCIA,CHIMALTENANGO
04-01-0314-46,04-002,CHIMALTENANGO,CHIMALTENANGO,"COLEGIO CRISTIANO ""AGUA DE VIDA""","15 AVENIDA1-30 LA PEDRERA, ALDEA BUENA VISTA, ZONA 8 03/",57881264,EDNA NOHELIA PÉREZ TOJ DE LÓPEZ,HEIDY CLARA CHIS MARTINEZ,DIVERSIFICADO,PRIVADO,URBANA,ABIERTA,MONOLINGUE,VESPERTINA,DIARIO(REGULAR),CHIMALTENANGO
04-01-0318-46,04-002,CHIMALTENANGO,CHIMALTENANGO,CENTRO DE ESTUDIOS INTEGRADOS CEI,"1A. CALLE PASAJE 6-106 CASA ""I"", ALDEA BUENA VISTA, ZONA 8",78739560,EDNA NOHELIA PÉREZ TOJ DE LÓPEZ,ALEJANDRO ISRAEL RIVAS RAMIREZ,DIVERSIFICADO,PRIVADO,RURAL,ABIERTA,MONOLINGUE,SIN JORNADA,SEMIPRESENCIAL (DOS DÍAS A LA SEMANA),CHIMALTENANGO
04-01-0319-46,04-001,CHIMALTENANGO,CHIMALTENANGO,LICEO CRISTIANO HISPANOAMERICANO,3RA AVENIDA 1-64 ZONA 2,78395647,ABIMAEL ACUTA ABAJ,VIVIAN PAOLA XICAY SUY,DIVERSIFICADO,PRIVADO,URBANA,ABIERTA,MONOLINGUE,DOBLE,SEMIPRESENCIAL,CHIMALTENANGO
04-01-0326-46,04-001,CHIMALTENANGO,CHIMALTENANGO,"COLEGIO CRISTIANO INTERNACIONAL MISIONERO ""LOS ROBLES""",1A. CALLE 14-724 ZONA 6,47085296,ABIMAEL ACUTA ABAJ,BLANCA NIEVES PORRAS PINEDA,DIVERSIFICADO,PRIVADO,URBANA,ABIERTA,MONOLINGUE,DOBLE,VIRTUAL A DISTANCIA,CHIMALTENANGO
04-01-0330-46,04-002,CHIMALTENANGO,CHIMALTENANGO,"CENTRO DE ESTUDIOS INTEGRADOS ""CEI""","1RA CALLE PASAJE 6-106 CASA ""I"", BUENA VISTA SUR, ZONA 8",78739560,EDNA NOHELIA PÉREZ TOJ DE LÓPEZ,ALEJANDRO ISRAEL RIVAS RAMIREZ,DIVERSIFICADO,PRIVADO,RURAL,ABIERTA,MONOLINGUE,DOBLE,FIN DE SEMANA,CHIMALTENANGO
04-01-0331-46,04-001,CHIMALTENANGO,CHIMALTENANGO,LICEO CRISTIANO HISPANOAMERICANO,3A. AVENIDA 1-64 ZONA 2,78395647,ABIMAEL ACUTA ABAJ,VIVIAN PAOLA XICAY SUY,DIVERSIFICADO,PRIVADO,URBANA,ABIERTA,MONOLINGUE,SIN JORNADA,SEMIPRESENCIAL (DOS DÍAS A LA SEMANA),CHIMALTENANGO
04-01-0333-46,04-020,CHIMALTENANGO,CHIMALTENANGO,INSTITUTO EVANGÉLICO AMÉRICA LATINA,"6A. AVENIDA 3-48, ZONA 5",77282600,MARILENA HERNÁNDEZ CABRERA,AXEL EDUARDO ESTRADA CHÁVEZ,DIVERSIFICADO,PRIVADO,URBANA,ABIERTA,MONOLINGUE,SIN JORNADA,A DISTANCIA,CHIMALTENANGO
04-01-0335-46,04-028,CHIMALTENANGO,CHIMALTENANGO,LICEO NUEVA GENERACIÓN,1A. AVENIDA 4-52 ZONA 4,78392827,ISMAEL CRISTAL AJCET,LESLIE IVETTE SÁNCHEZ VÁSQUEZ,DIVERSIFICADO,PRIVADO,URBANA,ABIERTA,MONOLINGUE,SIN JORNADA,SEMIPRESENCIAL (DOS DÍAS A LA SEMANA),CHIMALTENANGO
04-01-0337-46,04-002,CHIMALTENANGO,CHIMALTENANGO,CENTRO DE ESTUDIOS TÉCNICOS Y AVANZADOS DE CHIMALTENANGO NO. 2 (C.E.T.A.CH. NO. 2),3A. CALLE 6-125 ZONA 4,78739582,EDNA NOHELIA PÉREZ TOJ DE LÓPEZ,BERTHA MARIA QUIROA GARNICA,DIVERSIFICADO,PRIVADO,URBANA,ABIERTA,MONOLINGUE,SIN JORNADA,SEMIPRESENCIAL (DOS DÍAS A LA SEMANA),CHIMALTENANGO
04-01-0339-46,04-028,CHIMALTENANGO,CHIMALTENANGO,LICEO EN CIENCIA Y TECNOLOGÍA DE OCCIDENTE,"6A. AVENIDA 8-94, ZONA 1",45097231,ISMAEL CRISTAL AJCET,SANDRA NOEMI ORTIZ ESTRADA,DIVERSIFICADO,PRIVADO,URBANA,ABIERTA,MONOLINGUE,SIN JORNADA,SEMIPRESENCIAL (DOS DÍAS A LA SEMANA),CHIMALTENANGO
04-01-0341-46,04-027,CHIMALTENANGO,CHIMALTENANGO,COLEGIO CATÓLICO EL SAGRADO CORAZÓN DE JESÚS,"2A. CALLE 3-68, ZONA 1",55823410,ISMAEL CRISTAL AJCET,FLOR DE MARÍA RUMPICH NOJ,DIVERSIFICADO,PRIVADO,URBANA,ABIERTA,MONOLINGUE,SIN JORNADA,SEMIPRESENCIAL (DOS DÍAS A LA SEMANA),CHIMALTENANGO
04-01-0343-46,04-020,CHIMALTENANGO,CHIMALTENANGO,INSTITUTO PRIVADO DE COMPUTACIÓN INFORMÁTICA,6A. AVENIDA Y 1A. CALLE NO. 126 ZONA 5,41374514,MARILENA HERNÁNDEZ CABRERA,VERÓNICA ESMERALDA MUTZUTZ ELEL,DIVERSIFICADO,PRIVADO,URBANA,ABIERTA,MONOLINGUE,SIN JORNADA,SEMIPRESENCIAL (DOS DÍAS A LA SEMANA),CHIMALTENANGO
04-01-0345-46,04-027,CHIMALTENANGO,CHIMALTENANGO,COLEGIO CIENTÍFICO INTEGRAL RENACIMIENTO,2A. CALLE 2-75 ZONA 1,78399859,ISMAEL CRISTAL AJCET,JAVIER SANCHEZ,DIVERSIFICADO,PRIVADO,URBANA,ABIERTA,MONOLINGUE,SIN JORNADA,SEMIPRESENCIAL (DOS DÍAS A LA SEMANA),CHIMALTENANGO
04-01-0347-46,04-001,CHIMALTENANGO,CHIMALTENANGO,COLEGIO BLESS,1A. CALLE 9-307 ZONA 4,78739432-79649696,ABIMAEL ACUTA ABAJ,MARIO RAUL DE LA CRUZ ELÍAS,DIVERSIFICADO,PRIVADO,URBANA,ABIERTA,MONOLINGUE,SIN JORNADA,SEMIPRESENCIAL (DOS DÍAS A LA SEMANA),CHIMALTENANGO
04-01-0349-46,04-002,CHIMALTENANGO,CHIMALTENANGO,COLEGIO GABRIEL G&R,3A. AVENIDA 2-143 ZONA 7 BUENA VISTA NORTE,41409698,EDNA NOHELIA PÉREZ TOJ DE LÓPEZ,RUBÉN ANTONIO GÓMEZ PATZAN,DIVERSIFICADO,PRIVADO,URBANA,ABIERTA,MONOLINGUE,SIN JORNADA,A DISTANCIA,CHIMALTENANGO
04-01-0351-46,04-003,CHIMALTENANGO,CHIMALTENANGO,CENTRO DE ESTUDIOS TÉCNICOS Y AVANZADOS DE CHIMALTENANGO C.E.T.A.CH.,8A. AVENIDA 3-59 ZONA 2,77741100,EDNA NOHELIA PÉREZ TOJ DE LÓPEZ,JOSÉ EDWIN VILLARREAL AGUILAR,DIVERSIFICADO,PRIVADO,URBANA,ABIERTA,MONOLINGUE,SIN JORNADA,SEMIPRESENCIAL (DOS DÍAS A LA SEMANA),CHIMALTENANGO
04-01-0354-46,04-003,CHIMALTENANGO,CHIMALTENANGO,COLEGIO DEL FUTURO,KM. 2.5 CARRETERA A SAN MARTÍN JILOTEPEQUE,41386224,EDNA NOHELIA PÉREZ TOJ DE LÓPEZ,ANA LIDIA BATZ XICAY,DIVERSIFICADO,PRIVADO,URBANA,ABIERTA,MONOLINGUE,SIN JORNADA,SEMIPRESENCIAL (UN DÍA A LA SEMANA),CHIMALTENANGO
04-01-0355-46,04-003,CHIMALTENANGO,CHIMALTENANGO,COLEGIO DEL FUTURO,KM. 2.5 CARRETERA A SAN MARTÍN JILOTEPEQUE,41386224,EDNA NOHELIA PÉREZ TOJ DE LÓPEZ,ANA LIDIA BATZ XICAY,DIVERSIFICADO,PRIVADO,URBANA,ABIERTA,MONOLINGUE,SIN JORNADA,A DISTANCIA,CHIMALTENANGO
04-01-0357-46,04-001,CHIMALTENANGO,CHIMALTENANGO,TECNOLÓGICO PREUNIVERSITARIO,"3A. CALLE 7-54, ZONA 3",78394519,ABIMAEL ACUTA ABAJ,GERSON ARELY PUZ SAL,DIVERSIFICADO,PRIVADO,URBANA,ABIERTA,MONOLINGUE,SIN JORNADA,SEMIPRESENCIAL (DOS DÍAS A LA SEMANA),CHIMALTENANGO
04-01-0360-46,04-001,CHIMALTENANGO,CHIMALTENANGO,"COLEGIO MIXTO ""SANTA ANA""",2A. CALLE 5-52 ZONA 4,78391533,ABIMAEL ACUTA ABAJ,MAURO AROLDO FIGUEROA ZAMORA,DIVERSIFICADO,PRIVADO,URBANA,ABIERTA,MONOLINGUE,SIN JORNADA,SEMIPRESENCIAL (DOS DÍAS A LA SEMANA),CHIMALTENANGO
04-01-0362-46,04-027,CHIMALTENANGO,CHIMALTENANGO,"LICEO CIENTÍFICO TECNOLÓGICO ""EN-GADI""",2A. CALLE 1-73 ZONA 2,42145787,ISMAEL CRISTAL AJCET,ELIAS ISRAEL LÓPEZ MIRANDA,DIVERSIFICADO,PRIVADO,URBANA,ABIERTA,MONOLINGUE,SIN JORNADA,SEMIPRESENCIAL (DOS DÍAS A LA SEMANA),CHIMALTENANGO
04-01-0363-46,04-027,CHIMALTENANGO,CHIMALTENANGO,"INSTITUTO MIXTO TECNOLÓGICO CENTRAL ""CIUDAD DE LOS ESCUDOS""",2A. CALLE 2-45 ZONA 4,78494236,ISMAEL CRISTAL AJCET,MIGUEL ANGEL TARTON TOJ,DIVERSIFICADO,PRIVADO,URBANA,ABIERTA,MONOLINGUE,SIN JORNADA,SEMIPRESENCIAL (DOS DÍAS A LA SEMANA),CHIMALTENANGO
04-01-0366-46,04-002,CHIMALTENANGO,CHIMALTENANGO,COLEGIO CRISTIANO CATÓLICO JUAN PABLO II,"2DA.. CALLE 3A-91 ZONA 7, ALDEA BUENA VISTA",77283387,EDNA NOHELIA PÉREZ TOJ DE LÓPEZ,JUAN JOSÉ SAPUT MARTINEZ,DIVERSIFICADO,PRIVADO,RURAL,ABIERTA,MONOLINGUE,DOBLE,DIARIO(REGULAR),CHIMALTENANGO
04-01-0370-46,04-002,CHIMALTENANGO,CHIMALTENANGO,"COLEGIO CRISTIANO ""GERIZIM""","1A. CALLE 11-43, ALDEA BUENA VISTA, ZONA 8",78404728,EDNA NOHELIA PÉREZ TOJ DE LÓPEZ,KARINA NOEMÍ MONTUFAR ECHEVERRIA,DIVERSIFICADO,PRIVADO,URBANA,ABIERTA,MONOLINGUE,MATUTINA,DIARIO(REGULAR),CHIMALTENANGO
04-01-0371-46,04-028,CHIMALTENANGO,CHIMALTENANGO,"CENTRO EDUCATIVO ""LAS CUMBRES""",2A. AVENIDA A 6-38 ZONA 1 QUINTAS LOS APOSENTOS.,54941497,ISMAEL CRISTAL AJCET,JUAN CARLOS XICAY CHANG,DIVERSIFICADO,PRIVADO,URBANA,ABIERTA,MONOLINGUE,DOBLE,VIRTUAL A DISTANCIA,CHIMALTENANGO
04-01-0373-46,04-001,CHIMALTENANGO,CHIMALTENANGO,COLEGIO TECNOLÓGICO GUERRERO,6A. CALLE Y 1A. AVENIDA 0-53 ZONA 3,41878510,ABIMAEL ACUTA ABAJ,LEYDY YOHANNA MARROQUÍN VIELMAN,DIVERSIFICADO,PRIVADO,URBANA,ABIERTA,MONOLINGUE,SIN JORNADA,SEMIPRESENCIAL (DOS DÍAS A LA SEMANA),CHIMALTENANGO
04-01-0375-46,04-002,CHIMALTENANGO,CHIMALTENANGO,"COLEGIO CRISTIANO ""AGUA DE VIDA""","15 AVENIDA 1-30 LA PEDRERA, ZONA 8",57881264,EDNA NOHELIA PÉREZ TOJ DE LÓPEZ,HEIDY CLARA CHIS MARTINEZ,DIVERSIFICADO,PRIVADO,URBANA,ABIERTA,MONOLINGUE,MATUTINA,DIARIO(REGULAR),CHIMALTENANGO
04-01-0381-46,04-028,CHIMALTENANGO,CHIMALTENANGO,CENTRO EDUCATIVO KAQCHIKEL AMAQ',"DIAGONAL 5, 13-142, ZONA 5, LA ALAMEDA",77283439,ISMAEL CRISTAL AJCET,GLENDY FABIOLA ESQUIT GÓMEZ,DIVERSIFICADO,PRIVADO,URBANA,ABIERTA,MONOLINGUE,MATUTINA,DIARIO(REGULAR),CHIMALTENANGO
04-01-0384-46,04-020,CHIMALTENANGO,CHIMALTENANGO,CENTRO DE ENSEÑANZA INTEGRAL SHALOM,1A. CALLE 1A-122 ZONA 5,78393322,MARILENA HERNÁNDEZ CABRERA,ALMA NOHEMI CHOC MUTZUTZ,DIVERSIFICADO,PRIVADO,URBANA,ABIERTA,MONOLINGUE,MATUTINA,DIARIO(REGULAR),CHIMALTENANGO
04-01-0386-46,04-028,CHIMALTENANGO,CHIMALTENANGO,INSTITUTO FÉNIX EDUCACIÓN A DISTANCIA IFED,"6A. AVENIDA 8-42, COLONIA QUINTA LOS APOSENTOS I, ZONA 1",30454299,ISMAEL CRISTAL AJCET,DAVID OTONIEL ORTIZ ESTRADA,DIVERSIFICADO,PRIVADO,URBANA,ABIERTA,MONOLINGUE,DOBLE,A DISTANCIA,CHIMALTENANGO
04-01-0391-46,04-002,CHIMALTENANGO,CHIMALTENANGO,CENTRO DE ESTUDIOS INTEGRADOS CEI,"1ERA. CALLE PASAJE 6-106 CASA ""I"", ALDEA BUENA VISTA, ZONA 8",78739560,EDNA NOHELIA PÉREZ TOJ DE LÓPEZ,ALEJANDRO ISRAEL RIVAS RAMIREZ,DIVERSIFICADO,PRIVADO,RURAL,ABIERTA,BILINGUE,VESPERTINA,DIARIO(REGULAR),CHIMALTENANGO
04-01-0392-46,04-028,CHIMALTENANGO,CHIMALTENANGO,INSTITUTO FÉNIX EDUCACIÓN A DISTANCIA IFED,"6A. AVENIDA 8-42, COLONIA QUINTA LOS APOSENTOS I, ZONA 1",30454299,ISMAEL CRISTAL AJCET,DAVID OTONIEL ORTIZ ESTRADA,DIVERSIFICADO,PRIVADO,URBANA,ABIERTA,MONOLINGUE,SIN JORNADA,A DISTANCIA,CHIMALTENANGO
04-01-0394-46,04-001,CHIMALTENANGO,CHIMALTENANGO,COLEGIO TECNOLÓGICO GUERRERO,6A. CALLE Y 1A. AVENIDA 0-53 ZONA 3,41878510,ABIMAEL ACUTA ABAJ,GLADYS YOHANA CÁN ALONZO,DIVERSIFICADO,PRIVADO,URBANA,ABIERTA,MONOLINGUE,MATUTINA,DIARIO(REGULAR),CHIMALTENANGO
04-01-1031-46,04-001,CHIMALTENANGO,CHIMALTENANGO,COLEGIO 'SANTA ANA',2 CALLE 5-40 ZONA 4,78391533,ABIMAEL ACUTA ABAJ,MAURO AROLDO FIGUEROA ZAMORA,DIVERSIFICADO,PRIVADO,URBANA,ABIERTA,MONOLINGUE,INTERMEDIA,DIARIO(REGULAR),CHIMALTENANGO
04-01-2278-46,04-027,CHIMALTENANGO,CHIMALTENANGO,COLEGIO 'LICEO INTEGRAL CIENTIFICO EN COMPUTACION',4A. AVE. 5-80 ZONA 2,78394756,ISMAEL CRISTAL AJCET,JOSÉ ALBERTO TAGUAL CHAVAC,DIVERSIFICADO,PRIVADO,URBANA,ABIERTA,MONOLINGUE,VESPERTINA,DIARIO(REGULAR),CHIMALTENANGO
04-01-2287-46,04-002,CHIMALTENANGO,CHIMALTENANGO,COLEGIO EVANGELICO MIXTO ALPHA Y OMEGA,KM. 58 CARRETERA INTERAMERICANA (INTERIOR 100 METROS),78399790,EDNA NOHELIA PÉREZ TOJ DE LÓPEZ,MARCO TULIO GODOY JORDÁN,DIVERSIFICADO,PRIVADO,URBANA,ABIERTA,MONOLINGUE,MATUTINA,DIARIO(REGULAR),CHIMALTENANGO
04-01-2294-46,04-003,CHIMALTENANGO,CHIMALTENANGO,"CENTRO DE ESTUDIOS TECNICOS Y AVANZADOS DE CHIMALTENANGO ""C.E.T.A.CH.""",8A. AVENIDA 3-59 ZONA 2,77741100,EDNA NOHELIA PÉREZ TOJ DE LÓPEZ,JOSÉ EDWIN VILLARREAL AGUILAR,DIVERSIFICADO,PRIVADO,URBANA,ABIERTA,MONOLINGUE,MATUTINA,DIARIO(REGULAR),CHIMALTENANGO
04-01-2295-46,04-003,CHIMALTENANGO,CHIMALTENANGO,"CENTRO DE ESTUDIOS TECNICOS Y AVANZADOS DE CHIMALTENANGO ""C.E.T.A.CH.""",8A. AVENIDA 3-59 ZONA 2,77741100,EDNA NOHELIA PÉREZ TOJ DE LÓPEZ,JOSÉ EDWIN VILLARREAL AGUILAR,DIVERSIFICADO,PRIVADO,URBANA,ABIERTA,MONOLINGUE,VESPERTINA,DIARIO(REGULAR),CHIMALTENANGO
04-01-2322-46,04-020,CHIMALTENANGO,CHIMALTENANGO,INSTITUTO EVANGÉLICO AMÉRICA LATINA,6A. AVENIDA 3-48 ZONA 5,77282600,MARILENA HERNÁNDEZ CABRERA,AXEL EDUARDO ESTRADA CHÁVEZ,DIVERSIFICADO,PRIVADO,URBANA,ABIERTA,MONOLINGUE,VESPERTINA,DIARIO(REGULAR),CHIMALTENANGO
04-01-2747-46,04-001,CHIMALTENANGO,CHIMALTENANGO,"COLEGIO MIXTO ""SANTA ANA""",2A. CALLE 5-52 ZONA 4,78391533,ABIMAEL ACUTA ABAJ,MAURO AROLDO FIGUEROA ZAMORA,DIVERSIFICADO,PRIVADO,URBANA,ABIERTA,MONOLINGUE,DOBLE,FIN DE SEMANA,CHIMALTENANGO
04-01-2766-46,04-027,CHIMALTENANGO,CHIMALTENANGO,COLEGIO LICEO INTEGRAL CIENTIFICO EN COMPUTACION,4A. AVENIDA 5-80 ZONA 2,78394756,ISMAEL CRISTAL AJCET,JOSÉ ALBERTO TAGUAL CHAVAC,DIVERSIFICADO,PRIVADO,URBANA,ABIERTA,MONOLINGUE,MATUTINA,DIARIO(REGULAR),CHIMALTENANGO
04-01-2767-46,04-027,CHIMALTENANGO,CHIMALTENANGO,COLEGIO LICEO INTEGRAL CIENTIFICO EN COMPUTACION,4A. AVENIDA 5-80 ZONA 2,78394756,ISMAEL CRISTAL AJCET,JOSÉ ALBERTO TAGUAL CHAVAC,DIVERSIFICADO,PRIVADO,URBANA,ABIERTA,MONOLINGUE,DOBLE,FIN DE SEMANA,CHIMALTENANGO
04-01-2790-46,04-002,CHIMALTENANGO,CHIMALTENANGO,"COLEGIO ""MARÍA INMACULADA""","DIAGONAL 1, 7-131 ZONA 8, ALDEA BUENA VISTA",78391591,EDNA NOHELIA PÉREZ TOJ DE LÓPEZ,MARÍA CARMEN MARTÍNEZ OLARTE,DIVERSIFICADO,PRIVADO,URBANA,ABIERTA,MONOLINGUE,VESPERTINA,DIARIO(REGULAR),CHIMALTENANGO
04-01-2827-46,04-003,CHIMALTENANGO,CHIMALTENANGO,"CENTRO DE ESTUDIOS TECNICOS Y AVANZADOS DE CHIMALTENANGO ""C.E.T.A.CH.""",8A. AVENIDA 3-59 ZONA 2,77741100,EDNA NOHELIA PÉREZ TOJ DE LÓPEZ,JOSÉ EDWIN VILLARREAL AGUILAR,DIVERSIFICADO,PRIVADO,URBANA,ABIERTA,MONOLINGUE,DOBLE,FIN DE SEMANA,CHIMALTENANGO
04-01-2835-46,04-028,CHIMALTENANGO,CHIMALTENANGO,LICEO EN CIENCIA Y TECNOLOGIA DE OCCIDENTE,6A. AVENIDA 8-94 ZONA 1,48858241,ISMAEL CRISTAL AJCET,SANDRA NOEMI ORTIZ ESTRADA,DIVERSIFICADO,PRIVADO,URBANA,ABIERTA,MONOLINGUE,MATUTINA,DIARIO(REGULAR),CHIMALTENANGO
04-01-2836-46,04-028,CHIMALTENANGO,CHIMALTENANGO,LICEO EN CIENCIA Y TECNOLOGIA DE OCCIDENTE,6A. AVENIDA 8-94 ZONA 1,45097231,ISMAEL CRISTAL AJCET,SANDRA NOEMI ORTIZ ESTRADA,DIVERSIFICADO,PRIVADO,URBANA,ABIERTA,MONOLINGUE,DOBLE,DIARIO(REGULAR),CHIMALTENANGO
04-01-2839-46,04-028,CHIMALTENANGO,CHIMALTENANGO,LICEO EN CIENCIA Y TECNOLOGIA DE OCCIDENTE,6A. AVENIDA 8-94 ZONA 1,45097231,ISMAEL CRISTAL AJCET,SANDRA NOEMI ORTIZ ESTRADA,DIVERSIFICADO,PRIVADO,URBANA,ABIERTA,MONOLINGUE,DOBLE,FIN DE SEMANA,CHIMALTENANGO
04-01-2840-46,04-028,CHIMALTENANGO,CHIMALTENANGO,LICEO EN CIENCIA Y TECNOLOGIA DE OCCIDENTE,"LOTE NO. 87, ZONA 1, RESIDENCIALES ""QUINTAS LOS APOSENTOS"" AVENIDA LOS APOSENTOS Y 8A. CALLE",78396163,ISMAEL CRISTAL AJCET,SANDRA NOEMI ORTIZ ESTRADA,DIVERSIFICADO,PRIVADO,URBANA,ABIERTA,MONOLINGUE,DOBLE,FIN DE SEMANA,CHIMALTENANGO
04-01-2870-46,04-003,CHIMALTENANGO,CHIMALTENANGO,COLEGIO MESOAMERICANO,KM. 2.5 CARRETERA A SAN MARTIN JILOTEPEQUE ALDEA SANTA ISABEL,76006500,EDNA NOHELIA PÉREZ TOJ DE LÓPEZ,ANA DESIRÉE MAURICIO BARRIOS,DIVERSIFICADO,PRIVADO,RURAL,ABIERTA,MONOLINGUE,MATUTINA,DIARIO(REGULAR),CHIMALTENANGO
04-01-2895-46,04-020,CHIMALTENANGO,CHIMALTENANGO,INSTITUTO PRIVADO MIXTO DE COMPUTACION INFORMATICA,"6A. AVENIDA Y 1A. CALLE, NO. 126 ZONA 5",78491919,MARILENA HERNÁNDEZ CABRERA,VERÓNICA ESMERALDA MUTZUTZ ELEL,DIVERSIFICADO,PRIVADO,URBANA,ABIERTA,MONOLINGUE,MATUTINA,DIARIO(REGULAR),CHIMALTENANGO
04-01-2897-46,04-020,CHIMALTENANGO,CHIMALTENANGO,INSTITUTO PRIVADO MIXTO DE COMPUTACION INFORMATICA,"6A. AVENIDA Y 1A. CALLE, NO. 126 ZONA 5",41374514,MARILENA HERNÁNDEZ CABRERA,VERÓNICA ESMERALDA MUTZUTZ ELEL,DIVERSIFICADO,PRIVADO,URBANA,ABIERTA,MONOLINGUE,VESPERTINA,DIARIO(REGULAR),CHIMALTENANGO
04-01-2900-46,04-020,CHIMALTENANGO,CHIMALTENANGO,INSTITUTO PRIVADO MIXTO DE COMPUTACION INFORMATICA,"6A. AVENIDA Y 1A. CALLE, NO. 126 ZONA 5",78491919,MARILENA HERNÁNDEZ CABRERA,VERÓNICA ESMERALDA MUTZUTZ ELEL,DIVERSIFICADO,PRIVADO,URBANA,ABIERTA,MONOLINGUE,DOBLE,FIN DE SEMANA,CHIMALTENANGO
04-01-2901-46,04-020,CHIMALTENANGO,CHIMALTENANGO,INSTITUTO PRIVADO MIXTO DE COMPUTACION INFORMATICA,"6A. AVENIDA Y 1A. CALLE, NO. 126 ZONA 5",78491919,MARILENA HERNÁNDEZ CABRERA,LESLY CELESTE POPOL UTZ,DIVERSIFICADO,PRIVADO,URBANA,ABIERTA,MONOLINGUE,DOBLE,FIN DE SEMANA,CHIMALTENANGO
04-01-2934-46,04-001,CHIMALTENANGO,CHIMALTENANGO,"COLEGIO MIXTO ""SANTA ANA""",2A. CALLE 5-52 ZONA 4,78391533,ABIMAEL ACUTA ABAJ,MAURO AROLDO FIGUEROA ZAMORA,DIVERSIFICADO,PRIVADO,URBANA,ABIERTA,MONOLINGUE,DOBLE,FIN DE SEMANA,CHIMALTENANGO
04-01-2957-46,04-027,CHIMALTENANGO,CHIMALTENANGO,COLEGIO CIENTIFICO INTEGRAL RENACIMIENTO,2A. CALLE 2-75 ZONA 1,78399859,ISMAEL CRISTAL AJCET,JAVIER SANCHEZ,DIVERSIFICADO,PRIVADO,URBANA,ABIERTA,MONOLINGUE,MATUTINA,DIARIO(REGULAR),CHIMALTENANGO
04-01-2958-46,04-027,CHIMALTENANGO,CHIMALTENANGO,COLEGIO CIENTIFICO INTEGRAL RENACIMIENTO,2A. CALLE 2-75 ZONA 1,78399859,ISMAEL CRISTAL AJCET,JAVIER SANCHEZ,DIVERSIFICADO,PRIVADO,URBANA,ABIERTA,MONOLINGUE,DOBLE,DIARIO(REGULAR),CHIMALTENANGO
04-01-2961-46,04-027,CHIMALTENANGO,CHIMALTENANGO,COLEGIO CIENTIFICO INTEGRAL RENACIMIENTO,2A. CALLE 2-75 ZONA 1,78399859,ISMAEL CRISTAL AJCET,JAVIER SANCHEZ,DIVERSIFICADO,PRIVADO,URBANA,ABIERTA,MONOLINGUE,VESPERTINA,DIARIO(REGULAR),CHIMALTENANGO
04-01-2963-46,04-027,CHIMALTENANGO,CHIMALTENANGO,COLEGIO CIENTIFICO INTEGRAL RENACIMIENTO,2A. CALLE 2-75 ZONA 1,78399859,ISMAEL CRISTAL AJCET,JAVIER SANCHEZ,DIVERSIFICADO,PRIVADO,URBANA,ABIERTA,MONOLINGUE,DOBLE,FIN DE SEMANA,CHIMALTENANGO
04-01-2964-46,04-001,CHIMALTENANGO,CHIMALTENANGO,COLEGIO CIENTIFICO INTEGRAL RENACIMIENTO(MADUREZ),6AV. 2-17 ZONA 4,78399859,ABIMAEL ACUTA ABAJ,JAVIER SANCHEZ,DIVERSIFICADO,PRIVADO,URBANA,ABIERTA,MONOLINGUE,DOBLE,FIN DE SEMANA,CHIMALTENANGO
04-01-2994-46,04-001,CHIMALTENANGO,CHIMALTENANGO,INSTITUTO TECNOLOGICO DE ESTUDIOS SUPERIORES MILENIUM,2A. CALLE 3-40 ZONA 3,78392709-78396701-78396702,ABIMAEL ACUTA ABAJ,ESTANISLADA TZUNÚN,DIVERSIFICADO,PRIVADO,URBANA,ABIERTA,MONOLINGUE,MATUTINA,DIARIO(REGULAR),CHIMALTENANGO
04-01-2996-46,04-027,CHIMALTENANGO,CHIMALTENANGO,"LICEO CIENTIFICO TECNOLOGICO ""EN-GADI""",2A. CALLE 1-73 ZONA 2,78391176,ISMAEL CRISTAL AJCET,ELIAS ISRAEL LÓPEZ MIRANDA,DIVERSIFICADO,PRIVADO,URBANA,ABIERTA,MONOLINGUE,VESPERTINA,DIARIO(REGULAR),CHIMALTENANGO
04-01-2997-46,04-027,CHIMALTENANGO,CHIMALTENANGO,"LICEO CIENTIFICO TECNOLOGICO ""EN-GADI""",2A. CALLE 1-73 ZONA 2,78391176,ISMAEL CRISTAL AJCET,ELIAS ISRAEL LOPEZ MIRANDA,DIVERSIFICADO,PRIVADO,URBANA,ABIERTA,MONOLINGUE,DOBLE,FIN DE SEMANA,CHIMALTENANGO
04-01-3018-46,04-003,CHIMALTENANGO,CHIMALTENANGO,"CENTRO DE ESTUDIOS TECNICOS Y AVANZADOS DE CHIMALTENANGO ""C.E.T.A.CH. """,8A. AVENIDA 3-59 ZONA 2,77741100,EDNA NOHELIA PÉREZ TOJ DE LÓPEZ,JOSÉ EDWIN VILLARREAL AGUILAR,DIVERSIFICADO,PRIVADO,URBANA,ABIERTA,MONOLINGUE,DOBLE,FIN DE SEMANA,CHIMALTENANGO
04-01-3066-46,04-001,CHIMALTENANGO,CHIMALTENANGO,TECNOLOGICO PRE-UNIVERSITARIO,3ERA. CALLE 7-54 ZONA 3,78394519,ABIMAEL ACUTA ABAJ,GERSON ARELY PUZ SAL,DIVERSIFICADO,PRIVADO,URBANA,ABIERTA,MONOLINGUE,DOBLE,FIN DE SEMANA,CHIMALTENANGO
04-01-3067-46,04-001,CHIMALTENANGO,CHIMALTENANGO,TECNOLOGICO PREUNIVERSITARIO,3ERA. CALLE 7-54 ZONA 3,78394519,ABIMAEL ACUTA ABAJ,GERSON ARELY PUZ SAL,DIVERSIFICADO,PRIVADO,URBANA,ABIERTA,MONOLINGUE,MATUTINA,DIARIO(REGULAR),CHIMALTENANGO
04-01-3068-46,04-001,CHIMALTENANGO,CHIMALTENANGO,TECNOLOGICO PREUNIVERSITARIO,3ERA. CALLE 7-54 ZONA 3,78394519,ABIMAEL ACUTA ABAJ,GERSON ARELY PUZ SAL,DIVERSIFICADO,PRIVADO,URBANA,ABIERTA,MONOLINGUE,VESPERTINA,DIARIO(REGULAR),CHIMALTENANGO
04-01-3086-46,04-027,CHIMALTENANGO,CHIMALTENANGO,"LICEO CIENTIFICO TECNOLOGICO ""EN-GADI""",2A. CALLE 1-73 ZONA 2,78391176,ISMAEL CRISTAL AJCET,ELIAS ISRAEL LÓPEZ MIRANDA,DIVERSIFICADO,PRIVADO,URBANA,ABIERTA,MONOLINGUE,DOBLE,DIARIO(REGULAR),CHIMALTENANGO
04-01-3096-46,04-001,CHIMALTENANGO,CHIMALTENANGO,ESCUELA NACIONAL DE FORMACIÓN SECRETARIAL ADSCRITA A LA ESCUELA NACIONAL DE CIENCIAS COMERCIALES LEONIDAS MENCOS AVILA,1A. CALLE 9-30 ZONA 3,78396809,ABIMAEL ACUTA ABAJ,MARCO ANTONIO MONTERROSO MONZÓN,DIVERSIFICADO,OFICIAL,URBANA,ABIERTA,MONOLINGUE,VESPERTINA,DIARIO(REGULAR),CHIMALTENANGO
04-01-3173-46,04-020,CHIMALTENANGO,CHIMALTENANGO,INSTITUTO EVANGÉLICO AMÉRICA LATINA,6A. AVENIDA 3-48 ZONA 5,77282600,MARILENA HERNÁNDEZ CABRERA,AXEL EDUARDO ESTRADA CHÁVEZ,DIVERSIFICADO,PRIVADO,URBANA,ABIERTA,MONOLINGUE,DOBLE,FIN DE SEMANA,CHIMALTENANGO
04-01-3231-46,04-028,CHIMALTENANGO,CHIMALTENANGO,ESCUELA DE CIENCIAS ECONOMICO CONTABLES Y COMERCIALES DR. JUAN JOSE AREVALO BERMEJO,2A. AVENIDA 12A-84 LA ALAMEDA ZONA 1,58758080,ISMAEL CRISTAL AJCET,ANA JUDITH ALONZO SIQUINAJAY,DIVERSIFICADO,PRIVADO,URBANA,ABIERTA,MONOLINGUE,MATUTINA,DIARIO(REGULAR),CHIMALTENANGO
04-01-3245-46,04-001,CHIMALTENANGO,CHIMALTENANGO,TECNOLOGICO PREUNIVERSITARIO,3A. CALLE 7-54 ZONA 3,78394519,ABIMAEL ACUTA ABAJ,GERSON ARELY PUZ SAL,DIVERSIFICADO,PRIVADO,URBANA,ABIERTA,MONOLINGUE,DOBLE,FIN DE SEMANA,CHIMALTENANGO
04-02-0009-46,04-012,CHIMALTENANGO,SAN JOSE POAQUIL,"INSTITUTO NACIONAL DE EDUCACION DIVERSIFICADA ""POAQUIL""","CALLE PRINCIPAL, ZONA 2",40338645,JULIO RENÉ NOTZ CUTZAL,CRUZ CÚN OVALLE,DIVERSIFICADO,OFICIAL,URBANA,ABIERTA,MONOLINGUE,MATUTINA,DIARIO(REGULAR),CHIMALTENANGO
04-02-0021-46,04-012,CHIMALTENANGO,SAN JOSE POAQUIL,LICEO EVANGÉLICO SALEM,2A. CALLE 2-44 ZONA 1,30508473,JULIO RENÉ NOTZ CUTZAL,MARVÍN JONATÁN APÉN SIMÓN,DIVERSIFICADO,PRIVADO,URBANA,ABIERTA,MONOLINGUE,DOBLE,FIN DE SEMANA,CHIMALTENANGO
04-02-0022-46,04-022,CHIMALTENANGO,SAN JOSE POAQUIL,"CENTRO EDUCATIVO MAYA COMUNITARIO ""OXLAJUJ Q´ANIL""","CASERÍO CENTRO, ALDEA HACIENDA MARÍA",57208292,JULIO RENE NOTZ CUTZAL,PABLO XINICO AJÚ,DIVERSIFICADO,PRIVADO,RURAL,ABIERTA,MONOLINGUE,DOBLE,FIN DE SEMANA,CHIMALTENANGO
04-02-0025-46,04-012,CHIMALTENANGO,SAN JOSE POAQUIL,"LICEO ""SAN JOSÉ""",2A. CALLE 2-120 ZONA 1,46167169,JULIO RENÉ NOTZ CUTZAL,MARIO FRANCISCO CHACACH MORALES,DIVERSIFICADO,PRIVADO,URBANA,ABIERTA,MONOLINGUE,VESPERTINA,DIARIO(REGULAR),CHIMALTENANGO
04-02-0026-46,04-012,CHIMALTENANGO,SAN JOSE POAQUIL,"LICEO ""SAN JOSÉ""",2A. CALLE 2-120 ZONA 1,46167169,JULIO RENÉ NOTZ CUTZAL,MARIO FRANCISCO CHACACH MORALES,DIVERSIFICADO,PRIVADO,URBANA,ABIERTA,MONOLINGUE,DOBLE,FIN DE SEMANA,CHIMALTENANGO
04-02-0028-46,04-022,CHIMALTENANGO,SAN JOSE POAQUIL,"INSTITUTO NACIONAL DE EDUCACIÓN DIVERSIFICADA ""ILUMINANDO EL MUNDO""",ALDEA OJER CAIBAL,30702611,JULIO RENE NOTZ CUTZAL,DANY OVIDIO SIMILOX CÚN,DIVERSIFICADO,OFICIAL,RURAL,ABIERTA,MONOLINGUE,MATUTINA,DIARIO(REGULAR),CHIMALTENANGO
04-02-2629-46,04-022,CHIMALTENANGO,SAN JOSE POAQUIL,CENTRO EDUCATIVO MAYA COMUNITARIO 'OXLAJUJ Q'ANIL'(13 SEMILLAS),CASERIO CENTRO ALDEA HACIENDA MARIA,57208292,JULIO RENE NOTZ CUTZAL,ANDRES LUC,DIVERSIFICADO,PRIVADO,RURAL,ABIERTA,BILINGUE,VESPERTINA,DIARIO(REGULAR),CHIMALTENANGO
04-03-0103-46,04-033,CHIMALTENANGO,SAN MARTIN JILOTEPEQUE,COLEGIO PRIVADO EL VALLE,"LOTIFICACION NUEVO SAN MARTIN, BARRIO SAN GASPAR",78448617,JOSÉ MIGUEL LÓPEZ ORTIZ,NORMA XIOMARA TUY RUIZ,DIVERSIFICADO,PRIVADO,URBANA,ABIERTA,MONOLINGUE,DOBLE,DIARIO(REGULAR),CHIMALTENANGO
04-03-0104-46,04-033,CHIMALTENANGO,SAN MARTIN JILOTEPEQUE,COLEGIO PRIVADO EL VALLE,"LOTIFICACION NUEVO SAN MARTIN, BARRIO SAN GASPAR",78448617,JOSÉ MIGUEL LÓPEZ ORTIZ,OLGA MARINA RUANO GÁMEZ,DIVERSIFICADO,PRIVADO,URBANA,ABIERTA,MONOLINGUE,VESPERTINA,DIARIO(REGULAR),CHIMALTENANGO
04-03-0111-46,04-033,CHIMALTENANGO,SAN MARTIN JILOTEPEQUE,"LICEO MUNICIPAL CIENTÍFICO TECNOLÓGICO ""SAN MARTÍN""","2AV. 5A. CALLE ZONA 4, A UN COSTADO DEL CEMENTERIO",78448517,JOSÉ MIGUEL LÓPEZ ORTIZ,MARTHA SILVIA CAMEY CHAJÓN,DIVERSIFICADO,MUNICIPAL,URBANA,ABIERTA,MONOLINGUE,VESPERTINA,DIARIO(REGULAR),CHIMALTENANGO
04-03-0187-46,04-006,CHIMALTENANGO,SAN MARTIN JILOTEPEQUE,"COLEGIO EVANGELICO MIXTO ""GETSEMANI""","6A. AVENIDA 4-26 ZONA 3, BARRIO LA JOYA",78448429,MARÍA ISABEL HERNÁNDEZ BOROR DE MARTÍN,JUAN BERNARDO CASTRO ARMIRA,DIVERSIFICADO,PRIVADO,URBANA,ABIERTA,MONOLINGUE,MATUTINA,DIARIO(REGULAR),CHIMALTENANGO
04-03-0189-46,04-006,CHIMALTENANGO,SAN MARTIN JILOTEPEQUE,"COLEGIO EVANGELICO MIXTO ""GETSEMANI""","6A. AVENIDA 4-26 ZONA 3, BARRIO LA JOYA",78448429,MARÍA ISABEL HERNÁNDEZ BOROR DE MARTÍN,JUAN BERNARDO CASTRO ARMIRA,DIVERSIFICADO,PRIVADO,URBANA,ABIERTA,MONOLINGUE,DOBLE,FIN DE SEMANA,CHIMALTENANGO
04-03-0204-46,04-005,CHIMALTENANGO,SAN MARTIN JILOTEPEQUE,"LICEO CRISTIANO ""JERUSALEN""",SAN MARTÍN JILOTEPEQUE,78448635,MARÍA ISABEL ORDÓN CAMEY,CLAUDIA DALILA HERNÁNDEZ GONZÁLEZ,DIVERSIFICADO,PRIVADO,URBANA,ABIERTA,MONOLINGUE,DOBLE,FIN DE SEMANA,CHIMALTENANGO
04-03-0205-46,04-006,CHIMALTENANGO,SAN MARTIN JILOTEPEQUE,"COLEGIO EVANGÉLICO MIXTO ""GETSEMANÍ""","6A. AVENIDA 4-26 ZONA 3, BARRIO LA JOYA",78448429,MARÍA ISABEL HERNÁNDEZ BOROR DE MARTÍN,JUAN BERNARDO CASTRO ARMIRA,DIVERSIFICADO,PRIVADO,URBANA,ABIERTA,MONOLINGUE,VESPERTINA,DIARIO(REGULAR),CHIMALTENANGO
04-03-0209-46,04-007,CHIMALTENANGO,SAN MARTIN JILOTEPEQUE,CENTRO EDUCATIVO SAN JUAN PABLO -CEJUPA-,"2A. AVENIDA, BARRIO SAN JOSÉ EL GUITE",78448888,BAYRON ANTONIO PÉREZ ROJAS,LUIS FERNANDO ESCOBAR ROCA,DIVERSIFICADO,PRIVADO,URBANA,ABIERTA,MONOLINGUE,VESPERTINA,DIARIO(REGULAR),CHIMALTENANGO
04-03-0215-46,04-007,CHIMALTENANGO,SAN MARTIN JILOTEPEQUE,CENTRO EDUCATIVO SAN JUAN PABLO -CEJUPA-,"2A. AVENIDA FINAL ZONA 4, BARRIO SAN JOSE EL GUITE",78448888,BAYRON ANTONIO PÉREZ ROJAS,LUIS FERNANDO ESCOBAR ROCA,DIVERSIFICADO,PRIVADO,URBANA,ABIERTA,BILINGUE,VESPERTINA,DIARIO(REGULAR),CHIMALTENANGO
04-03-0218-46,04-033,CHIMALTENANGO,SAN MARTIN JILOTEPEQUE,COLEGIO PRIVADO EL VALLE,"LOTIFICACIÓN NUEVO SAN MARTÍN, BARRIO SAN GASPAR",78448617,JOSÉ MIGUEL LÓPEZ ORTIZ,OLGA MARINA RUANO GÁMEZ,DIVERSIFICADO,PRIVADO,URBANA,ABIERTA,MONOLINGUE,DOBLE,FIN DE SEMANA,CHIMALTENANGO
04-03-0227-46,04-033,CHIMALTENANGO,SAN MARTIN JILOTEPEQUE,"COLEGIO PRIVADO ""LA AMISTAD""",9A. CALLE 6-50 ZONA 2 BARRIO EL CALVARIO,78448850,JOSÉ MIGUEL LÓPEZ ORTIZ,EDWIN YOVANY VELAZCO CAMEY,DIVERSIFICADO,PRIVADO,URBANA,ABIERTA,MONOLINGUE,VESPERTINA,DIARIO(REGULAR),CHIMALTENANGO
04-03-0229-46,04-033,CHIMALTENANGO,SAN MARTIN JILOTEPEQUE,COLEGIO PRIVADO EL VALLE,"LOTIFICACIÓN NUEVO SAN MARTÍN, BARRIO SAN GASPAR",78448617,JOSÉ MIGUEL LÓPEZ ORTIZ,OLGA MARINA RUANO GÁMEZ,DIVERSIFICADO,PRIVADO,URBANA,ABIERTA,MONOLINGUE,DOBLE,FIN DE SEMANA,CHIMALTENANGO
04-03-0232-46,04-007,CHIMALTENANGO,SAN MARTIN JILOTEPEQUE,CENTRO EDUCATIVO SAN JUAN PABLO -CEJUPA-,"2A. AVENIDA FINAL, BARRIO SAN JOSÉ EL GUITE",78448888,BAYRON ANTONIO PÉREZ ROJAS,LUIS FERNANDO ESCOBAR ROCA,DIVERSIFICADO,PRIVADO,URBANA,ABIERTA,MONOLINGUE,DOBLE,FIN DE SEMANA,CHIMALTENANGO
04-03-0240-46,04-006,CHIMALTENANGO,SAN MARTIN JILOTEPEQUE,"COLEGIO EVANGÉLICO MIXTO ""GETSEMANÍ""",6A. AVENIDA 4-26 ZONA 3 BARRIO LA JOYA,78448429,MARÍA ISABEL HERNÁNDEZ BOROR DE MARTÍN,JUAN BERNARDO CASTRO ARMIRA,DIVERSIFICADO,PRIVADO,URBANA,ABIERTA,MONOLINGUE,SIN JORNADA,SEMIPRESENCIAL (DOS DÍAS A LA SEMANA),CHIMALTENANGO
04-03-0242-46,04-005,CHIMALTENANGO,SAN MARTIN JILOTEPEQUE,"LICEO CRISTIANO ""JERUSALÉN""",10A. CALLE 1-42 ZONA 1,78448635,MARÍA ISABEL ORDÓN CAMEY,CLAUDIA DALILA HERNÁNDEZ GONZÁLEZ,DIVERSIFICADO,PRIVADO,URBANA,ABIERTA,MONOLINGUE,SIN JORNADA,SEMIPRESENCIAL (DOS DÍAS A LA SEMANA),CHIMALTENANGO
04-03-0243-46,04-033,CHIMALTENANGO,SAN MARTIN JILOTEPEQUE,COLEGIO PRIVADO EL VALLE,"LOTIFICACIÓN NUEVO SAN MARTÍN, BARRIO SAN GASPAR",78448617,JOSÉ MIGUEL LÓPEZ ORTIZ,OLGA MARINA RUANO GÁMEZ,DIVERSIFICADO,PRIVADO,URBANA,ABIERTA,MONOLINGUE,SIN JORNADA,SEMIPRESENCIAL (DOS DÍAS A LA SEMANA),CHIMALTENANGO
04-03-0246-46,04-033,CHIMALTENANGO,SAN MARTIN JILOTEPEQUE,COLEGIO PRIVADO MIGUEL ÁNGEL SARAZÚA ROCA,"14 CALLE 1-38, COLONIA NUEVO SAN MARTIN ZONA 1, BARRIO SAN GASPAR",48360058,JOSÉ MIGUEL LÓPEZ ORTIZ,SARA LUZ SARAZÚA LUCH,DIVERSIFICADO,PRIVADO,URBANA,ABIERTA,MONOLINGUE,VESPERTINA,DIARIO(REGULAR),CHIMALTENANGO
04-03-0248-46,04-005,CHIMALTENANGO,SAN MARTIN JILOTEPEQUE,CENTRO EDUCATIVO TECNOLÓGICO INNOVA -CETI-,"COLONIA EL CERRITO, BARRIO EL GUITE, ZONA 4",33302732,MARÍA ISABEL ORDÓN CAMEY,VICTOR LEONEL HERNANDEZ AGUIN,DIVERSIFICADO,PRIVADO,URBANA,ABIERTA,MONOLINGUE,MATUTINA,DIARIO(REGULAR),CHIMALTENANGO
04-03-0249-46,04-005,CHIMALTENANGO,SAN MARTIN JILOTEPEQUE,CENTRO EDUCATIVO TECNOLÓGICO INNOVA -CETI-,"COLONIA EL CERRITO, BARRIO EL GUITE, ZONA 4",33302732,MARÍA ISABEL ORDÓN CAMEY,VICTOR LEONEL HERNANDEZ AGUIN,DIVERSIFICADO,PRIVADO,URBANA,ABIERTA,MONOLINGUE,DOBLE,FIN DE SEMANA,CHIMALTENANGO
04-03-0253-46,04-005,CHIMALTENANGO,SAN MARTIN JILOTEPEQUE,CENTRO EDUCATIVO TECNOLÓGICO INNOVA -CETI-,"COLONIA EL CERRITO, BARRIO EL GUITE, ZONA 4",33303732,MARÍA ISABEL ORDÓN CAMEY,VICTOR LEONEL HERNANDEZ AGUIN,DIVERSIFICADO,PRIVADO,URBANA,ABIERTA,MONOLINGUE,SIN JORNADA,SEMIPRESENCIAL (DOS DÍAS A LA SEMANA),CHIMALTENANGO
04-03-0259-46,04-006,CHIMALTENANGO,SAN MARTIN JILOTEPEQUE,"COLEGIO EVANGELICO MIXTO ""GETSEMANI""",02/01/2024,78448425,MARÍA ISABEL HERNÁNDEZ BOROR DE MARTÍN,JUAN BERNARDO CASTRO ARMIRA,DIVERSIFICADO,PRIVADO,URBANA,ABIERTA,MONOLINGUE,NOCTURNA,DIARIO(REGULAR),CHIMALTENANGO
04-03-0260-46,04-033,CHIMALTENANGO,SAN MARTIN JILOTEPEQUE,"ESCUELA NORMAL BILINGÜE INTERCULTURAL ""NIM NA'OJ""",BARRIO EL GÜITE,78448747,JOSÉ MIGUEL LÓPEZ ORTIZ,GLORIA ESPERANZA XALIN LEÓN,DIVERSIFICADO,OFICIAL,URBANA,ABIERTA,MONOLINGUE,MATUTINA,DIARIO(REGULAR),CHIMALTENANGO
04-03-0264-46,04-033,CHIMALTENANGO,SAN MARTIN JILOTEPEQUE,"COLEGIO PRIVADO ""MIGUEL ÁNGEL SARAZÚA ROCA""","14A. CALLE 1A-38, COLONIA NUEVO SAN MARTÍN, ZONA 1, BARRIO SAN GASPAR",33677945,JOSÉ MIGUEL LÓPEZ ORTIZ,SARA LUZ SARAZÚA LUCH,DIVERSIFICADO,PRIVADO,URBANA,ABIERTA,MONOLINGUE,DOBLE,FIN DE SEMANA,CHIMALTENANGO
04-03-0265-46,04-005,CHIMALTENANGO,SAN MARTIN JILOTEPEQUE,CENTRO EDUCATIVO TECNOLÓGICO INNOVA -CETI-,"2A. AVENIDA BARRIO EL GUITE, ZONA 4",37342227,MARÍA ISABEL ORDÓN CAMEY,VICTOR LEONEL HERNANDEZ AGUIN,DIVERSIFICADO,PRIVADO,URBANA,ABIERTA,MONOLINGUE,VESPERTINA,DIARIO(REGULAR),CHIMALTENANGO
04-03-2797-46,04-033,CHIMALTENANGO,SAN MARTIN JILOTEPEQUE,"ESCUELA NORMAL BILINGÜE INTERCULTURAL ""NIM NA'OJ""","5A. CALLE ""B"" 1-89 ZONA 4 BARRIO EL GUITE",78448747,JOSÉ MIGUEL LÓPEZ ORTIZ,GLORIA ESPERANZA XALIN LEÓN,DIVERSIFICADO,OFICIAL,URBANA,ABIERTA,BILINGUE,MATUTINA,DIARIO(REGULAR),CHIMALTENANGO
04-03-2815-46,04-033,CHIMALTENANGO,SAN MARTIN JILOTEPEQUE,"LICEO MUNICIPAL CIENTIFICO TECNOLOGICO ""SAN MARTIN""",2AV. 5A. CALLE ZONA 4 A UN COSTADO DEL CEMENTERIO,78448517,JOSÉ MIGUEL LÓPEZ ORTIZ,SARA MERCEDES RUIZ ALVAREZ,DIVERSIFICADO,MUNICIPAL,URBANA,ABIERTA,BILINGUE,DOBLE,DIARIO(REGULAR),CHIMALTENANGO
04-03-3046-46,04-005,CHIMALTENANGO,SAN MARTIN JILOTEPEQUE,LICEO CRISTIANO JERUSALEN,BARRIO LA JOYA,78448635,MARÍA ISABEL ORDÓN CAMEY,CLAUDIA DALILA HERNÁNDEZ GONZÁLEZ,DIVERSIFICADO,PRIVADO,URBANA,ABIERTA,MONOLINGUE,DOBLE,FIN DE SEMANA,CHIMALTENANGO
04-04-0009-46,04-034,CHIMALTENANGO,SAN JUAN COMALAPA,"INSTITUTO NACIONAL DE EDUCACIÓN DIVERSIFICADA ""XEKUPILAJ""",1A. CALLE 4-30 ZONA 3,55634898,AGRIPINO PEREN CUTZAL,FIDELINA LÓPEZ MUX,DIVERSIFICADO,OFICIAL,URBANA,ABIERTA,MONOLINGUE,MATUTINA,DIARIO(REGULAR),CHIMALTENANGO
04-04-0029-46,04-023,CHIMALTENANGO,SAN JUAN COMALAPA,CENTRO EDUCATIVO FORMACION Y CIENCIA,7A. AVENIDA 7-30 SECTOR CHUWI CRUZ ZONA 2,54424207,EDGAR LEONEL SIMON ICU,PEDRO PICHIYÁ OTZÍN,DIVERSIFICADO,PRIVADO,URBANA,ABIERTA,MONOLINGUE,DOBLE,FIN DE SEMANA,CHIMALTENANGO
04-04-0030-46,04-023,CHIMALTENANGO,SAN JUAN COMALAPA,INSTITUTO MIXTO BILINGÜE INTERCULTURAL SAN JUAN COMALAPA,3A. AVENIDA 5-97 ZONA 3,47226447,EDGAR LEONEL SIMON ICU,MARCO ANTONIO ICÚ YOOL,DIVERSIFICADO,PRIVADO,URBANA,ABIERTA,BILINGUE,VESPERTINA,DIARIO(REGULAR),CHIMALTENANGO
04-04-0037-46,04-018,CHIMALTENANGO,SAN JUAN COMALAPA,"COLEGIO MIXTO EVANGÉLICO ""BETHLEHEM""",0 CALLE 4-01 ZONA 4,55159800,HENRY WILFREDO CHEX TZIRIN,SONIA VELYNDA CUXIL CHONAY,DIVERSIFICADO,PRIVADO,URBANA,ABIERTA,MONOLINGUE,DOBLE,FIN DE SEMANA,CHIMALTENANGO
04-04-0045-46,04-023,CHIMALTENANGO,SAN JUAN COMALAPA,"COLEGIO BILINGÜE INTEGRAL CIENCIA, ARTE Y NACIONALISMO (ICAN)",0 AVENIDA 4-78 ZONA 1,58533054,EDGAR LEONEL SIMON ICU,GILMER NEFTALI CUX SARECH,DIVERSIFICADO,PRIVADO,URBANA,ABIERTA,MONOLINGUE,DOBLE,FIN DE SEMANA,CHIMALTENANGO
04-04-0046-46,04-034,CHIMALTENANGO,SAN JUAN COMALAPA,"CENTRO EDUCATIVO BILINGÜE INTERCULTURAL ""RUK'U'X TIJONÏK""","3A. CALLE 3-73, ZONA 3",59492615,AGRIPINO PEREN CUTZAL,ERIKA LORENA CHICOL BAL,DIVERSIFICADO,PRIVADO,URBANA,ABIERTA,MONOLINGUE,VESPERTINA,DIARIO(REGULAR),CHIMALTENANGO
04-04-0048-46,04-034,CHIMALTENANGO,SAN JUAN COMALAPA,"CENTRO EDUCATIVO ""TÉCNICO CHIXOT""","4A. CALLE 4-78 ZONA 1, BARRIO PAXÁN",56958635,AGRIPINO PEREN CUTZAL,HENRY ADOLFO QUINÁ CHALÍ,DIVERSIFICADO,PRIVADO,URBANA,ABIERTA,MONOLINGUE,VESPERTINA,DIARIO(REGULAR),CHIMALTENANGO
04-04-0053-46,04-023,CHIMALTENANGO,SAN JUAN COMALAPA,"CENTRO EDUCATIVO BILINGÜE INTERCULTURAL ""RUK'U'X TIJONÏK""",3A. CALLE 3-73 ZONA 3,59492615,EDGAR LEONEL SIMON ICU,NORMA GRICELDA ICÚ QUEX,DIVERSIFICADO,PRIVADO,URBANA,ABIERTA,BILINGUE,VESPERTINA,DIARIO(REGULAR),CHIMALTENANGO
04-04-0054-46,04-023,CHIMALTENANGO,SAN JUAN COMALAPA,"CENTRO EDUCATIVO ""FUENTE DE SABIDURÍA""","6A. AVENIDA ""A"" 0-09 ZONA 4",56310571,EDGAR LEONEL SIMON ICU,MARIO SAÚL RAMÍREZ VILLATORO,DIVERSIFICADO,PRIVADO,URBANA,ABIERTA,MONOLINGUE,DOBLE,FIN DE SEMANA,CHIMALTENANGO
04-04-0056-46,04-029,CHIMALTENANGO,SAN JUAN COMALAPA,CENTRO DE EDUCACIÓN EXTRAESCOLAR TEJIENDO EL FUTURO,"3A. AVENIDA ""A"" 00-022 ZONA 3",47238038,MARCO TULIO AJQUEJAY PICHIYA,MARÍA LIDIA TZAJ SIMÓN,DIVERSIFICADO,PRIVADO,URBANA,ABIERTA,BILINGUE,DOBLE,SEMIPRESENCIAL,CHIMALTENANGO
04-04-0061-46,04-023,CHIMALTENANGO,SAN JUAN COMALAPA,"COLEGIO BILINGÜE INTEGRAL CIENCIA, ARTE Y NACIONALISMO (ICAN)",0 AVENIDA 4-78 ZONA 1,48666571,EDGAR LEONEL SIMON ICU,LIDIA NATIVIDAD TUYUC BAL,DIVERSIFICADO,PRIVADO,URBANA,ABIERTA,MONOLINGUE,VESPERTINA,DIARIO(REGULAR),CHIMALTENANGO
04-04-0063-46,04-029,CHIMALTENANGO,SAN JUAN COMALAPA,CENTRO DE EDUCACIÓN EXTRAESCOLAR GRUPO CEIBA,0 AVENIDA 4-24 ZONA 1,51122263,MARCO TULIO AJQUEJAY PICHIYA,EDGAR LISANDRO TZAMOL SALAZAR,DIVERSIFICADO,PRIVADO,URBANA,ABIERTA,MONOLINGUE,DOBLE,SEMIPRESENCIAL,CHIMALTENANGO
04-04-0066-46,04-018,CHIMALTENANGO,SAN JUAN COMALAPA,"COLEGIO MIXTO EVANGÈLICO ""BETHLEHEM""","0 CALLE 4-01, ZONA 4",55159800,HENRY WILFREDO CHEX TZIRIN,ANA ELIZABETH CHOGUIX OTZOY,DIVERSIFICADO,PRIVADO,URBANA,ABIERTA,MONOLINGUE,NOCTURNA,DIARIO(REGULAR),CHIMALTENANGO
04-04-0068-46,04-023,CHIMALTENANGO,SAN JUAN COMALAPA,"CENTRO EDUCATIVO ""FUENTE DE SABIDURÍA""","6A. AVENIDA ""A"" 0-09 ZONA 4",36956116,EDGAR LEONEL SIMON ICU,FAUSTO DAVID ROQUEL PERÉN,DIVERSIFICADO,PRIVADO,URBANA,ABIERTA,MONOLINGUE,SIN JORNADA,SEMIPRESENCIAL (DOS DÍAS A LA SEMANA),CHIMALTENANGO
04-04-0071-46,04-023,CHIMALTENANGO,SAN JUAN COMALAPA,"CENTRO EDUCATIVO ""FORMACIÓN Y CIENCIA""","7A. AVENIDA 7-30 SECTOR CHUWI CRUZ, ZONA 2",54424207,EDGAR LEONEL SIMON ICU,PEDRO PICHIYÁ OTZÍN,DIVERSIFICADO,PRIVADO,URBANA,ABIERTA,MONOLINGUE,SIN JORNADA,SEMIPRESENCIAL (DOS DÍAS A LA SEMANA),CHIMALTENANGO
04-04-0072-46,04-018,CHIMALTENANGO,SAN JUAN COMALAPA,"COLEGIO MIXTO EVANGÉLICO ""BETHLEHEM""",0 CALLE 4-01 ZONA 4,78498972,HENRY WILFREDO CHEX TZIRIN,SONIA VELYNDA CUXIL CHONAY,DIVERSIFICADO,PRIVADO,URBANA,ABIERTA,MONOLINGUE,SIN JORNADA,SEMIPRESENCIAL (DOS DÍAS A LA SEMANA),CHIMALTENANGO
04-04-0074-46,04-034,CHIMALTENANGO,SAN JUAN COMALAPA,LICEO CRISTIANO MONTE SION 2,0 AVENIDA 6-96 ZONA 1,4225675,AGRIPINO PEREN CUTZAL,TEODORA ELIZABETH FIGUEROA GUERRA,DIVERSIFICADO,PRIVADO,URBANA,ABIERTA,MONOLINGUE,DOBLE,FIN DE SEMANA,CHIMALTENANGO
04-04-0076-46,04-034,CHIMALTENANGO,SAN JUAN COMALAPA,LICEO CRISTIANO MONTE SION 2,0 AVENIDA 6-96 ZONA 1,42256175,AGRIPINO PEREN CUTZAL,TEODORA ELIZABETH FIGUEROA GUERRA,DIVERSIFICADO,PRIVADO,URBANA,ABIERTA,MONOLINGUE,SIN JORNADA,SEMIPRESENCIAL (DOS DÍAS A LA SEMANA),CHIMALTENANGO
04-04-0079-46,04-023,CHIMALTENANGO,SAN JUAN COMALAPA,"COLEGIO BILINGÜE INTEGRAL CIENCIA, ARTE Y NACIONALISMO (ICAN)",0 AVENIDA 4-78 ZONA 1,48666571,EDGAR LEONEL SIMON ICU,LIDIA NATIVIDAD TUYUC BAL,DIVERSIFICADO,PRIVADO,URBANA,ABIERTA,MONOLINGUE,MATUTINA,DIARIO(REGULAR),CHIMALTENANGO
04-04-0081-46,04-018,CHIMALTENANGO,SAN JUAN COMALAPA,CENTRO EDUCATIVO AJ POPOLI' NOJ,2A. AVENIDA C 5-76 ZONA 3,55174113,HENRY WILFREDO CHEX TZIRIN,CAMILA MERCEDES SIMÓN MENDOZA,DIVERSIFICADO,PRIVADO,URBANA,ABIERTA,MONOLINGUE,VESPERTINA,DIARIO(REGULAR),CHIMALTENANGO
04-04-0083-46,04-018,CHIMALTENANGO,SAN JUAN COMALAPA,"COLEGIO MIXTO EVANGELICO ""BETHLEHEM""",0 CALLE 4-01 ZONA 4,78498972,HENRY WILFREDO CHEX TZIRIN,LUZ MARIANELA SALAZAR PINZÓN,DIVERSIFICADO,PRIVADO,URBANA,ABIERTA,MONOLINGUE,VESPERTINA,DIARIO(REGULAR),CHIMALTENANGO
04-04-0223-46,04-018,CHIMALTENANGO,SAN JUAN COMALAPA,"ESCUELA NACIONAL DE CIENCIAS COMERCIALES ADSCRITA AL INSTITUTO NACIONAL DE EDUCACIÓN BÁSICA ""ANDRÉS CURRUCHICHE""",0 AVENIDA 4-38 ZONA 1,78498874,HENRY WILFREDO CHEX TZIRIN,RODRIGO CUTZAL CHUTÁ,DIVERSIFICADO,OFICIAL,URBANA,ABIERTA,MONOLINGUE,VESPERTINA,DIARIO(REGULAR),CHIMALTENANGO
04-04-2129-46,04-034,CHIMALTENANGO,SAN JUAN COMALAPA,LICEO MIXTO BILINGUE SAN JUAN,3A. CALLE 3-73 ZONA 3,30229378,AGRIPINO PEREN CUTZAL,EDY GIOVANY CÚMEZ SANÍC,DIVERSIFICADO,PRIVADO,URBANA,ABIERTA,BILINGUE,VESPERTINA,DIARIO(REGULAR),CHIMALTENANGO
04-04-3227-46,04-023,CHIMALTENANGO,SAN JUAN COMALAPA,CENTRO EDUCATIVO FORMACION Y CIENCIA,"7A. AVENIDA 7-30 SECTOR CHUWI CRUZ, ZONA 2",54424207,EDGAR LEONEL SIMON ICU,AUGUSTO MUX TUBAC,DIVERSIFICADO,PRIVADO,URBANA,ABIERTA,MONOLINGUE,DOBLE,FIN DE SEMANA,CHIMALTENANGO
04-05-0015-46,04-015,CHIMALTENANGO,SANTA APOLONIA,"INSTITUTO NACIONAL DE EDUCACIÓN DIVERSIFICADA ""SALVANDO NUESTRA NATURALEZA""",4A. CALLE 1-68 ZONA 4,48385368,NELSON JEDARIAS MARTIN CHONAY,JOSSELIN YESSENIA SOCOP PÉREZ,DIVERSIFICADO,OFICIAL,URBANA,ABIERTA,MONOLINGUE,MATUTINA,DIARIO(REGULAR),CHIMALTENANGO
04-05-0016-46,04-015,CHIMALTENANGO,SANTA APOLONIA,"LICEO TECNOLÓGICO BILINGÜE ""EL ROBLE""",3ER. CALLEJON 2-66 ZONA 1,33624194,NELSON JEDARIAS MARTIN CHONAY,AMNER OTTONIEL JUTZUTZ TÚN,DIVERSIFICADO,PRIVADO,URBANA,ABIERTA,MONOLINGUE,VESPERTINA,DIARIO(REGULAR),CHIMALTENANGO
04-05-0017-46,04-015,CHIMALTENANGO,SANTA APOLONIA,"LICEO TECNOLÓGICO BILINGÜE ""EL ROBLE""",3ER. CALLEJÓN 2-66 ZONA 1,33624194,NELSON JEDARIAS MARTIN CHONAY,AMNER OTTONIEL JUTZUTZ TÚN,DIVERSIFICADO,PRIVADO,URBANA,ABIERTA,MONOLINGUE,DOBLE,FIN DE SEMANA,CHIMALTENANGO
04-05-0021-46,04-015,CHIMALTENANGO,SANTA APOLONIA,"LICEO TECNOLÓGICO BILINGÜE ""EL ROBLE""",3ER. CALLEJÓN 2-66 ZONA 1,32862605,NELSON JEDARIAS MARTIN CHONAY,PERLA LILIANA GUAJÁN CAJAS,DIVERSIFICADO,PRIVADO,URBANA,ABIERTA,MONOLINGUE,DOBLE,FIN DE SEMANA,CHIMALTENANGO
04-05-0023-46,04-015,CHIMALTENANGO,SANTA APOLONIA,"LICEO TECNOLÓGICO BILINGÜE ""EL ROBLE""",3ER. CALLEJÓN 2-66 ZONA 1,51714574,NELSON JEDARIAS MARTIN CHONAY,AMNER OTTONIEL JUTZUTZ TÚN,DIVERSIFICADO,PRIVADO,URBANA,ABIERTA,MONOLINGUE,SIN JORNADA,SEMIPRESENCIAL (DOS DÍAS A LA SEMANA),CHIMALTENANGO
04-06-0038-46,04-010,CHIMALTENANGO,TECPAN GUATEMALA,"INSTITUTO NACIONAL DE EDUCACIÓN DIVERSIFICADA ""6 DE FEBRERO""",5A. CALLE 1-53 ZONA 2,48385368,CESAR AUGUSTO CHUMIL ALACAN,VICENTE SIRÍN SIRÍN,DIVERSIFICADO,OFICIAL,URBANA,ABIERTA,MONOLINGUE,VESPERTINA,DIARIO(REGULAR),CHIMALTENANGO
04-06-0052-46,04-011,CHIMALTENANGO,TECPAN GUATEMALA,"COLEGIO EVANGÉLICO MIXTO ""BETHESDA""",2A. AVENIDA 1-48 ZONA 2,78403684,SILBIA JANETT NUÑEZ RODAS DE PESQUERA,SILVIA ELIZABETH IXÉN JULIAN,DIVERSIFICADO,PRIVADO,URBANA,ABIERTA,MONOLINGUE,VESPERTINA,DIARIO(REGULAR),CHIMALTENANGO
04-06-0067-46,04-035,CHIMALTENANGO,TECPAN GUATEMALA,"CENTRO EDUCATIVO ""RUNAWAL B´ALAM YA´""","1A. CALLE 5-75 ZONA 4, BARRIO SAN ANTONIO",78404339,AMALIA ESTER LIX SOCOP DE CHUY,ANA VILMA RODRÍGUEZ GARCÍA,DIVERSIFICADO,PRIVADO,URBANA,ABIERTA,BILINGUE,MATUTINA,DIARIO(REGULAR),CHIMALTENANGO
04-06-0068-46,04-035,CHIMALTENANGO,TECPAN GUATEMALA,"CENTRO EDUCATIVO ""RUNAWAL B´ALAM YA¨""","1A. CALLE 5-75 ZONA 4, BARRIO SAN ANTONIO",78404339,AMALIA ESTER LIX SOCOP DE CHUY,ANA VILMA RODRÍGUEZ GARCÍA,DIVERSIFICADO,PRIVADO,URBANA,ABIERTA,MONOLINGUE,VESPERTINA,DIARIO(REGULAR),CHIMALTENANGO
04-06-0071-46,04-035,CHIMALTENANGO,TECPAN GUATEMALA,"CENTRO EDUCATIVO ""RUNAWAL B´ALAM YA´""","1A. CALLE 5-75 ZONA 4, BARRIO SAN ANTONIO",78404339,AMALIA ESTER LIX SOCOP DE CHUY,ANA VILMA RODRÍGUEZ GARCÍA,DIVERSIFICADO,PRIVADO,URBANA,ABIERTA,MONOLINGUE,MATUTINA,DIARIO(REGULAR),CHIMALTENANGO
04-06-0074-46,04-035,CHIMALTENANGO,TECPAN GUATEMALA,"CENTRO EDUCATIVO ""RUNAWAL B´ALAM YA¨""","1A. CALLE 5-75 ZONA 4, BARRIO SAN ANTONIO",78404339,AMALIA ESTER LIX SOCOP DE CHUY,ANA VILMA RODRÍGUEZ GARCÍA,DIVERSIFICADO,PRIVADO,URBANA,ABIERTA,MONOLINGUE,DOBLE,FIN DE SEMANA,CHIMALTENANGO
04-06-0075-46,04-021,CHIMALTENANGO,TECPAN GUATEMALA,INSTITUTO TECNOLÓGICO POR COOPERATIVA,"TERCER CALLEJÓN SECTOR PACHAJ, BARRIO SAN ANTONIO ZONA 4",50170989,JUAN MANUEL COLO RUCUCH,MIRIAM YANETTE RIVERA ALVARADO,DIVERSIFICADO,COOPERATIVA,URBANA,ABIERTA,MONOLINGUE,DOBLE,DIARIO(REGULAR),CHIMALTENANGO
04-06-0083-46,04-011,CHIMALTENANGO,TECPAN GUATEMALA,CENTRO DE FORMACIÓN TURÍSTICA E INFORMÁTICA LICEO TECPÁN,2A. CALLE 4-43 ZONA 3,78404039,SILBIA JANETT NUÑEZ RODAS DE PESQUERA,MAYRA YANIRA MORALES CALEL,DIVERSIFICADO,PRIVADO,URBANA,ABIERTA,BILINGUE,VESPERTINA,DIARIO(REGULAR),CHIMALTENANGO
04-06-0093-46,04-011,CHIMALTENANGO,TECPAN GUATEMALA,COLEGIO EVANGÉLICO ISRAEL,1A. CALLE 2-39 ZONA 4,78403792,SILBIA JANETT NUÑEZ RODAS DE PESQUERA,CÁNDIDA ROSA CORADO RIVERA,DIVERSIFICADO,PRIVADO,URBANA,ABIERTA,MONOLINGUE,SIN JORNADA,SEMIPRESENCIAL (DOS DÍAS A LA SEMANA),CHIMALTENANGO
04-06-0094-46,04-011,CHIMALTENANGO,TECPAN GUATEMALA,"INSTITUTO MIXTO DE EDUCACIÓN MUNICIPAL ""VALLE DEL SOL""",ALDEA PAQUIP,44950265,SILBIA JANETT NUÑEZ RODAS DE PESQUERA,LESBIA LILIANA RABINAL DIAZ,DIVERSIFICADO,PRIVADO,RURAL,ABIERTA,MONOLINGUE,VESPERTINA,DIARIO(REGULAR),CHIMALTENANGO
04-06-0096-46,04-011,CHIMALTENANGO,TECPAN GUATEMALA,INSTITUTO NACIONAL DE EDUCACIÓN DIVERSIFICADA,ALDEA XECOXOL,55243983,SILBIA JANETT NUÑEZ RODAS DE PESQUERA,ZENAIDA EMILIANA JUÁREZ CALEL,DIVERSIFICADO,OFICIAL,RURAL,ABIERTA,MONOLINGUE,VESPERTINA,DIARIO(REGULAR),CHIMALTENANGO
04-06-0340-46,04-011,CHIMALTENANGO,TECPAN GUATEMALA,INSTITUTO PARTICULAR MIXTO TECPANECO DE EDUCACION MEDIA,1 CALLE 2-39 ZONA 4.,78404465,SILBIA JANETT NUÑEZ RODAS DE PESQUERA,CÁNDIDA ROSA CORADO RIVERA,DIVERSIFICADO,PRIVADO,URBANA,ABIERTA,MONOLINGUE,VESPERTINA,DIARIO(REGULAR),CHIMALTENANGO
04-06-2482-46,04-021,CHIMALTENANGO,TECPAN GUATEMALA,INSTITUTO TECNOLOGICO POR COOPERATIVA,"TERCER CALLEJÓN SECTOR PACHAJ, BARRIO SAN ANTONIO ZONA 4",50170989,JUAN MANUEL COLO RUCUCH,MIRIAM YANETTE RIVERA ALVARADO,DIVERSIFICADO,COOPERATIVA,URBANA,ABIERTA,MONOLINGUE,VESPERTINA,DIARIO(REGULAR),CHIMALTENANGO
04-06-2903-46,04-011,CHIMALTENANGO,TECPAN GUATEMALA,CENTRO DE FORMACIÓN TURÍSTICA E INFORMÁTICA LICEO TECPÁN,2A. CALLE 4-43 ZONA 3,78404039,SILBIA JANETT NUÑEZ RODAS DE PESQUERA,MAYRA YANIRA MORALES CALEL,DIVERSIFICADO,PRIVADO,URBANA,ABIERTA,MONOLINGUE,VESPERTINA,DIARIO(REGULAR),CHIMALTENANGO
04-06-3108-46,04-011,CHIMALTENANGO,TECPAN GUATEMALA,CENTRO DE FORMACION TURISTICA E INFORMATICA LICEO TECPAN,2A. CALLE 4-43 ZONA 3,78404039,SILBIA JANETT NUÑEZ RODAS DE PESQUERA,MAYRA YANIRA MORALES CALEL,DIVERSIFICADO,PRIVADO,URBANA,ABIERTA,MONOLINGUE,DOBLE,DIARIO(REGULAR),CHIMALTENANGO
04-06-3109-46,04-011,CHIMALTENANGO,TECPAN GUATEMALA,CENTRO DE FORMACION TURISTICA E INFORMATICA LICEO TECPAN,2A. CALLE 4-43 ZONA 3,78404039,SILBIA JANETT NUÑEZ RODAS DE PESQUERA,MAYRA YANIRA MORALES CALEL,DIVERSIFICADO,PRIVADO,URBANA,ABIERTA,MONOLINGUE,DOBLE,FIN DE SEMANA,CHIMALTENANGO
04-06-3148-46,04-011,CHIMALTENANGO,TECPAN GUATEMALA,COLEGIO EVANGELICO ISRAEL,1A. CALLE 2-39 ZONA 4,78404446,SILBIA JANETT NUÑEZ RODAS DE PESQUERA,CÁNDIDA ROSA CORADO RIVERA,DIVERSIFICADO,PRIVADO,URBANA,ABIERTA,MONOLINGUE,VESPERTINA,DIARIO(REGULAR),CHIMALTENANGO
04-06-3151-46,04-011,CHIMALTENANGO,TECPAN GUATEMALA,COLEGIO EVANGELICO ISRAEL,1A. CALLE 2-39 ZONA 4,78403792,SILBIA JANETT NUÑEZ RODAS DE PESQUERA,CÁNDIDA ROSA CORADO RIVERA,DIVERSIFICADO,PRIVADO,URBANA,ABIERTA,MONOLINGUE,DOBLE,FIN DE SEMANA,CHIMALTENANGO
04-06-3152-46,04-011,CHIMALTENANGO,TECPAN GUATEMALA,COLEGIO EVANGELICO ISRAEL,1A. CALLE 2-39 ZONA 4,78404465,SILBIA JANETT NUÑEZ RODAS DE PESQUERA,CÁNDIDA ROSA CORADO RIVERA,DIVERSIFICADO,PRIVADO,URBANA,ABIERTA,MONOLINGUE,DOBLE,FIN DE SEMANA,CHIMALTENANGO
04-06-3259-46,04-011,CHIMALTENANGO,TECPAN GUATEMALA,"INSTITUTO MIXTO DE EDUCACION MUNICIPAL ""VALLE DEL SOL""",ALDEA PAQUIP,44950265,SILBIA JANETT NUÑEZ RODAS DE PESQUERA,LESBIA LILIANA RABINAL DIAZ,DIVERSIFICADO,MUNICIPAL,RURAL,ABIERTA,MONOLINGUE,MATUTINA,DIARIO(REGULAR),CHIMALTENANGO
04-07-0017-46,04-013,CHIMALTENANGO,PATZUN,"INSTITUTO NACIONAL DE EDUCACIÓN DIVERSIFICADA ""SOLIDARIDAD""",3A. CALLE 2-88 ZONA 4,51928359,JUSTA XINICO SIPAC DE TZUL,DORA ALICIA PACHECO QUECHÉ,DIVERSIFICADO,OFICIAL,URBANA,ABIERTA,MONOLINGUE,MATUTINA,DIARIO(REGULAR),CHIMALTENANGO
04-07-0026-46,04-013,CHIMALTENANGO,PATZUN,"CENTRO EDUCATIVO ""20 DE MAYO""","1A. CALLE 1-90 ""A"" ZONA 6",78398434,JUSTA XINICO SIPAC DE TZUL,EFRAÍN SALAZAR GÓMEZ,DIVERSIFICADO,PRIVADO,URBANA,ABIERTA,MONOLINGUE,DOBLE,DIARIO(REGULAR),CHIMALTENANGO
04-07-0033-46,04-014,CHIMALTENANGO,PATZUN,LICEO TECNOLÓGICO BILINGÜE GUATEMALAN,2A. CALLE 2-35 ZONA 2,78399519,VALERIA GÓMEZ BOC DE GIRÓN,ROLANDO COY YAQUI,DIVERSIFICADO,PRIVADO,URBANA,ABIERTA,MONOLINGUE,MATUTINA,DIARIO(REGULAR),CHIMALTENANGO
04-07-0034-46,04-014,CHIMALTENANGO,PATZUN,LICEO TECNOLÓGICO BILINGÜE GUATEMALAN,2A. CALLE 2-35 ZONA 2,78399519,VALERIA GÓMEZ BOC DE GIRÓN,ROLANDO COY YAQUI,DIVERSIFICADO,PRIVADO,URBANA,ABIERTA,MONOLINGUE,DOBLE,DIARIO(REGULAR),CHIMALTENANGO
04-07-0036-46,04-014,CHIMALTENANGO,PATZUN,INSTITUTO TECNOLÓGICO DE COMPUTACIÓN INTECOM,5A. CALLE 7-76 ZONA 1,42412440,VALERIA GÓMEZ BOC DE GIRÓN,GREGORIO SICAJÁN CHULUC,DIVERSIFICADO,PRIVADO,URBANA,ABIERTA,MONOLINGUE,DOBLE,FIN DE SEMANA,CHIMALTENANGO
04-07-0042-46,04-014,CHIMALTENANGO,PATZUN,"INSTITUTO PRIVADO MIXTO DE COMPUTACIÓN INFORMÁTICA ""I.C.I.""",3A. CALLE 1-49 ZONA 1,54111976,VALERIA GÓMEZ BOC DE GIRÓN,JULIA MAGDALENA SUQUÉN HERNÁNDEZ,DIVERSIFICADO,PRIVADO,URBANA,ABIERTA,MONOLINGUE,MATUTINA,DIARIO(REGULAR),CHIMALTENANGO
04-07-0043-46,04-014,CHIMALTENANGO,PATZUN,"INSTITUTO PRIVADO MIXTO DE COMPUTACIÓN INFORMÁTICA ""I.C.I.""",3A. CALLE 2-097 ZONA 4,54111976,VALERIA GÓMEZ BOC DE GIRÓN,JULIA MAGDALENA SUQUÉN HERNÁNDEZ,DIVERSIFICADO,PRIVADO,URBANA,ABIERTA,MONOLINGUE,DOBLE,FIN DE SEMANA,CHIMALTENANGO
04-07-0047-46,04-036,CHIMALTENANGO,PATZUN,COLEGIO SAN BERNARDINO,4A. AVENIDA 4-40 ZONA 2,78398044,LILIA MAYRLENY COYOTE MICULAX,MARTA GENOVEVA ACEVEDO VASQUEZ,DIVERSIFICADO,PRIVADO,URBANA,ABIERTA,MONOLINGUE,MATUTINA,DIARIO(REGULAR),CHIMALTENANGO
04-07-0049-46,04-014,CHIMALTENANGO,PATZUN,LICEO TECNOLÓGICO BILINGÜE GUATEMALAN,2A. CALLE 2-35 ZONA 2,78399519,VALERIA GÓMEZ BOC DE GIRÓN,ROLANDO COY YAQUI,DIVERSIFICADO,PRIVADO,URBANA,ABIERTA,MONOLINGUE,DOBLE,FIN DE SEMANA,CHIMALTENANGO
04-07-0057-46,04-036,CHIMALTENANGO,PATZUN,COLEGIO SAN BERNARDINO,4A. AVENIDA 4-40 ZONA 2,78398044,LILIA MAYRLENY COYOTE MICULAX,MARTA GENOVEVA ACEVEDO VASQUEZ,DIVERSIFICADO,PRIVADO,URBANA,ABIERTA,MONOLINGUE,DOBLE,DIARIO(REGULAR),CHIMALTENANGO
04-07-3242-46,04-013,CHIMALTENANGO,PATZUN,"CENTRO EDUCATIVO ""20 DE MAYO""","1A. CALLE 1-90 ""A"" ZONA 6",78398434,JUSTA XINICO SIPAC DE TZUL,EFRAÍN SALAZAR GÓMEZ,DIVERSIFICADO,PRIVADO,URBANA,ABIERTA,MONOLINGUE,VESPERTINA,DIARIO(REGULAR),CHIMALTENANGO
04-08-0005-46,04-019,CHIMALTENANGO,SAN MIGUEL POCHUTA,INSTITUTO MUNICIPAL DE DIVERSIFICADO POCHUTA CENTENARIO,SAN MIGUEL POCHUTA,30244440,ROSA MARISOL JUÁREZ GRAMAJO,JUAN LUIS OLCOT CUJCUJ,DIVERSIFICADO,MUNICIPAL,RURAL,ABIERTA,MONOLINGUE,VESPERTINA,DIARIO(REGULAR),CHIMALTENANGO
04-08-0006-46,04-019,CHIMALTENANGO,SAN MIGUEL POCHUTA,"INSTITUTO MUNICIPAL DE DIVERSIFICADO ""POCHUTA CENTENARIO""",SAN MIGUEL POCHUTA,30244440,ROSA MARISOL JUÁREZ GRAMAJO,JUAN LUIS OLCOT CUJCUJ,DIVERSIFICADO,MUNICIPAL,URBANA,ABIERTA,MONOLINGUE,INTERMEDIA,DIARIO(REGULAR),CHIMALTENANGO
04-08-0008-46,04-019,CHIMALTENANGO,SAN MIGUEL POCHUTA,"INSTITUTO NACIONAL DE EDUCACIÓN DIVERSIFICADA ""SAN MIGUEL""",1A. AVENIDA 6-57 ZONA 1,56343940,ROSA MARISOL JUÁREZ GRAMAJO,VILMA MARILY CHENOL GONZÁLEZ,DIVERSIFICADO,OFICIAL,URBANA,ABIERTA,MONOLINGUE,VESPERTINA,DIARIO(REGULAR),CHIMALTENANGO
04-08-0019-46,04-019,CHIMALTENANGO,SAN MIGUEL POCHUTA,"LICEO PRIVADO POCHUTECO ""CAMINO AL FUTURO""","4A. CALLE ENTRE 3A. Y 4A. AVENIDA, ZONA 1",47096886,ROSA MARISOL JUÁREZ GRAMAJO,NOÉ CHENOL VENTURA,DIVERSIFICADO,PRIVADO,URBANA,ABIERTA,MONOLINGUE,SIN JORNADA,SEMIPRESENCIAL (DOS DÍAS A LA SEMANA),CHIMALTENANGO
04-08-2755-46,04-019,CHIMALTENANGO,SAN MIGUEL POCHUTA,LICEO PRIVADO POCHUTECO CAMINO AL FUTURO,MUNICIPIO DE SAN MIGUEL POCHUTA,41249421,ROSA MARISOL JUÁREZ GRAMAJO,NOÉ CHENOL VENTURA,DIVERSIFICADO,PRIVADO,URBANA,ABIERTA,MONOLINGUE,VESPERTINA,DIARIO(REGULAR),CHIMALTENANGO
04-08-3079-46,04-019,CHIMALTENANGO,SAN MIGUEL POCHUTA,LICEO PRIVADO POCHUTECO CAMINO AL FUTURO,SAN MIGUEL POCHUTA,41249421,ROSA MARISOL JUÁREZ GRAMAJO,ALAN ESTUARDO RAMOS NOJ,DIVERSIFICADO,PRIVADO,URBANA,ABIERTA,MONOLINGUE,DOBLE,FIN DE SEMANA,CHIMALTENANGO
04-09-0007-46,04-009,CHIMALTENANGO,PATZICIA,"INSTITUTO NACIONAL DE EDUCACION DIVERSIFICADA ""PROFESORA AURA IRMA MENESES DE RAMIREZ""",EL BOSQUE,59617163,LIDIA SANTIZO MORALES,CARLOS ENRIQUE LOCH MICULAX,DIVERSIFICADO,OFICIAL,URBANA,ABIERTA,MONOLINGUE,VESPERTINA,DIARIO(REGULAR),CHIMALTENANGO
04-09-0023-46,04-009,CHIMALTENANGO,PATZICIA,COLEGIO INTEGRAL MESOAMERICANO,KM. 69.5 CARRETERA INTERAMERICANA,78448986,LIDIA SANTIZO MORALES,RAFAEL GALINDO YLLESCAS,DIVERSIFICADO,PRIVADO,URBANA,ABIERTA,MONOLINGUE,MATUTINA,DIARIO(REGULAR),CHIMALTENANGO
04-09-0024-46,04-009,CHIMALTENANGO,PATZICIA,COLEGIO INTEGRAL MESOAMERICANO,KM. 69.5 CARRETERA INTERAMERICANA,78448986,LIDIA SANTIZO MORALES,RAFAEL GALINDO YLLESCAS,DIVERSIFICADO,PRIVADO,URBANA,ABIERTA,MONOLINGUE,DOBLE,DIARIO(REGULAR),CHIMALTENANGO
04-09-0029-46,04-009,CHIMALTENANGO,PATZICIA,"TÉCNICO INDUSTRIAL ""ALAN JUYU""",1A. CALLE 3-67 ZONA 2,78305239,LIDIA SANTIZO MORALES,ISIDRO SANÚN GÓMEZ,DIVERSIFICADO,PRIVADO,URBANA,ABIERTA,MONOLINGUE,DOBLE,DIARIO(REGULAR),CHIMALTENANGO
04-09-2937-46,04-009,CHIMALTENANGO,PATZICIA,"INSTITUTO TÉCNICO EXPERIMENTAL AGROINDUSTRIAL ""ALAN JUYU""",1A. CALLE 3-67 ZONA 2,78305239,LIDIA SANTIZO MORALES,JAIRO ALBERTO ESTRADA HERNANDEZ,DIVERSIFICADO,PRIVADO,URBANA,ABIERTA,MONOLINGUE,DOBLE,DIARIO(REGULAR),CHIMALTENANGO
04-10-0006-46,04-026,CHIMALTENANGO,SANTA CRUZ BALANYA,"INSTITUTO NACIONAL DE EDUCACIÓN DIVERSIFICADA ""CARLOS EMILIO LEONARDO""",CANTON EL PROGRESO,42204284,OBED NATANAHEL CASIA CHONAY,GLENDA XIOMARA TAGUAL MACHÁN,DIVERSIFICADO,OFICIAL,URBANA,ABIERTA,MONOLINGUE,VESPERTINA,DIARIO(REGULAR),CHIMALTENANGO
04-11-0002-46,04-016,CHIMALTENANGO,ACATENANGO,"INSTITUTO NACIONAL DE EDUCACION DIVERSIFICADA ""ACATENANGO""",COLONIA POTRERITOS,59464736,DORIS MARLENI DUARTE MARTÍNEZ,JEYBY MARILÚ RIVERA FIGUEROA,DIVERSIFICADO,OFICIAL,URBANA,ABIERTA,MONOLINGUE,MATUTINA,DIARIO(REGULAR),CHIMALTENANGO
04-11-0009-46,04-016,CHIMALTENANGO,ACATENANGO,INSTITUTO NACIONAL DE EDUCACIÓN DIVERSIFICADA,COLONIA LA LADRILLERA,42569556,DORIS MARLENI DUARTE MARTÍNEZ,ELDER DANILO MONTÚFAR AJQUEJAY,DIVERSIFICADO,OFICIAL,URBANA,ABIERTA,MONOLINGUE,MATUTINA,DIARIO(REGULAR),CHIMALTENANGO
04-11-0012-46,04-016,CHIMALTENANGO,ACATENANGO,INSTITUTO DIVERSIFICADO POR COOPERATIVA ACATENANGO,COLONIA EL POTRERITO,78823560,DORIS MARLENI DUARTE MARTÍNEZ,RONY AMILCAR VÉLIZ PÉREZ,DIVERSIFICADO,COOPERATIVA,URBANA,ABIERTA,MONOLINGUE,VESPERTINA,DIARIO(REGULAR),CHIMALTENANGO
04-11-0014-46,04-016,CHIMALTENANGO,ACATENANGO,"LICEO CRISTIANO ""VISION ETERNA""",ALDEA SAN ANTONIO NEJAPA,54640678,DORIS MARLENI DUARTE MARTÍNEZ,MELKY JONATÁN XINIC CÓ,DIVERSIFICADO,PRIVADO,RURAL,ABIERTA,MONOLINGUE,SIN JORNADA,SEMIPRESENCIAL (DOS DÍAS A LA SEMANA),CHIMALTENANGO
04-11-0015-46,04-016,CHIMALTENANGO,ACATENANGO,"LICEO CRISTIANO ""VISIÓN ETERNA""",ALDEA SAN ANTONIO NEJAPA,54640678,DORIS MARLENI DUARTE MARTÍNEZ,MELKY JONATÁN XINIC CÓ,DIVERSIFICADO,PRIVADO,RURAL,ABIERTA,MONOLINGUE,DOBLE,FIN DE SEMANA,CHIMALTENANGO
04-12-0031-46,04-017,CHIMALTENANGO,SAN PEDRO YEPOCAPA,"INSTITUTO DE NIVEL MEDIO DE PROYECCION SOCIAL Y COMUNITARIA ""LA VOZ DE LA ESPERANZA""",ALDEA MONTE DE LOS OLIVOS,22679158,YURI EMPERATRÍZ GABRIEL BAC DE TORRES,MARÍA DEL CARMEN MATZIR MICULAX,DIVERSIFICADO,PRIVADO,RURAL,ABIERTA,MONOLINGUE,VESPERTINA,DIARIO(REGULAR),CHIMALTENANGO
04-12-0032-46,04-017,CHIMALTENANGO,SAN PEDRO YEPOCAPA,"INSTITUTO DE NIVEL MEDIO DE PROYECCION SOCIAL Y COMUNITARIA ""LA VOZ DE LA ESPERANZA""",ALDEA MONTE DE LOS OLIVOS,44075812,YURI EMPERATRÍZ GABRIEL BAC DE TORRES,MARÍA DEL CARMEN MATZIR MICULAX,DIVERSIFICADO,PRIVADO,URBANA,ABIERTA,MONOLINGUE,MATUTINA,DIARIO(REGULAR),CHIMALTENANGO
04-12-0042-46,04-030,CHIMALTENANGO,SAN PEDRO YEPOCAPA,INSTITUTO PRIVADO MIXTO ORIZABA,PRIMER CANTÓN,58197435,OTTO VINICIO AJTÚN GARCIA,DOUGLAS ROMEO LOPEZ ORIZABA,DIVERSIFICADO,PRIVADO,URBANA,ABIERTA,MONOLINGUE,MATUTINA,DIARIO(REGULAR),CHIMALTENANGO
04-12-0043-46,04-030,CHIMALTENANGO,SAN PEDRO YEPOCAPA,INSTITUTO PRIVADO MIXTO ORIZABA,PRIMER CANTÓN,58197435,OTTO VINICIO AJTÚN GARCIA,DOUGLAS ROMEO LOPEZ ORIZABA,DIVERSIFICADO,PRIVADO,URBANA,ABIERTA,MONOLINGUE,DOBLE,FIN DE SEMANA,CHIMALTENANGO
04-12-0044-46,04-030,CHIMALTENANGO,SAN PEDRO YEPOCAPA,INSTITUTO PRIVADO MIXTO ORIZABA,PRIMER CANTÓN,58197435,OTTO VINICIO AJTÚN GARCIA,ANGIE CELESTE COROY ARRIOLA,DIVERSIFICADO,PRIVADO,URBANA,ABIERTA,MONOLINGUE,VESPERTINA,DIARIO(REGULAR),CHIMALTENANGO
04-12-0051-46,04-030,CHIMALTENANGO,SAN PEDRO YEPOCAPA,INSTITUTO PRIVADO MIXTO ORIZABA,PRIMER CANTÓN,58197435,OTTO VINICIO AJTÚN GARCIA,DOUGLAS ROMEO LOPEZ ORIZABA,DIVERSIFICADO,PRIVADO,URBANA,ABIERTA,MONOLINGUE,DOBLE,FIN DE SEMANA,CHIMALTENANGO
04-12-0055-46,04-030,CHIMALTENANGO,SAN PEDRO YEPOCAPA,INSTITUTO PRIVADO MIXTO ORIZABA,PRIMER CANTON,58197435,OTTO VINICIO AJTÚN GARCIA,DOUGLAS ROMEO LOPEZ ORIZABA,DIVERSIFICADO,PRIVADO,URBANA,ABIERTA,MONOLINGUE,DOBLE,DIARIO(REGULAR),CHIMALTENANGO
04-12-0057-46,04-017,CHIMALTENANGO,SAN PEDRO YEPOCAPA,COLEGIO PARROQUIAL SAN PEDRO,"4TO CANTON, COLONIA SANTA ISABEL",79302678,YURI EMPERATRÍZ GABRIEL BAC DE TORRES,HENRY ESTUARDO TEMAL TAX,DIVERSIFICADO,PRIVADO,URBANA,ABIERTA,MONOLINGUE,VESPERTINA,DIARIO(REGULAR),CHIMALTENANGO
04-12-0059-46,04-030,CHIMALTENANGO,SAN PEDRO YEPOCAPA,INSTITUTO PRIVADO MIXTO ORIZABA,PRIMER CANTÓN,58197435,OTTO VINICIO AJTÚN GARCIA,DOUGLAS ROMEO LOPEZ ORIZABA,DIVERSIFICADO,PRIVADO,URBANA,ABIERTA,MONOLINGUE,SIN JORNADA,SEMIPRESENCIAL (DOS DÍAS A LA SEMANA),CHIMALTENANGO
04-12-0060-46,04-030,CHIMALTENANGO,SAN PEDRO YEPOCAPA,INSTITUTO PRIVADO MIXTO ORIZABA NO. 2,ALDEA LOS YUCALES,30324839,OTTO VINICIO AJTÚN GARCIA,LUIS MATIAS UMUL SAJAR,DIVERSIFICADO,PRIVADO,RURAL,ABIERTA,MONOLINGUE,SIN JORNADA,SEMIPRESENCIAL (DOS DÍAS A LA SEMANA),CHIMALTENANGO
04-12-0061-46,04-030,CHIMALTENANGO,SAN PEDRO YEPOCAPA,INSTITUTO PRIVADO MIXTO ORIZABA NO. 2,ALDEA LOS YUCALES,30324839,OTTO VINICIO AJTÚN GARCIA,LUIS MATIAS UMUL SAJAR,DIVERSIFICADO,PRIVADO,RURAL,ABIERTA,MONOLINGUE,DOBLE,FIN DE SEMANA,CHIMALTENANGO
04-12-0064-46,04-030,CHIMALTENANGO,SAN PEDRO YEPOCAPA,LICEO CRISTIANO TORRE FUERTE,COLONIA SAN CARLOS,79302724,OTTO VINICIO AJTÚN GARCIA,EDGAR EDUARDO XIA MOX,DIVERSIFICADO,PRIVADO,URBANA,ABIERTA,MONOLINGUE,VESPERTINA,DIARIO(REGULAR),CHIMALTENANGO
04-12-0065-46,04-030,CHIMALTENANGO,SAN PEDRO YEPOCAPA,LICEO CRISTIANO TORRE FUERTE,COLONIA SAN CARLOS,79302724,OTTO VINICIO AJTÚN GARCIA,EDGAR EDUARDO XIA MOX,DIVERSIFICADO,PRIVADO,URBANA,ABIERTA,MONOLINGUE,DOBLE,FIN DE SEMANA,CHIMALTENANGO
04-13-0005-46,04-004,CHIMALTENANGO,SAN ANDRES ITZAPA,"INSTITUTO NACIONAL DE EDUCACION DIVERSIFICADA ""ITZAPA""",CANTON SAN LORENZO,54943363,ANA LUISA AVILA GÓMEZ DE LEMUS,MIRLA JOHANNA MEZA LÓPEZ,DIVERSIFICADO,OFICIAL,URBANA,ABIERTA,MONOLINGUE,MATUTINA,DIARIO(REGULAR),CHIMALTENANGO
04-13-0016-46,04-004,CHIMALTENANGO,SAN ANDRES ITZAPA,LICEO CAMPO ALEGRE,CANTÓN SAN PEDRO Y SAN PABLO,51018627,ANA LUISA AVILA GÓMEZ DE LEMUS,ANTONIO DAVID ALVAREZ POPOL,DIVERSIFICADO,PRIVADO,URBANA,ABIERTA,MONOLINGUE,DOBLE,FIN DE SEMANA,CHIMALTENANGO
04-13-0022-46,04-004,CHIMALTENANGO,SAN ANDRES ITZAPA,COLEGIO PRIVADO MIXTO SAN ANDRES,CANTON SAN LORENZO,78495777,ANA LUISA AVILA GÓMEZ DE LEMUS,MARTIN SAL SIQUINAJAY,DIVERSIFICADO,PRIVADO,URBANA,ABIERTA,MONOLINGUE,VESPERTINA,DIARIO(REGULAR),CHIMALTENANGO
04-13-0029-46,04-004,CHIMALTENANGO,SAN ANDRES ITZAPA,LICEO CIENTÍFICO GUATEMALTECO EN ARTE Y TECNOLOGÍA,CANTÓN SAN LORENZO,78494928,ANA LUISA AVILA GÓMEZ DE LEMUS,BRENDA PATRICIA MACHÁN CÁN,DIVERSIFICADO,PRIVADO,URBANA,ABIERTA,MONOLINGUE,MATUTINA,DIARIO(REGULAR),CHIMALTENANGO
04-13-0033-46,04-004,CHIMALTENANGO,SAN ANDRES ITZAPA,LICEO CIENTÍFICO GUATEMALTECO EN ARTE Y TECNOLOGÍA,CANTON SAN LORENZO,78494928,ANA LUISA AVILA GÓMEZ DE LEMUS,DANNA ROSARIO ZAMBRANO GÁLVEZ,DIVERSIFICADO,PRIVADO,URBANA,ABIERTA,MONOLINGUE,DOBLE,FIN DE SEMANA,CHIMALTENANGO
04-13-0035-46,04-004,CHIMALTENANGO,SAN ANDRES ITZAPA,LICEO CIENTÍFICO GUATEMALTECO EN ARTE Y TECNOLOGÍA,CANTÓN SAN LORENZO,78494928,ANA LUISA AVILA GÓMEZ DE LEMUS,BRENDA PATRICIA MACHÁN CÁN,DIVERSIFICADO,PRIVADO,URBANA,ABIERTA,MONOLINGUE,SIN JORNADA,SEMIPRESENCIAL (DOS DÍAS A LA SEMANA),CHIMALTENANGO
04-13-0037-46,04-004,CHIMALTENANGO,SAN ANDRES ITZAPA,LICEO CAMPO ALEGRE,CANTÓN SAN PEDRO Y SAN PABLO,52709821,ANA LUISA AVILA GÓMEZ DE LEMUS,ANTONIO DAVID ALVAREZ POPOL,DIVERSIFICADO,PRIVADO,URBANA,ABIERTA,MONOLINGUE,SIN JORNADA,SEMIPRESENCIAL (DOS DÍAS A LA SEMANA),CHIMALTENANGO
04-13-0039-46,04-004,CHIMALTENANGO,SAN ANDRES ITZAPA,LICEO CIENTÍFICO GUATEMALTECO EN ARTE Y TECNOLOGÍA,CANTON SAN LORENZO,78494928,ANA LUISA AVILA GÓMEZ DE LEMUS,DANNA ROSARIO ZAMBRANO GÁLVEZ,DIVERSIFICADO,PRIVADO,URBANA,ABIERTA,MONOLINGUE,NOCTURNA,DIARIO(REGULAR),CHIMALTENANGO
04-13-0042-46,04-004,CHIMALTENANGO,SAN ANDRES ITZAPA,CENTRO EDUCATIVO SHAMMAH CHRISTIAN SCHOOL,KM 60 CARRETERA A SAN ANDRÉS ITZAPA,39528033,ANA LUISA AVILA GÓMEZ DE LEMUS,INDRA TAISINIA VÉLIZ MONTUFAR,DIVERSIFICADO,PRIVADO,URBANA,ABIERTA,MONOLINGUE,VESPERTINA,DIARIO(REGULAR),CHIMALTENANGO
04-13-0045-46,04-004,CHIMALTENANGO,SAN ANDRES ITZAPA,COLEGIO EVANGÉLICO AGUA VIVA,ALDEA HIERBA BUENA,49881590,ANA LUISA AVILA GÓMEZ DE LEMUS,RAQUEL HAYDEE GÓMEZ TZIRÍN,DIVERSIFICADO,PRIVADO,RURAL,ABIERTA,MONOLINGUE,MATUTINA,DIARIO(REGULAR),CHIMALTENANGO
04-13-0598-46,04-004,CHIMALTENANGO,SAN ANDRES ITZAPA,COLEGIO PRIVADO MIXTO SAN ANDRES,CANTON SAN LORENZO,78495777,ANA LUISA AVILA GÓMEZ DE LEMUS,MARTIN SAL SIQUINAJAY,DIVERSIFICADO,PRIVADO,URBANA,ABIERTA,MONOLINGUE,DOBLE,DIARIO(REGULAR),CHIMALTENANGO
04-13-3228-46,04-004,CHIMALTENANGO,SAN ANDRES ITZAPA,"ESCUELA MUNICIPAL DE CIENCIAS COMERCIALES ""LIC. CARLOS HELMER LEMUS SILVA""",MUNICIPIO DE SAN ANDRES ITZAPA,78495197,ANA LUISA AVILA GÓMEZ DE LEMUS,CARLOS HELMER LEMUS SILVA,DIVERSIFICADO,MUNICIPAL,URBANA,ABIERTA,MONOLINGUE,NOCTURNA,DIARIO(REGULAR),CHIMALTENANGO
04-13-3232-46,04-004,CHIMALTENANGO,SAN ANDRES ITZAPA,LICEO CAMPO ALEGRE,CANTON SAN PEDRO Y SAN PABLO,52709821,ANA LUISA AVILA GÓMEZ DE LEMUS,ANTONIO DAVID ALVAREZ POPOL,DIVERSIFICADO,PRIVADO,URBANA,ABIERTA,MONOLINGUE,DOBLE,FIN DE SEMANA,CHIMALTENANGO
04-14-0010-46,04-025,CHIMALTENANGO,PARRAMOS,"INSTITUTO NACIONAL DE EDUCACION DIVERSIFICADA ""KOTZIJAL QUINAQ"" (FLOR DE FRIJOL)",CANTON LA UNION,53100486,SURAMA LISSETH RAMÍREZ LÓPEZ,LIGIA ISABEL YOC HERNÁNDEZ,DIVERSIFICADO,OFICIAL,URBANA,ABIERTA,MONOLINGUE,MATUTINA,DIARIO(REGULAR),CHIMALTENANGO
04-14-0020-46,04-025,CHIMALTENANGO,PARRAMOS,CENTRO EDUCATIVO TRILINGÜE NUEVO AMANECER,"ZONA 3, 0 AVENIDA, CANTÓN LA LIBERTAD",78499370,SURAMA LISSETH RAMÍREZ LÓPEZ,ROLANDO ESTUARDO ORTÍZ LÓPEZ,DIVERSIFICADO,PRIVADO,URBANA,ABIERTA,MONOLINGUE,VESPERTINA,DIARIO(REGULAR),CHIMALTENANGO
04-14-0022-46,04-025,CHIMALTENANGO,PARRAMOS,CENTRO EDUCATIVO TRILINGÜE NUEVO AMANECER,"ZONA 3, 0 AVENIDA, CANTÓN LA LIBERTAD",78499370,SURAMA LISSETH RAMÍREZ LÓPEZ,ROLANDO ESTUARDO ORTÍZ LÓPEZ,DIVERSIFICADO,PRIVADO,URBANA,ABIERTA,MONOLINGUE,DOBLE,FIN DE SEMANA,CHIMALTENANGO
04-14-0023-46,04-025,CHIMALTENANGO,PARRAMOS,COLEGIO BILINGÜE EN COMPUTACIÓN SAN BERNABÉ,"KILÓMETRO 63, CARRETERA A SAN PEDRO YEPOCAPA, ALDEA SAN BERNABÉ",30857742,SURAMA LISSETH RAMÍREZ LÓPEZ,RAÚL ARNULFO CUÁ TUMÍN,DIVERSIFICADO,PRIVADO,URBANA,ABIERTA,MONOLINGUE,VESPERTINA,DIARIO(REGULAR),CHIMALTENANGO
04-14-0026-46,04-025,CHIMALTENANGO,PARRAMOS,"CENTRO EDUCATIVO EN COMPUTACION ""NUEVA ESPERANZA""","1A. AVENIDA 1-58 ZONA 1, CANTON LA UNION",36095750,SURAMA LISSETH RAMÍREZ LÓPEZ,WENCESLAO PUZ SAL,DIVERSIFICADO,PRIVADO,URBANA,ABIERTA,MONOLINGUE,DOBLE,FIN DE SEMANA,CHIMALTENANGO
04-14-0029-46,04-025,CHIMALTENANGO,PARRAMOS,COLEGIO CRISTIANO LOS BRAZOS DE JESÚS,CANTÓN LA UNIÓN,78499334,SURAMA LISSETH RAMÍREZ LÓPEZ,PEDRO FRANCISCO CHICOL ITZOL,DIVERSIFICADO,PRIVADO,URBANA,ABIERTA,MONOLINGUE,MATUTINA,DIARIO(REGULAR),CHIMALTENANGO
04-14-0032-46,04-025,CHIMALTENANGO,PARRAMOS,COLEGIO TECNOLÓGICO DE PARRAMOS,"5A. CALLE 2-88 ZONA 4, CANTÓN LA DEMOCRACIA",77915727,SURAMA LISSETH RAMÍREZ LÓPEZ,NORMA MARISOL SALGUERO ESCOBAR,DIVERSIFICADO,PRIVADO,URBANA,ABIERTA,MONOLINGUE,VESPERTINA,DIARIO(REGULAR),CHIMALTENANGO
04-14-0037-46,04-025,CHIMALTENANGO,PARRAMOS,"CENTRO EDUCATIVO EN COMPUTACIÓN ""NUEVA ESPERANZA""","1A. CALLE 2-40 ZONA 1, CANTÓN LA UNIÓN",36095750,SURAMA LISSETH RAMÍREZ LÓPEZ,WENCESLAO PUZ SAL,DIVERSIFICADO,PRIVADO,URBANA,ABIERTA,MONOLINGUE,SIN JORNADA,SEMIPRESENCIAL (DOS DÍAS A LA SEMANA),CHIMALTENANGO
04-14-0039-46,04-025,CHIMALTENANGO,PARRAMOS,CENTRO EDUCATIVO TRILINGÜE NUEVO AMANECER,"ZONA 3, 0 AVENIDA, CANTÓN LA LIBERTAD",78499370,SURAMA LISSETH RAMÍREZ LÓPEZ,ROLANDO ESTUARDO ORTÍZ LÓPEZ,DIVERSIFICADO,PRIVADO,URBANA,ABIERTA,MONOLINGUE,SIN JORNADA,SEMIPRESENCIAL (FIN DE SEMANA),CHIMALTENANGO
04-15-0008-46,04-008,CHIMALTENANGO,ZARAGOZA,"INSTITUTO NACIONAL DE EDUCACIÓN DIVERSIFICADA ""PILAR DE VALORES Y CONOCIMIENTOS""",2A. AVENIDA 1-13 ZONA 2,58789005,CORINA ARGELIA RODAS SERRANO,PEDRO DE JESÚS RUANO MARROQUIN,DIVERSIFICADO,OFICIAL,URBANA,ABIERTA,MONOLINGUE,VESPERTINA,DIARIO(REGULAR),CHIMALTENANGO
04-15-0014-46,04-008,CHIMALTENANGO,ZARAGOZA,"LICEO BILINGUE ""LOS ANGELES""",1A. AVENIDA 3-56 ZONA 2,56921944,CORINA ARGELIA RODAS SERRANO,DORCAS FRANCISCA LÓPEZ MELÉNDEZ,DIVERSIFICADO,PRIVADO,URBANA,ABIERTA,MONOLINGUE,MATUTINA,DIARIO(REGULAR),CHIMALTENANGO
04-15-0015-46,04-008,CHIMALTENANGO,ZARAGOZA,INSTITUTO TECNICO INDUSTRIAL ZARAGOZA DE HEREDIA,2A. CALLE 1-34 ZONA 1,78305941,CORINA ARGELIA RODAS SERRANO,TEODORA ELIZABETH FIGUEROA GUERRA,DIVERSIFICADO,PRIVADO,URBANA,ABIERTA,MONOLINGUE,DOBLE,DIARIO(REGULAR),CHIMALTENANGO
04-15-0021-46,04-008,CHIMALTENANGO,ZARAGOZA,INSTITUTO TÉCNICO INDUSTRIAL ZARAGOZA DE HEREDIA,2A. CALLE 1-34 ZONA 1,78305941,CORINA ARGELIA RODAS SERRANO,TEODORA ELIZABETH FIGUEROA GUERRA,DIVERSIFICADO,PRIVADO,URBANA,ABIERTA,MONOLINGUE,VESPERTINA,DIARIO(REGULAR),CHIMALTENANGO
04-15-0023-46,04-008,CHIMALTENANGO,ZARAGOZA,INSTITUTO TÉCNICO INDUSTRIAL ZARAGOZA DE HEREDIA,2A. CALLE 1-34 ZONA 1,78305941,CORINA ARGELIA RODAS SERRANO,TEODORA ELIZABETH FIGUEROA GUERRA,DIVERSIFICADO,PRIVADO,URBANA,ABIERTA,MONOLINGUE,DOBLE,FIN DE SEMANA,CHIMALTENANGO
04-15-0039-46,04-008,CHIMALTENANGO,ZARAGOZA,"COLEGIO ACADEMIA INTERNACIONAL DE ""ALTOS SUEÑOS""",ALDEA TULULCHE,49030549,CORINA ARGELIA RODAS SERRANO,DEBORA JULISSA BRIZUELA MINDIZ,DIVERSIFICADO,PRIVADO,RURAL,ABIERTA,MONOLINGUE,MATUTINA,DIARIO(REGULAR),CHIMALTENANGO
04-15-0043-46,04-008,CHIMALTENANGO,ZARAGOZA,LICEO CRISTIANO MONTE SIÓN,1A. AVENIDA 3-56 ZONA 2,42256175,CORINA ARGELIA RODAS SERRANO,JERSON DANILO MARROQUIN,DIVERSIFICADO,PRIVADO,URBANA,ABIERTA,MONOLINGUE,DOBLE,FIN DE SEMANA,CHIMALTENANGO
04-15-0044-46,04-008,CHIMALTENANGO,ZARAGOZA,"LICEO BILINGÜE ""LOS ANGELES""",1ERA. AVENIDA 3-56 ZONA 2,56921944,CORINA ARGELIA RODAS SERRANO,DORCAS FRANCISCA LÓPEZ MELÉNDEZ,DIVERSIFICADO,PRIVADO,URBANA,ABIERTA,MONOLINGUE,DOBLE,DIARIO(REGULAR),CHIMALTENANGO
04-15-0046-46,04-008,CHIMALTENANGO,ZARAGOZA,LICEO CRISTIANO MONTE SIÓN,1A. AVENIDA 3-56 ZONA 2,42256175,CORINA ARGELIA RODAS SERRANO,JERSON DANILO MARROQUIN,DIVERSIFICADO,PRIVADO,URBANA,ABIERTA,MONOLINGUE,SIN JORNADA,SEMIPRESENCIAL (DOS DÍAS A LA SEMANA),CHIMALTENANGO
04-15-0059-46,04-008,CHIMALTENANGO,ZARAGOZA,"CENTRO EDUCATIVO BILINGÜE ""SANTA MARÍA DE LA ESPERANZA""",2DA. CALLE 2-71 ZONA 1,54380759,CORINA ARGELIA RODAS SERRANO,CINDY MILADY ARGUETA GUERRA,DIVERSIFICADO,PRIVADO,URBANA,ABIERTA,MONOLINGUE,VESPERTINA,DIARIO(REGULAR),CHIMALTENANGO
04-15-0061-46,04-008,CHIMALTENANGO,ZARAGOZA,"CENTRO EDUCATIVO BILINGÜE ""SANTA MARÍA DE LA ESPERANZA""",2DA. CALLE 2-71 ZONA 1,54380759,CORINA ARGELIA RODAS SERRANO,CINDY MILADY ARGUETA GUERRA,DIVERSIFICADO,PRIVADO,URBANA,ABIERTA,MONOLINGUE,SIN JORNADA,SEMIPRESENCIAL (DOS DÍAS A LA SEMANA),CHIMALTENANGO
04-15-0063-46,04-008,CHIMALTENANGO,ZARAGOZA,LICEO CRISTIANO MONTE SIÓN,"1A. AVENIDA, 3-56 ZONA 2",42256175,CORINA ARGELIA RODAS SERRANO,JERSON DANILO MARROQUIN,DIVERSIFICADO,PRIVADO,URBANA,ABIERTA,MONOLINGUE,DOBLE,VIRTUAL A DISTANCIA,CHIMALTENANGO
04-15-0732-46,04-008,CHIMALTENANGO,ZARAGOZA,"ESCUELA DE CIENCIAS COMERCIALES POR COOPERATIVA DE ENSEÑANZA ""LIC. CARLOS ABILIO GIRÓN NORIEGA""",1A. AVENIDA 7-59 ZONA 1,78305785,CORINA ARGELIA RODAS SERRANO,HECTOR ENRIQUE OVALLE PORRAS,DIVERSIFICADO,COOPERATIVA,URBANA,ABIERTA,MONOLINGUE,VESPERTINA,DIARIO(REGULAR),CHIMALTENANGO
04-16-0005-46,04-024,CHIMALTENANGO,EL TEJAR,"INSTITUTO NACIONAL DE EDUCACIÓN DIVERSIFICADA ""SANTO DOMINGO""",LOMAS DEL PERICÓN,58207372,LUIS FERNANDO MÉNDEZ GUDIEL,MILVIA ELIZABETH VENTURA SINAY,DIVERSIFICADO,OFICIAL,URBANA,ABIERTA,MONOLINGUE,MATUTINA,DIARIO(REGULAR),CHIMALTENANGO
04-16-0032-46,04-024,CHIMALTENANGO,EL TEJAR,"CENTRO EDUCATIVO CRISTIANO ""NUEVA VISIÓN""",3RA CALLE 5-49 ZONA 1,77251688,LUIS FERNANDO MÉNDEZ GUDIEL,MAYORI MABEL JUÁREZ CHAJÓN,DIVERSIFICADO,PRIVADO,URBANA,ABIERTA,MONOLINGUE,VESPERTINA,DIARIO(REGULAR),CHIMALTENANGO
04-16-0034-46,04-024,CHIMALTENANGO,EL TEJAR,"COLEGIO MIXTO EN COMPUTACIÓN ""MORAZAN""","CALLE REAL BARRIO LA CUESTECITA, ALDEA SAN MIGUEL MORAZAN",52932174,LUIS FERNANDO MÉNDEZ GUDIEL,ANGÉLICA DEL ROSARIO PATZÁN QUISQUE,DIVERSIFICADO,PRIVADO,RURAL,ABIERTA,MONOLINGUE,DOBLE,SEMIPRESENCIAL,CHIMALTENANGO
04-16-0035-46,04-024,CHIMALTENANGO,EL TEJAR,"COLEGIO MIXTO EN COMPUTACIÓN ""MORAZAN""","CALLE REAL,BARRIO LA CUESTECITA, ALDEA SAN MIGUEL MORAZAN",52932174,LUIS FERNANDO MÉNDEZ GUDIEL,ANGELICA DEL ROSARIO PATZAN QUISQUE,DIVERSIFICADO,PRIVADO,RURAL,ABIERTA,MONOLINGUE,SIN JORNADA,SEMIPRESENCIAL (DOS DÍAS A LA SEMANA),CHIMALTENANGO
04-16-0037-46,04-024,CHIMALTENANGO,EL TEJAR,COLEGIO BILINGÜE J.E.T.,"FINCA ENON, ALDEA SANTO DOMINGO",41609934,LUIS FERNANDO MÉNDEZ GUDIEL,DEIDRA ANN TAYLOR,DIVERSIFICADO,PRIVADO,RURAL,ABIERTA,MONOLINGUE,MATUTINA,DIARIO(REGULAR),CHIMALTENANGO
04-16-0038-46,04-024,CHIMALTENANGO,EL TEJAR,COLEGIO BILINGÜE J.E.T.,"FINCA ENON, ALDEA SANTO DOMINGO",41609934,LUIS FERNANDO MÉNDEZ GUDIEL,DEIDRA ANN TAYLOR,DIVERSIFICADO,PRIVADO,RURAL,ABIERTA,MONOLINGUE,DOBLE,DIARIO(REGULAR),CHIMALTENANGO
04-16-2325-46,04-024,CHIMALTENANGO,EL TEJAR,INSTITUTO MIXTO DE EDUCACIÓN DIVERSIFICADA POR COOPERATIVA,"3A. AVENIDA A 2-00, ZONA 1",78490360,LUIS FERNANDO MÉNDEZ GUDIEL,AURA MARITZA ARRIOLA RONQUILLO,DIVERSIFICADO,COOPERATIVA,URBANA,ABIERTA,MONOLINGUE,NOCTURNA,DIARIO(REGULAR),CHIMALTENANGO
,,,,,,,,,,,,,,,,
,,,,,,,,,,,,,,,,
304 Establecimientos encontrados,,,,,,,,,,,,,,,,
,,,,,,,,,,,,,,,,
"Ministerio de Educación, Copyright © 2,012",,Aviso Legal | Términos y Condiciones | Contacto ,,,,,,,,,,,,,,
