,[ e-Servicios ],,,,,,,,,,,,,,,
,Búsqueda de centros educativos autorizados por el Mineduc y carreras que pueden impartir.,,,,,,,,,,,,,,,
,,,,,,,,,,,,,,,,
,  ,,,,,,,,,,,,,,,
Importante:,,,,,,,,,,,,,,,,
,,,,,,,,,,,,,,,,
"Para una mejor búsqueda puede seleccionar el departamento y municipio, con base a la ubicación del centro educativo, ingresando el código del establecimiento separado por guiones o el nombre completo o parte de él.",,,,,,,,,,,,,,,,
,,,,,,,,,,,,,,,,
"Un centro educativo puede contar con uno o más códigos de acuerdo con los servicios educativos autorizados (nivel, plan o jornada).",,,,,,,,,,,,,,,,
,,,,,,,,,,,,,,,,
"Las carreras pueden visualizarse únicamente en los códigos de centros educativos que tienen autorizado el Nivel de Educación Media, Ciclo de Educación Diversificada.",,,,,,,,,,,,,,,,
,,,,,,,,,,,,,,,,
Para visualizar las carreras autorizadas a un centro educativo seleccione el Nivel Escolar: Diversificado.,,,,,,,,,,,,,,,,
,,,,,,,,,,,,,,,,
Departamento,Municipio,,,,,,,,,,,,,,,
,,,,,,,,,,,,,,,,
Nivel Escolar,,,,,,,,,,,,,,,,
Sector,,,,,,,,,,,,,,,,
Plan,Modalidad,,,,,,,,,,,,,,,
,,,,,,,,,,,,,,,,
Código (##-##-####-##),,,,,,,,,,,,,,,,
Nombre,,,,,,,,,,,,,,,,
Dirección,,,,,,,,,,,,,,,,
,,,,,,,,,,,,,,,,
,,,,,,,,,,,,,,,,
CODIGO,DISTRITO,DEPARTAMENTO,MUNICIPIO,ESTABLECIMIENTO,DIRECCION,TELEFONO,SUPERVISOR,DIRECTOR,NIVEL,SECTOR,AREA,STATUS,MODALIDAD,JORNADA,PLAN,DEPARTAMENTAL
02-01-0027-46,02-014,EL PROGRESO,GUASTATOYA,INSTITUTO TECNICO INDUSTRIAL MIXTO GUASTATOYA,BARRIO EL CALVARIO,79450881,CARLA MARLENY ALDANA RODAS,JOSÉ ARTURO LÓPEZ ORTIZ,DIVERSIFICADO,OFICIAL,URBANA,ABIERTA,MONOLINGUE,DOBLE,DIARIO(REGULAR),EL PROGRESO
02-01-0028-46,02-014,EL PROGRESO,GUASTATOYA,COLEGIO DE CIENCIAS COMERCIALES EL PROGRESO,BARRIO EL PORVENIR,79451265,CARLA MARLENY ALDANA RODAS,DANIEL LÓPEZ SOLÍS,DIVERSIFICADO,PRIVADO,URBANA,ABIERTA,MONOLINGUE,MATUTINA,DIARIO(REGULAR),EL PROGRESO
02-01-0031-46,02-014,EL PROGRESO,GUASTATOYA,INSTITUTO NACIONAL DE EDUCACION DIVERSIFICADA,BARRIO EL PORVENIR,54422753,CARLA MARLENY ALDANA RODAS,ILIANA ARACELY LÁZARO HERNÁNDEZ,DIVERSIFICADO,OFICIAL,URBANA,ABIERTA,MONOLINGUE,VESPERTINA,DIARIO(REGULAR),EL PROGRESO
02-01-0045-46,02-014,EL PROGRESO,GUASTATOYA,INSTITUTO DE EDUCACIÓN MEDIA POR MADUREZ,BARRIO EL PORVENIR,56719955,CARLA MARLENY ALDANA RODAS,NORA REBECA IBAÑEZ MORÁN,DIVERSIFICADO,PRIVADO,URBANA,ABIERTA,MONOLINGUE,DOBLE,FIN DE SEMANA,EL PROGRESO
02-01-0049-46,02-021,EL PROGRESO,GUASTATOYA,CENTRO MUNICIPAL DE EDUCACIÓN EXTRAESCOLAR -CEEX-,COLONIA LINDA VISTA,58250827,MARTA ELIDA CARIAS HERNANDEZ DE GARCIA,SANDRA PAOLA MORALES GARCÍA,DIVERSIFICADO,MUNICIPAL,RURAL,ABIERTA,MONOLINGUE,DOBLE,FIN DE SEMANA,EL PROGRESO
02-01-0054-46,02-012,EL PROGRESO,GUASTATOYA,COLEGIO EVANGELICO TORRE FUERTE,"COLONIA HICHOS, BARRIO EL PORVENIR",79451993,CARLOTA EUGENIA ALBUREZ AGUILAR,IRIS ORFELÍ LOAIZA MOSCOSO,DIVERSIFICADO,PRIVADO,URBANA,ABIERTA,MONOLINGUE,VESPERTINA,DIARIO(REGULAR),EL PROGRESO
02-01-0061-46,02-021,EL PROGRESO,GUASTATOYA,PROGRAMA NACIONAL DE EDUCACIÓN ALTERNATIVA -PRONEA-,BARRIO LAS JOYAS CEMENTERIO VIEJO,79637575,MARTA ELIDA CARIAS HERNANDEZ DE GARCIA,MARTA ELIDA CARIAS,DIVERSIFICADO,OFICIAL,URBANA,ABIERTA,MONOLINGUE,DOBLE,A DISTANCIA,EL PROGRESO
02-01-0062-46,02-021,EL PROGRESO,GUASTATOYA,CENTRO DE EDUCACIÓN EXTRAESCOLAR -CEEX- DEPARTAMENTAL,"BARRIO LAS JOYAS, CEMENTERIO VIEJO",37962236,MARTA ELIDA CARIAS HERNANDEZ DE GARCIA,HELLEN CELESTE MARROQUIN CORADO,DIVERSIFICADO,OFICIAL,URBANA,ABIERTA,MONOLINGUE,DOBLE,DIARIO(REGULAR),EL PROGRESO
02-01-0066-46,02-012,EL PROGRESO,GUASTATOYA,COLEGIO MIXTO INTEGRAL EL PROGRESO,"COLONIA HICHOS, BARRIO EL PORVENIR",47406758,CARLOTA EUGENIA ALBUREZ AGUILAR,DELFINA MARISOL PAZOS RAMOS,DIVERSIFICADO,PRIVADO,URBANA,ABIERTA,MONOLINGUE,MATUTINA,DIARIO(REGULAR),EL PROGRESO
02-01-0068-46,02-012,EL PROGRESO,GUASTATOYA,COLEGIO MIXTO INTEGRAL EL PROGRESO,COLONIA HICHOS BARRIO EL PORVENIR GUASTATOYA,47406758,CARLOTA EUGENIA ALBUREZ AGUILAR,DELFINA MARISOL PAZOS RAMOS,DIVERSIFICADO,PRIVADO,URBANA,ABIERTA,MONOLINGUE,DOBLE,FIN DE SEMANA,EL PROGRESO
02-01-0069-46,02-012,EL PROGRESO,GUASTATOYA,COLEGIO MIXTO INTEGRAL EL PROGRESO,COLONI A HICHOS,47406758,CARLOTA EUGENIA ALBUREZ AGUILAR,DELFINA MARISOL PAZOS RAMOS,DIVERSIFICADO,PRIVADO,URBANA,ABIERTA,MONOLINGUE,DOBLE,FIN DE SEMANA,EL PROGRESO
02-01-0071-46,02-014,EL PROGRESO,GUASTATOYA,INSTITUTO DE EDUCACION MEDIA POR MADUREZ,COLONIA NUEVA VIDA,42353730,CARLA MARLENY ALDANA RODAS,NORA REBECA IBAÑEZ MORÁN,DIVERSIFICADO,PRIVADO,URBANA,ABIERTA,MONOLINGUE,SIN JORNADA,SEMIPRESENCIAL (FIN DE SEMANA),EL PROGRESO
02-01-0073-46,02-014,EL PROGRESO,GUASTATOYA,COLEGIO EDUCARE,BARRIO EL PROVENIR --,77648671,CARLA MARLENY ALDANA RODAS,HERLINDA EUNICE MORALES OLIVA,DIVERSIFICADO,PRIVADO,URBANA,ABIERTA,MONOLINGUE,MATUTINA,DIARIO(REGULAR),EL PROGRESO
02-01-0075-46,02-012,EL PROGRESO,GUASTATOYA,COLEGIO MIXTO INTEGRAL EL PROGRESO,"COLONIA HICHOS, BARRIO EL PORVENIR GUASTATOYA EL PROGRESO",47406758,CARLOTA EUGENIA ALBUREZ AGUILAR,DELFINA MARISOL PAZOS RAMOS,DIVERSIFICADO,PRIVADO,URBANA,ABIERTA,MONOLINGUE,DOBLE,FIN DE SEMANA,EL PROGRESO
02-01-0252-46,02-014,EL PROGRESO,GUASTATOYA,COLEGIO DE CIENCIAS COMERCIALES EL PROGRESO,BARRIO EL PORVENIR,79451265,CARLA MARLENY ALDANA RODAS,DANIEL LÓPEZ SOLÍS,DIVERSIFICADO,PRIVADO,URBANA,ABIERTA,MONOLINGUE,MATUTINA,DIARIO(REGULAR),EL PROGRESO
02-01-0562-46,02-012,EL PROGRESO,GUASTATOYA,COLEGIO DE APLICACIONES INTEGRADAS GUASTATOYA,BARRIO EL PORVENIR,79450840,CARLOTA EUGENIA ALBUREZ AGUILAR,BRENDA AZUCENA VALIENTE ARREAGA,DIVERSIFICADO,PRIVADO,URBANA,ABIERTA,MONOLINGUE,MATUTINA,DIARIO(REGULAR),EL PROGRESO
02-01-0607-46,02-012,EL PROGRESO,GUASTATOYA,INSTITUTO DIVERSIFICADO POR COOPERATIVA,BARRIO EL PORVENIR,79452363,CARLOTA EUGENIA ALBUREZ AGUILAR,NINFA GRACIELA MANRIQUEZ CALDERA,DIVERSIFICADO,COOPERATIVA,URBANA,ABIERTA,MONOLINGUE,VESPERTINA,DIARIO(REGULAR),EL PROGRESO
02-01-0665-46,02-014,EL PROGRESO,GUASTATOYA,ESCUELA NORMAL DE EDUCACION FISICA,BARRIO EL PORVENIR,79451457,CARLA MARLENY ALDANA RODAS,WALTER OSWALDO MORALES CATALÁN,DIVERSIFICADO,OFICIAL,URBANA,ABIERTA,MONOLINGUE,DOBLE,DIARIO(REGULAR),EL PROGRESO
02-01-0704-46,02-014,EL PROGRESO,GUASTATOYA,ESCUELA NORMAL INTERCULTURAL,BARRIO LAS JOYAS,79452399,CARLA MARLENY ALDANA RODAS,MARÍA MAGDALENA LÓPEZ PERDOMO,DIVERSIFICADO,OFICIAL,URBANA,ABIERTA,MONOLINGUE,DOBLE,DIARIO(REGULAR),EL PROGRESO
02-02-0004-46,02-002,EL PROGRESO,MORAZAN,INSTITUTO NACIONAL DE EDUCACION DIVERSIFICADA MORAZAN,BARRIO LAS DELICIAS,30138295,SILVIA CONSUELO GAMARRO HERRERA DE JUAREZ,CLAUDIA NINETH ALVÁREZ VÁSQUEZ,DIVERSIFICADO,OFICIAL,URBANA,ABIERTA,MONOLINGUE,MATUTINA,DIARIO(REGULAR),EL PROGRESO
02-02-0014-46,02-002,EL PROGRESO,MORAZAN,INSTITUTO DIVERSIFICADO POR COOPERATIVA,BARRIO LAS DELICIAS,79247700,SILVIA CONSUELO GAMARRO HERRERA DE JUAREZ,ISRAEL ROJAS ORDOÑEZ,DIVERSIFICADO,COOPERATIVA,URBANA,ABIERTA,MONOLINGUE,VESPERTINA,DIARIO(REGULAR),EL PROGRESO
02-02-0613-46,02-002,EL PROGRESO,MORAZAN,INSTITUTO DIVERSIFICADO POR COOPERATIVA,BARRIO LAS DELICIAS,79247700,SILVIA CONSUELO GAMARRO HERRERA DE JUAREZ,ISRAEL ROJAS ORDOÑEZ,DIVERSIFICADO,COOPERATIVA,URBANA,ABIERTA,MONOLINGUE,VESPERTINA,DIARIO(REGULAR),EL PROGRESO
02-03-0002-46,02-015,EL PROGRESO,SAN AGUSTIN ACASAGUASTLAN,"COLEGIO ""CENTRO DE FORMACION PROFESIONAL PRE-UNIVERSITARIA DEL CICLO DIVERSIFICADO""",BARRIO EL CENTRO,55866613,EDNA LILY ALDANA GODOY,HÉCTOR FRANCISCO DE LEÓN MURALLES,DIVERSIFICADO,PRIVADO,RURAL,ABIERTA,MONOLINGUE,VESPERTINA,DIARIO(REGULAR),EL PROGRESO
02-03-0003-46,02-015,EL PROGRESO,SAN AGUSTIN ACASAGUASTLAN,"COLEGIO ""CENTRO DE FORMACION PROFESIONAL PREUNIVERSITARIA DEL CICLO DIVERSIFICADO""",BARRIO EL CENTRO,59787086,EDNA LILY ALDANA GODOY,HÉCTOR FRANCISCO DE LEÓN MURALLES,DIVERSIFICADO,PRIVADO,RURAL,ABIERTA,MONOLINGUE,MATUTINA,DIARIO(REGULAR),EL PROGRESO
02-03-0004-46,02-015,EL PROGRESO,SAN AGUSTIN ACASAGUASTLAN,"COLEGIO ""CENTRO DE FORMACION PROFESIONAL PRE-UNIVERSITARIA DEL CICLO DIVERSIFICADO""",BARRIO EL CENTRO,56389671,EDNA LILY ALDANA GODOY,HÉCTOR FRANCISCO DE LEÓN MURALLES,DIVERSIFICADO,PRIVADO,RURAL,ABIERTA,MONOLINGUE,DOBLE,FIN DE SEMANA,EL PROGRESO
02-03-0021-46,02-013,EL PROGRESO,SAN AGUSTIN ACASAGUASTLAN,INSTITUTO NACIONAL DE EDUCACION DIVERSIFICADA,BARRIO AGUA HIEL,31790028,JOHANA MAYBELLÍ DÍAZ MARTTÍNEZ,ANA LUCRECIA LÓPEZ MARROQUÍN,DIVERSIFICADO,OFICIAL,URBANA,ABIERTA,MONOLINGUE,MATUTINA,DIARIO(REGULAR),EL PROGRESO
02-03-0022-46,02-013,EL PROGRESO,SAN AGUSTIN ACASAGUASTLAN,INSTITUTO NACIONAL DE EDUCACION DIVERSIFICADA,ALDEA EL RANCHO,48039407,JOHANA MAYBELLÍ DÍAZ MARTTÍNEZ,NERY RENÉ ORTEGA VALIENTE,DIVERSIFICADO,OFICIAL,RURAL,ABIERTA,MONOLINGUE,VESPERTINA,DIARIO(REGULAR),EL PROGRESO
02-03-0050-46,02-015,EL PROGRESO,SAN AGUSTIN ACASAGUASTLAN,CENTRO EDUCATIVO PRIVADO MIXTO ACAZAU-AZTLAN,BARRIO GUAYTAN,44807367,EDNA LILY ALDANA GODOY,ROSA DELIA MORALES BALCÁRCEL,DIVERSIFICADO,PRIVADO,URBANA,ABIERTA,MONOLINGUE,DOBLE,FIN DE SEMANA,EL PROGRESO
02-03-0054-46,02-015,EL PROGRESO,SAN AGUSTIN ACASAGUASTLAN,COLEGIO PRIVADO MIXTO DE EDUCACION BASICA SAN AGUSTIN ACASAGUASTLAN -COMEBSA-,BARRIO GUAYTAN,31511521,EDNA LILY ALDANA GODOY,AURA MARINA AGUILAR RAMIREZ,DIVERSIFICADO,PRIVADO,URBANA,ABIERTA,MONOLINGUE,DOBLE,FIN DE SEMANA,EL PROGRESO
02-03-0107-46,02-003,EL PROGRESO,SAN AGUSTIN ACASAGUASTLAN,"ESCUELA TÉCNICA PROFESIONAL ""MOISÉS LIRA SERAFIN""","CASERIO LAS CHAMPAS, ALDEA SANTA GERTRUDIS",47700271,EUNICE GUADALUPE NAJARRO JUAREZ,MARLEN KARINA ARANA GRIJALVA,DIVERSIFICADO,PRIVADO,RURAL,ABIERTA,MONOLINGUE,MATUTINA,DIARIO(REGULAR),EL PROGRESO
02-03-0109-46,02-003,EL PROGRESO,SAN AGUSTIN ACASAGUASTLAN,INSTITUTO NACIONAL DE EDUCACIÓN DIVERSIFICADA,ALDEA EL CONACASTE,58914882,EUNICE GUADALUPE NAJARRO JUAREZ,RONY ALBINO LÓPEZ CRÚZ,DIVERSIFICADO,OFICIAL,RURAL,ABIERTA,MONOLINGUE,VESPERTINA,DIARIO(REGULAR),EL PROGRESO
02-03-0112-46,02-003,EL PROGRESO,SAN AGUSTIN ACASAGUASTLAN,INSTITUTO NACIONAL DE EDUCACIÓN DIVERSIFICADA,ALDEA EL MORRO,47190600,EUNICE GUADALUPE NAJARRO JUAREZ,MARIBEL GERANDINA LIMA PORRAS,DIVERSIFICADO,OFICIAL,RURAL,ABIERTA,MONOLINGUE,MATUTINA,DIARIO(REGULAR),EL PROGRESO
02-03-0117-46,02-015,EL PROGRESO,SAN AGUSTIN ACASAGUASTLAN,CENTRO EDUCATIVO PRIVADO MIXTO ACAZAU-AZTLAN,BARRIO GUAYTAN,44807367,EDNA LILY ALDANA GODOY,BLANCA ROSELIA OLIVA RAMOS,DIVERSIFICADO,PRIVADO,URBANA,ABIERTA,MONOLINGUE,VESPERTINA,DIARIO(REGULAR),EL PROGRESO
02-03-0119-46,02-015,EL PROGRESO,SAN AGUSTIN ACASAGUASTLAN,COLEGIO EL SHADDAI,BARRIO RIO HATO,40953523,EDNA LILY ALDANA GODOY,ZONIA ELIZABEHT MARROQUÍN GUTIERREZ,DIVERSIFICADO,PRIVADO,URBANA,ABIERTA,MONOLINGUE,VESPERTINA,DIARIO(REGULAR),EL PROGRESO
02-03-0125-46,02-015,EL PROGRESO,SAN AGUSTIN ACASAGUASTLAN,COLEGIO EL SHADDAI,BARRIO RIO HATO,46413167,EDNA LILY ALDANA GODOY,ZONIA ELIZABEHT MARROQUÍN GUTIERREZ,DIVERSIFICADO,PRIVADO,URBANA,ABIERTA,MONOLINGUE,VESPERTINA,DIARIO(REGULAR),EL PROGRESO
02-03-0128-46,02-013,EL PROGRESO,SAN AGUSTIN ACASAGUASTLAN,INSTITUTO MUNICIPAL DE EDUCACIÓN DIVERSIFICADA,ALDEA TULUMAJILLO,49399416,JOHANA MAYBELLÍ DÍAZ MARTTÍNEZ,MARVIN AUGUSTO CORDOVA SÚCHITE,DIVERSIFICADO,MUNICIPAL,RURAL,ABIERTA,MONOLINGUE,VESPERTINA,DIARIO(REGULAR),EL PROGRESO
02-03-0133-46,02-003,EL PROGRESO,SAN AGUSTIN ACASAGUASTLAN,CENTRO EDUCATIVO PRIVADO MIXTO INNOVADOR,BARRIO GUAYTAN,42159528,EUNICE GUADALUPE NAJARRO JUAREZ,HEIDY CAROLINA LOPEZ,DIVERSIFICADO,PRIVADO,URBANA,ABIERTA,MONOLINGUE,VESPERTINA,DIARIO(REGULAR),EL PROGRESO
02-03-0134-46,02-003,EL PROGRESO,SAN AGUSTIN ACASAGUASTLAN,CENTRO EDUCATIVO PRIVADO MIXTO INNOVADOR,BARRIO GUAYTAN,42159528,EUNICE GUADALUPE NAJARRO JUAREZ,HEIDY CAROLINA LOPEZ,DIVERSIFICADO,PRIVADO,URBANA,ABIERTA,MONOLINGUE,DOBLE,FIN DE SEMANA,EL PROGRESO
02-03-0136-46,02-003,EL PROGRESO,SAN AGUSTIN ACASAGUASTLAN,CENTRO EDUCATIVO PRIVADO MIXTO INNOVADOR,BARRIO GUAYTAN,4215928,EUNICE GUADALUPE NAJARRO JUAREZ,HEIDY CAROLINA LOPEZ,DIVERSIFICADO,PRIVADO,URBANA,ABIERTA,MONOLINGUE,DOBLE,FIN DE SEMANA,EL PROGRESO
02-03-0142-46,02-015,EL PROGRESO,SAN AGUSTIN ACASAGUASTLAN,"COLEGIO TECNOLÓGICO ""JERUSALÉN""",BARRIO SAN SEBASTIAN,49870363,EDNA LILY ALDANA GODOY,EDGAR RAÚL SÁNCHEZ MORALES,DIVERSIFICADO,PRIVADO,URBANA,ABIERTA,MONOLINGUE,VESPERTINA,DIARIO(REGULAR),EL PROGRESO
02-03-0144-46,02-015,EL PROGRESO,SAN AGUSTIN ACASAGUASTLAN,"COLEGIO PRIVADO MIXTO DE EDUCACIÓN BÁSICA PLAN FIN DE SEMANA ""COMEBSA""",BARRIO SAN SEBASTIAN,79360679,EDNA LILY ALDANA GODOY,AURA MARINA AGUILAR RAMIREZ,DIVERSIFICADO,PRIVADO,URBANA,ABIERTA,MONOLINGUE,SIN JORNADA,SEMIPRESENCIAL (FIN DE SEMANA),EL PROGRESO
02-03-0146-46,02-003,EL PROGRESO,SAN AGUSTIN ACASAGUASTLAN,CENTRO EDUCATIVO PRIVADO MIXTO INNOVADOR,BARRIO GUAYTAN,54507272,EUNICE GUADALUPE NAJARRO JUAREZ,HEIDY CAROLINA LOPEZ,DIVERSIFICADO,PRIVADO,URBANA,ABIERTA,MONOLINGUE,SIN JORNADA,SEMIPRESENCIAL (FIN DE SEMANA),EL PROGRESO
02-03-0148-46,02-015,EL PROGRESO,SAN AGUSTIN ACASAGUASTLAN,"CENTRO EDUCATIVO PRIVADO MIXTO ""ACAZAUAZTLAN""",BARRIO SAN SEBASTIAN,79360581,EDNA LILY ALDANA GODOY,ROSA DELIA MORALES BALCÁRCEL,DIVERSIFICADO,PRIVADO,URBANA,ABIERTA,MONOLINGUE,SIN JORNADA,SEMIPRESENCIAL (FIN DE SEMANA),EL PROGRESO
02-03-0150-46,02-015,EL PROGRESO,SAN AGUSTIN ACASAGUASTLAN,COLEGIO CENTRO DE FORMACIÓN PROFESIONAL PRE-UNIVERISTARIA DEL CICLO DIVERSIFICADO,BARRIO EL CENTRO ALDEA EL RANCHO,59787086,EDNA LILY ALDANA GODOY,HÉCTOR FRANCISCO DE LEÓN MURALLES,DIVERSIFICADO,PRIVADO,RURAL,ABIERTA,MONOLINGUE,SIN JORNADA,SEMIPRESENCIAL (FIN DE SEMANA),EL PROGRESO
02-03-0157-46,02-015,EL PROGRESO,SAN AGUSTIN ACASAGUASTLAN,COLEGIO TECNOLÓGICO JERUSALÉN,BARRIO SAN SEBASTIAN SAN AGUSTIN ACASAGUASTLAN,79360679,EDNA LILY ALDANA GODOY,EDGAR RAÚL SÁNCHEZ MORALES,DIVERSIFICADO,PRIVADO,URBANA,ABIERTA,MONOLINGUE,VESPERTINA,DIARIO(REGULAR),EL PROGRESO
02-03-0158-46,02-015,EL PROGRESO,SAN AGUSTIN ACASAGUASTLAN,COLEGIO TECNOLÓGICO JERUSALÉN,BARRIO SAN SEBASTIAN SAN AGUSTIN ACASAGUASTLAN,79360679,EDNA LILY ALDANA GODOY,EDGAR RAÚL SÁNCHEZ MORALES,DIVERSIFICADO,PRIVADO,URBANA,ABIERTA,MONOLINGUE,VESPERTINA,DIARIO(REGULAR),EL PROGRESO
02-03-0159-46,02-015,EL PROGRESO,SAN AGUSTIN ACASAGUASTLAN,"COLEGIO PRIVADO MIXTO DE EDUCACIÓN BÁSICA PLAN FIN DE SEMANA ""COMEBSA""",BARRIO SAN SEBASTIAN SAN AGUSTIN ACASAGUASTLAN,79360679,EDNA LILY ALDANA GODOY,AURA MARINA AGUILAR RAMIREZ,DIVERSIFICADO,PRIVADO,URBANA,ABIERTA,MONOLINGUE,DOBLE,FIN DE SEMANA,EL PROGRESO
02-03-0162-46,02-015,EL PROGRESO,SAN AGUSTIN ACASAGUASTLAN,CENTRO EDUCATIVO PRIVADO MIXTO ACAZAU-AZTLAN,BARRIO SAN SEBASTIAN SAN AGUSTIN ACASAGUASTLAN,56508470,EDNA LILY ALDANA GODOY,BLANCA ROSELIA OLIVA RAMOS,DIVERSIFICADO,PRIVADO,URBANA,ABIERTA,MONOLINGUE,VESPERTINA,DIARIO(REGULAR),EL PROGRESO
02-03-0163-46,02-015,EL PROGRESO,SAN AGUSTIN ACASAGUASTLAN,CENTRO EDUCATIVO PRIVADO MIXTO ACAZAU-AZTLAN,BARRIO SAN SEBASTIAN SAN AGUSTIN ACASAGUASTLAN,30528878,EDNA LILY ALDANA GODOY,ROSA DELIA MORALES BALCÁRCEL,DIVERSIFICADO,PRIVADO,URBANA,ABIERTA,MONOLINGUE,DOBLE,FIN DE SEMANA,EL PROGRESO
02-03-0164-46,02-015,EL PROGRESO,SAN AGUSTIN ACASAGUASTLAN,CENTRO EDUCATIVO PRIVADO MIXTO ACAZAU-AZTLAN,BARRIO SAN SEBASTIAN SAN AGUSTIN ACASAGUASTLAN,30528878,EDNA LILY ALDANA GODOY,ROSA DELIA MORALES BALCARCEL,DIVERSIFICADO,PRIVADO,URBANA,ABIERTA,MONOLINGUE,SIN JORNADA,SEMIPRESENCIAL (FIN DE SEMANA),EL PROGRESO
02-03-0167-46,02-015,EL PROGRESO,SAN AGUSTIN ACASAGUASTLAN,INSTITUTO NACIONAL DE EDUCACIÓN DIVERSIFICADA,ALDEA TECUIZ,55128751,EDNA LILY ALDANA GODOY,MILDRED CECILIA CRÚZ LARIOS,DIVERSIFICADO,OFICIAL,RURAL,ABIERTA,MONOLINGUE,MATUTINA,DIARIO(REGULAR),EL PROGRESO
02-03-0599-46,02-003,EL PROGRESO,SAN AGUSTIN ACASAGUASTLAN,"INSTITUTO DIVERSIFICADO POR COOPERATIVA ""SAN AGUSTIN ACASAGUASTLAN""",BARRIO GUAYTAN ARRIBA,79360629,EUNICE GUADALUPE NAJARRO JUAREZ,MARÍA EUGENIA VARGAS PAÍZ,DIVERSIFICADO,COOPERATIVA,URBANA,ABIERTA,MONOLINGUE,VESPERTINA,DIARIO(REGULAR),EL PROGRESO
02-03-0719-46,02-003,EL PROGRESO,SAN AGUSTIN ACASAGUASTLAN,ESCUELA TECNICA PROFESIONAL MOISES LIRA SERAFIN,CASERIO LAS CHAMPAS ALDEA SANTA GERTRUDIS,47700271,EUNICE GUADALUPE NAJARRO JUAREZ,MARLEN KARINA ARANA GRIJALVA,DIVERSIFICADO,PRIVADO,RURAL,ABIERTA,MONOLINGUE,DOBLE,FIN DE SEMANA,EL PROGRESO
02-04-0004-46,02-004,EL PROGRESO,SAN CRISTOBAL ACASAGUASTLAN,INSTITUTO NACIONAL DE EDUCACION DIVERSIFICADA,CABECERA MUNICIPAL,58737848,EDGAR RUDY MORALES GODINEZ,LISBETH MARIELA ALDANA JUAREZ,DIVERSIFICADO,OFICIAL,URBANA,ABIERTA,MONOLINGUE,VESPERTINA,DIARIO(REGULAR),EL PROGRESO
02-04-0014-46,02-004,EL PROGRESO,SAN CRISTOBAL ACASAGUASTLAN,COLEGIO CRISTIANO BEREA PASTOR ERWIN ALBERTO REYES ALVARADO,ALDEA ESTANCIA DE LA VIRGEN,52107093,EDGAR RUDY MORALES GODINEZ,MARÍA YOLANDA PAZ Y PAZ,DIVERSIFICADO,PRIVADO,RURAL,ABIERTA,MONOLINGUE,VESPERTINA,DIARIO(REGULAR),EL PROGRESO
02-04-0419-46,02-004,EL PROGRESO,SAN CRISTOBAL ACASAGUASTLAN,INSTITUTO MIXTO PRIVADO SAN CRISTOBAL,AVENIDA JUAN ANTONIO,55141140,EDGAR RUDY MORALES GODINEZ,EVERILDO BAILÓN MORALES,DIVERSIFICADO,PRIVADO,URBANA,ABIERTA,MONOLINGUE,VESPERTINA,DIARIO(REGULAR),EL PROGRESO
02-05-0008-46,02-019,EL PROGRESO,EL JICARO,INSTITUTO NACIONAL DE EDUCACION DIVERSIFICADA,BARRIO BUENOS ARIES,56999635,JACKSON AMAGGI MORALES MACAL,MARTHA YESSENIA MACAL ALDANA,DIVERSIFICADO,OFICIAL,URBANA,ABIERTA,MONOLINGUE,MATUTINA,DIARIO(REGULAR),EL PROGRESO
02-05-0013-46,02-019,EL PROGRESO,EL JICARO,INSTITUTO MUNICIPAL DE EL PASO DE LOS JALAPAS,ALDEA EL PASO DE LOS JALAPAS,44388320,JACKSON AMAGGI MORALES MACAL,KARLA JUDITH MEJÍA VARGAS,DIVERSIFICADO,MUNICIPAL,RURAL,ABIERTA,MONOLINGUE,VESPERTINA,DIARIO(REGULAR),EL PROGRESO
02-05-0017-46,02-019,EL PROGRESO,EL JICARO,INSTITUTO MUNICIPAL DE EDUCACIÓN DIVERSIFICADA,BARRIO BUENOS AIRES,43728224,JACKSON AMAGGI MORALES MACAL,LILIAN MELISSA LUNA LÓPEZ,DIVERSIFICADO,MUNICIPAL,URBANA,ABIERTA,MONOLINGUE,MATUTINA,DIARIO(REGULAR),EL PROGRESO
02-05-0018-46,02-019,EL PROGRESO,EL JICARO,INSTITUTO NACIONAL TECNOLÓGICO DE EDUCACIÓN DIVERSIFICADA DE EL JÍCARO,BARRIO BUENOS AIRES,3033,JACKSON AMAGGI MORALES MACAL,MANFREDO HUMBERTO GARCÍA ORTIZ,DIVERSIFICADO,OFICIAL,URBANA,ABIERTA,MONOLINGUE,DOBLE,DIARIO(REGULAR),EL PROGRESO
02-05-0019-46,02-019,EL PROGRESO,EL JICARO,INSTITUTO DE EDUCACIÓN BÁSICA Y BACHILLERATO POR MADUREZ,JICARO,56476148,JACKSON AMAGGI MORALES MACAL,WENDY PRIMAVERA VARGAS SALGUERO,DIVERSIFICADO,PRIVADO,URBANA,ABIERTA,MONOLINGUE,SIN JORNADA,SEMIPRESENCIAL (FIN DE SEMANA),EL PROGRESO
02-05-0664-46,02-019,EL PROGRESO,EL JICARO,INSTITUTO DIVERSIFICADO POR COOPERATIVA,BARRIO BUENOS AIRES,30082063,JACKSON AMAGGI MORALES MACAL,BRAYAN RAMIRO GARCÍA MATÍAS,DIVERSIFICADO,COOPERATIVA,URBANA,ABIERTA,MONOLINGUE,VESPERTINA,DIARIO(REGULAR),EL PROGRESO
02-05-0687-46,02-019,EL PROGRESO,EL JICARO,COLEGIO CRISTIANO NUEVA JERUSALEN,BARRIO BUENOS AIRES,54608062,JACKSON AMAGGI MORALES MACAL,JORGE MARIO RAMÍREZ LÓPEZ,DIVERSIFICADO,PRIVADO,URBANA,ABIERTA,MONOLINGUE,VESPERTINA,DIARIO(REGULAR),EL PROGRESO
02-06-0005-46,02-022,EL PROGRESO,SANSARE,INSTITUTO NACIONAL DE EDUCACION DIVERSIFICADA,BARRIO PUEBLO ARRIBA,54689593,LUZ ELENA MORALES DE PAZ DE CARDONA,MARTA ALICIA SOSA CASTAÑEDA,DIVERSIFICADO,OFICIAL,URBANA,ABIERTA,MONOLINGUE,VESPERTINA,DIARIO(REGULAR),EL PROGRESO
02-06-0013-46,02-022,EL PROGRESO,SANSARE,INSTITUTO MUNICIPAL DE EDUCACIÓN DIVERSIFICADA,ALDEA LOS CERRITOS,50135758,LUZ ELENA MORALES DE PAZ DE CARDONA,BRENDA CARINA MURALLES PEREZ,DIVERSIFICADO,MUNICIPAL,RURAL,ABIERTA,MONOLINGUE,MATUTINA,DIARIO(REGULAR),EL PROGRESO
02-06-0014-46,02-022,EL PROGRESO,SANSARE,COLEGIO SAGRADO CORAZÓN DE JESÚS Y MARÍA,BARRIO PUEBLO ABAJO,56333236,LUZ ELENA MORALES DE PAZ DE CARDONA,MARTA DOLORES NORIEGA BÓLERES,DIVERSIFICADO,PRIVADO,URBANA,ABIERTA,MONOLINGUE,VESPERTINA,DIARIO(REGULAR),EL PROGRESO
02-06-0018-46,02-020,EL PROGRESO,SANSARE,INSTITUTO NACIONAL DE EDUCACIÓN DIVERSIFICADA,ALDEA POZA VERDE,55156986,ARISTIDES CABRERA ROMERO,LIGIA MABILIA MARROQUIN DE CARRANZA,DIVERSIFICADO,OFICIAL,RURAL,ABIERTA,MONOLINGUE,VESPERTINA,DIARIO(REGULAR),EL PROGRESO
02-06-0020-46,02-020,EL PROGRESO,SANSARE,COLEGIO SAGRADO CORAZÓN DE JESÚS Y MARÍA,BARRIO PUEBLO ABAJO,79243482,ARISTIDES CABRERA ROMERO,MARTA NORIEGA,DIVERSIFICADO,PRIVADO,URBANA,ABIERTA,MONOLINGUE,DOBLE,FIN DE SEMANA,EL PROGRESO
02-06-0021-46,02-020,EL PROGRESO,SANSARE,COLEGIO SAGRADO CORAZÓN DE JESÚS Y MARÍA,BARRIO PUEBLO ABAJO,79243482,ARISTIDES CABRERA ROMERO,MARTA NOREIGA,DIVERSIFICADO,PRIVADO,URBANA,ABIERTA,MONOLINGUE,DOBLE,FIN DE SEMANA,EL PROGRESO
02-06-0022-46,02-020,EL PROGRESO,SANSARE,COLEGIO SAGRADO CORAZÓN DE JÉSUS Y MARÍA,BARRIO PUEBLO ABAJO,79243482,ARISTIDES CABRERA ROMERO,MARTA DOLORES NORIEGA BÓLERES,DIVERSIFICADO,PRIVADO,URBANA,ABIERTA,MONOLINGUE,DOBLE,FIN DE SEMANA,EL PROGRESO
02-06-0024-46,02-020,EL PROGRESO,SANSARE,INSTITUTO MUNICIPAL DE EDUCACIÓN BÁSICA Y BACHILLERATO POR MADUREZ,SALIDA ALDEA BUENA VISTA,42364577,ARISTIDES CABRERA ROMERO,JUAN CARLOS RUANO TÉLLEZ,DIVERSIFICADO,MUNICIPAL,URBANA,ABIERTA,MONOLINGUE,SIN JORNADA,SEMIPRESENCIAL (FIN DE SEMANA),EL PROGRESO
02-06-0154-46,02-020,EL PROGRESO,SANSARE,CENTRO EDUCATIVO LICEO SANSARE,SANSARE,54200599,ARISTIDES CABRERA ROMERO,ONEIDA LÓPEZ CARDONA,DIVERSIFICADO,PRIVADO,URBANA,ABIERTA,MONOLINGUE,VESPERTINA,DIARIO(REGULAR),EL PROGRESO
02-06-0716-46,02-022,EL PROGRESO,SANSARE,INSTITUTO DIVERSIFICADO POR COOPERATIVA SANSARE,SALIDA A BUENA VISTA,58145679,LUZ ELENA MORALES DE PAZ DE CARDONA,MIRELLA YAMILETH MARROQUÍN CARDONA,DIVERSIFICADO,COOPERATIVA,URBANA,ABIERTA,MONOLINGUE,DOBLE,DIARIO(REGULAR),EL PROGRESO
02-07-0008-46,02-006,EL PROGRESO,SANARATE,INSTITUTO NACIONAL DE EDUCACION DIVERSIFICADA,"ZONA 4, COLINDANTE A POLIDEPORTIVO, SECTOR CAMPO DE CAMINOS",,JACQUELINE SUCELY CABRERA LOAIZA DE LEVY,GRACIELA IZAURA BRAN MONROY,DIVERSIFICADO,OFICIAL,URBANA,ABIERTA,MONOLINGUE,VESPERTINA,DIARIO(REGULAR),EL PROGRESO
02-07-0009-46,02-006,EL PROGRESO,SANARATE,INSTITUTO NACIONAL DE EDUCACION DIVERSIFICADA,"ZONA 4, COLINDANTE A POLIDEPORTIVO, SECTOR CAMPO DE CAMINOS",48176330,JACQUELINE SUCELY CABRERA LOAIZA DE LEVY,MARIA DEL CARMEN MORALES MORALES,DIVERSIFICADO,OFICIAL,RURAL,ABIERTA,MONOLINGUE,MATUTINA,DIARIO(REGULAR),EL PROGRESO
02-07-0038-46,02-021,EL PROGRESO,SANARATE,CENTRO EDUCATIVO ESTUARDO NOVELLA CAMACHO,"FINCA SAN MIGUEL RIO ABAJO, ALDEA EL SINACA",55751775,MARTA ELIDA CARIAS HERNANDEZ DE GARCIA,CELESTE NOEMY ARGUETA DE LEÓN,DIVERSIFICADO,PRIVADO,RURAL,ABIERTA,MONOLINGUE,DOBLE,FIN DE SEMANA,EL PROGRESO
02-07-0039-46,02-018,EL PROGRESO,SANARATE,COLEGIO EL ROSARIO,2 AV. 01-010 ZONA 3,79253526,OSMAR JOSUE GONZALEZ HERNANDEZ,REINA ELIZABETH DIAZ CRUZ,DIVERSIFICADO,PRIVADO,URBANA,ABIERTA,MONOLINGUE,MATUTINA,DIARIO(REGULAR),EL PROGRESO
02-07-0043-46,02-023,EL PROGRESO,SANARATE,"COLEGIO PROFESIONAL DE TURISMO ""GUATEMALAM""",1AV. 3-35 ZONA 1,79452850,MIGDALIA AZUCENA FAJARDO DEL CID,FELIX ALEXANDER LOPEZ MEJIA,DIVERSIFICADO,PRIVADO,URBANA,ABIERTA,MONOLINGUE,VESPERTINA,DIARIO(REGULAR),EL PROGRESO
02-07-0051-46,02-018,EL PROGRESO,SANARATE,INSTITUTO TECNOLÓGICO SANARATECO,2A AVENIDA 1-76 ZONA 4,47112811,OSMAR JOSUE GONZALEZ HERNANDEZ,CARLOS OVIDIO RAMOS HERRERA,DIVERSIFICADO,PRIVADO,URBANA,ABIERTA,MONOLINGUE,SIN JORNADA,SEMIPRESENCIAL (FIN DE SEMANA),EL PROGRESO
02-07-0053-46,02-006,EL PROGRESO,SANARATE,INSTITUTO NACIONAL DE EDUCACION DIVERSIFICADA SANTA LUCÍA LOS OCOTES,SANTA LUCÍA LOS OCOTES,42187399,JACQUELINE SUCELY CABRERA LOAIZA DE LEVY,BRENDA CARINA MURALLES PEREZ,DIVERSIFICADO,OFICIAL,RURAL,ABIERTA,MONOLINGUE,VESPERTINA,DIARIO(REGULAR),EL PROGRESO
02-07-0199-46,02-018,EL PROGRESO,SANARATE,COLEGIO PRIVADO MIXTO DE CIENCIAS COMERCIALES SANARATE,2AV. 2-45 ZONA 4,79252112,OSMAR JOSUE GONZALEZ HERNANDEZ,CLAUDIA ESPERANZA MORALES BARRIOS,DIVERSIFICADO,PRIVADO,URBANA,ABIERTA,MONOLINGUE,VESPERTINA,DIARIO(REGULAR),EL PROGRESO
02-07-0200-46,02-018,EL PROGRESO,SANARATE,COLEGIO EL ROSARIO,2A. AVE. 3-66 ZONA 4,79253526,OSMAR JOSUE GONZALEZ HERNANDEZ,REINA ELIZABETH DIAZ CRUZ,DIVERSIFICADO,PRIVADO,URBANA,ABIERTA,MONOLINGUE,VESPERTINA,DIARIO(REGULAR),EL PROGRESO
02-07-0239-46,02-006,EL PROGRESO,SANARATE,INSTITUTO TECNOLOGICO SANARATECO,2A AV.-1-76 ZONA 4,79252297,JACQUELINE SUCELY CABRERA LOAIZA DE LEVY,CARLOS OVIDIO RAMOS HERRERA,DIVERSIFICADO,PRIVADO,URBANA,ABIERTA,MONOLINGUE,DOBLE,FIN DE SEMANA,EL PROGRESO
02-07-0264-46,02-006,EL PROGRESO,SANARATE,INSTITUTO TECNOLOGICO SANARATECO,2AV 1-76 ZONA 4 SANARATE,47141991,JACQUELINE SUCELY CABRERA LOAIZA DE LEVY,CARLOS OVIDIO RAMOS HERRERA,DIVERSIFICADO,PRIVADO,URBANA,ABIERTA,MONOLINGUE,VESPERTINA,DIARIO(REGULAR),EL PROGRESO
02-07-0268-46,02-018,EL PROGRESO,SANARATE,COLEGIO EL ROSARIO,2A. AV. 3-66 ZONA 4,79253526,OSMAR JOSUE GONZALEZ HERNANDEZ,REINA ELIZABETH DIAZ CRUZ,DIVERSIFICADO,PRIVADO,URBANA,ABIERTA,MONOLINGUE,DOBLE,DIARIO(REGULAR),EL PROGRESO
02-07-0536-46,02-018,EL PROGRESO,SANARATE,"INSTITUTO DE EDUCACIÓN MEDIA POR COOPERATIVA ""SANARATE""","1 CALLE 3-32, ZONA 1",79252525,OSMAR JOSUE GONZALEZ HERNANDEZ,MARÍA LUISA MORALES BRÁN,DIVERSIFICADO,COOPERATIVA,URBANA,ABIERTA,MONOLINGUE,VESPERTINA,DIARIO(REGULAR),EL PROGRESO
02-07-0678-46,02-018,EL PROGRESO,SANARATE,ESCUELA TECNICA CIENCIA APLICADA ESTECA-PC,7A. CALLE 3-29 ZONA 4,79253207,OSMAR JOSUE GONZALEZ HERNANDEZ,EDGAR OMAR GONZÁLEZ RODAS,DIVERSIFICADO,PRIVADO,URBANA,ABIERTA,MONOLINGUE,VESPERTINA,DIARIO(REGULAR),EL PROGRESO
02-07-0679-46,02-018,EL PROGRESO,SANARATE,ESCUELA TECNICA CIENCIA APLICADA ESTECA-PC,7A. CALLA 3-29 ZONA 4,79253207,OSMAR JOSUE GONZALEZ HERNANDEZ,EDGAR OMAR GONZÁLEZ RODAS,DIVERSIFICADO,PRIVADO,URBANA,ABIERTA,MONOLINGUE,MATUTINA,DIARIO(REGULAR),EL PROGRESO
02-07-0691-46,02-018,EL PROGRESO,SANARATE,ESCUELA TECNICA CIENCIA APLICADA ESTECA-PC,7A. CALLE 3-29 ZONA 4,79253207,OSMAR JOSUE GONZALEZ HERNANDEZ,EDGAR OMAR GONZÁLEZ RODAS,DIVERSIFICADO,PRIVADO,URBANA,ABIERTA,MONOLINGUE,DOBLE,FIN DE SEMANA,EL PROGRESO
02-07-0699-46,02-018,EL PROGRESO,SANARATE,ESCUELA TECNICA CIENCIA APLICADA ESTECA-PC,7A. CALLE 3-29 ZONA 4,79253207,OSMAR JOSUE GONZALEZ HERNANDEZ,EDGAR OMAR GONZÁLEZ RODAS,DIVERSIFICADO,PRIVADO,URBANA,ABIERTA,MONOLINGUE,DOBLE,DIARIO(REGULAR),EL PROGRESO
02-07-0755-46,02-023,EL PROGRESO,SANARATE,COLEGIO PROFESIONAL DE TURISMO GUATEMALAM,1A. AVENIDA 3-35 ZONA 1,79452850,MIGDALIA AZUCENA FAJARDO DEL CID,FELIX ALEXANDER LOPEZ MEJIA,DIVERSIFICADO,PRIVADO,URBANA,ABIERTA,MONOLINGUE,MATUTINA,DIARIO(REGULAR),EL PROGRESO
02-07-0823-46,02-018,EL PROGRESO,SANARATE,COLEGIO PRIVADO ENRIQUE NOVELLA ALVARADO,"FINCA SAN MIGUEL RIO ABAJO, ALDEA EL SINACA",58343695,OSMAR JOSUE GONZALEZ HERNANDEZ,RODOLFO GERARDO FONSECA SARMIENTO,DIVERSIFICADO,PRIVADO,RURAL,ABIERTA,MONOLINGUE,DOBLE,DIARIO(REGULAR),EL PROGRESO
02-08-0012-46,02-008,EL PROGRESO,SAN ANTONIO LA PAZ,INSTITUTO NACIONAL DE EDUCACION DIVERSIFICADA,CABECERA MUNICIPAL,31426017,MARTA ALICIA CRUZ PEREZ,ADRIANA DEL ROSARIO PÉREZ MIJANGOS,DIVERSIFICADO,OFICIAL,URBANA,ABIERTA,MONOLINGUE,MATUTINA,DIARIO(REGULAR),EL PROGRESO
02-08-0021-46,02-008,EL PROGRESO,SAN ANTONIO LA PAZ,"INSTITUTO MUNICIPAL DE EDUCACIÓN DIVERSIFICADA ""JOSÉ INÉS CÁCERES""",ALDEA AGUA CALIENTE,40120019,MARTA ALICIA CRUZ PEREZ,ADRIANA GODINEZ NORIEGA,DIVERSIFICADO,MUNICIPAL,RURAL,ABIERTA,MONOLINGUE,VESPERTINA,DIARIO(REGULAR),EL PROGRESO
02-08-0023-46,02-008,EL PROGRESO,SAN ANTONIO LA PAZ,COLEGIO PRIVADO LICEO SAN ANTONIO,BARRIO EL CALVARIO,45072631,MARTA ALICIA CRUZ PEREZ,FLORIDALMA MORALES GRAMAJO,DIVERSIFICADO,PRIVADO,URBANA,ABIERTA,MONOLINGUE,VESPERTINA,DIARIO(REGULAR),EL PROGRESO
02-08-0030-46,02-008,EL PROGRESO,SAN ANTONIO LA PAZ,INSTITUTO NACIONAL DE EDUCACIÓN DIVERSIFICADA,ALDEA SANTO DOMINGO LOS OCOTES,45719074,MARTA ALICIA CRUZ PEREZ,MARIA CONCEPCIÓN SANTOS ALVAREZ,DIVERSIFICADO,OFICIAL,RURAL,ABIERTA,MONOLINGUE,MATUTINA,DIARIO(REGULAR),EL PROGRESO
02-08-0535-46,02-008,EL PROGRESO,SAN ANTONIO LA PAZ,INSTITUTO DIVERSIFICADO POR COOPERATIVA,BARRIO EL CENTRO,,MARTA ALICIA CRUZ PEREZ,SERGIO ISIDRO CARÍAS COLINDRES,DIVERSIFICADO,COOPERATIVA,URBANA,ABIERTA,MONOLINGUE,VESPERTINA,DIARIO(REGULAR),EL PROGRESO
,,,,,,,,,,,,,,,,
,,,,,,,,,,,,,,,,
97 Establecimientos encontrados,,,,,,,,,,,,,,,,
,,,,,,,,,,,,,,,,
"Ministerio de Educación, Copyright © 2,012",,Aviso Legal | Términos y Condiciones | Contacto ,,,,,,,,,,,,,,
