,[ e-Servicios ],,,,,,,,,,,,,,,
,Búsqueda de centros educativos autorizados por el Mineduc y carreras que pueden impartir.,,,,,,,,,,,,,,,
,,,,,,,,,,,,,,,,
,  ,,,,,,,,,,,,,,,
Importante:,,,,,,,,,,,,,,,,
,,,,,,,,,,,,,,,,
"Para una mejor búsqueda puede seleccionar el departamento y municipio, con base a la ubicación del centro educativo, ingresando el código del establecimiento separado por guiones o el nombre completo o parte de él.",,,,,,,,,,,,,,,,
,,,,,,,,,,,,,,,,
"Un centro educativo puede contar con uno o más códigos de acuerdo con los servicios educativos autorizados (nivel, plan o jornada).",,,,,,,,,,,,,,,,
,,,,,,,,,,,,,,,,
"Las carreras pueden visualizarse únicamente en los códigos de centros educativos que tienen autorizado el Nivel de Educación Media, Ciclo de Educación Diversificada.",,,,,,,,,,,,,,,,
,,,,,,,,,,,,,,,,
Para visualizar las carreras autorizadas a un centro educativo seleccione el Nivel Escolar: Diversificado.,,,,,,,,,,,,,,,,
,,,,,,,,,,,,,,,,
Departamento,Municipio,,,,,,,,,,,,,,,
,,,,,,,,,,,,,,,,
Nivel Escolar,,,,,,,,,,,,,,,,
Sector,,,,,,,,,,,,,,,,
Plan,Modalidad,,,,,,,,,,,,,,,
,,,,,,,,,,,,,,,,
Código (##-##-####-##),,,,,,,,,,,,,,,,
Nombre,,,,,,,,,,,,,,,,
Dirección,,,,,,,,,,,,,,,,
,,,,,,,,,,,,,,,,
,,,,,,,,,,,,,,,,
CODIGO,DISTRITO,DEPARTAMENTO,MUNICIPIO,ESTABLECIMIENTO,DIRECCION,TELEFONO,SUPERVISOR,DIRECTOR,NIVEL,SECTOR,AREA,STATUS,MODALIDAD,JORNADA,PLAN,DEPARTAMENTAL
13-01-0065-46,13-004,HUEHUETENANGO,HUEHUETENANGO,INSTITUTO NORMAL MIXTO ALEJANDRO CORDOVA,6A AVE. A 10-59 ZONA 1,77641157,CLARA ARMIDA MORALES CASTILLO,ADELA MARÍA CALDERON CANO,DIVERSIFICADO,OFICIAL,URBANA,ABIERTA,MONOLINGUE,VESPERTINA,DIARIO(REGULAR),HUEHUETENANGO
13-01-0068-46,13-050,HUEHUETENANGO,HUEHUETENANGO,COLEGIO DE LA SALLE,10A AVE. 10-00 ZONA 1,54142119,REYNALDO RECINOS CASTILLO,OSCAR FERNANDO MARTÍNEZ TELLO,DIVERSIFICADO,PRIVADO,URBANA,ABIERTA,MONOLINGUE,MATUTINA,DIARIO(REGULAR),HUEHUETENANGO
13-01-0069-46,13-050,HUEHUETENANGO,HUEHUETENANGO,"COLEGIO EVANGELICO MIXTO "" LA AURORA""",5A. CALLE 5-47 ZONA 1,77641328,REYNALDO RECINOS CASTILLO,DAILY RUSBÍ GONZÁLEZ RAMOS,DIVERSIFICADO,PRIVADO,URBANA,ABIERTA,MONOLINGUE,VESPERTINA,DIARIO(REGULAR),HUEHUETENANGO
13-01-0079-46,13-050,HUEHUETENANGO,HUEHUETENANGO,"LICEO EVANGELICO ""EL ALBA""",6A AVENIDA 9-17 ZONA 1,77682352,REYNALDO RECINOS CASTILLO,JOSÉ RAÚL MARTÍNEZ XUTUC,DIVERSIFICADO,PRIVADO,URBANA,ABIERTA,MONOLINGUE,VESPERTINA,DIARIO(REGULAR),HUEHUETENANGO
13-01-0112-46,13-050,HUEHUETENANGO,HUEHUETENANGO,INSTITUTO NACIONAL DE EDUCACION DIVERSIFICADA,9º. CALLEJÓN ¿B¿ 12-94 ZONA 4 SECTOR LOS OLIVOS ¿EL TERRERO¿,40124127,REYNALDO RECINOS CASTILLO,HUGO RUBÉN GÓMEZ GÓMEZ,DIVERSIFICADO,OFICIAL,RURAL,ABIERTA,MONOLINGUE,VESPERTINA,DIARIO(REGULAR),HUEHUETENANGO
13-01-0143-46,13-004,HUEHUETENANGO,HUEHUETENANGO,LICEO PREUNIVERSITARIO DE INFORMATICA,"4A. AVENIDA 1-30, ZONA 1",77648784,CLARA ARMIDA MORALES CASTILLO,NIVEA MARINA RIVAS GUTIÉRREZ,DIVERSIFICADO,PRIVADO,URBANA,ABIERTA,MONOLINGUE,MATUTINA,DIARIO(REGULAR),HUEHUETENANGO
13-01-0145-46,13-004,HUEHUETENANGO,HUEHUETENANGO,LICEO PREUNIVERSITARIO DE INFORMATICA,4 AVENIDA 1-30 ZONA 1,77648784,CLARA ARMIDA MORALES CASTILLO,NIVEA MARINA RIVAS GUTIÉRREZ,DIVERSIFICADO,PRIVADO,URBANA,ABIERTA,MONOLINGUE,DOBLE,FIN DE SEMANA,HUEHUETENANGO
13-01-0156-46,13-050,HUEHUETENANGO,HUEHUETENANGO,COLEGIO SAN FRANCISCO JAVIER DE HUEHUETENANGO,CORRAL CHIQUITO ZONA 8,77208400,REYNALDO RECINOS CASTILLO,CLEYDI MARISOL CALDERÓN COBÓN,DIVERSIFICADO,PRIVADO,RURAL,ABIERTA,MONOLINGUE,MATUTINA,DIARIO(REGULAR),HUEHUETENANGO
13-01-0158-46,13-004,HUEHUETENANGO,HUEHUETENANGO,COLEGIO PREUNIVERSITARIO CAMBRIDGE,1RA. CALLE ZONA 8,77252793,CLARA ARMIDA MORALES CASTILLO,ANA RENEÉ MAURICIO DOMÍNGUEZ,DIVERSIFICADO,PRIVADO,URBANA,ABIERTA,MONOLINGUE,MATUTINA,DIARIO(REGULAR),HUEHUETENANGO
13-01-0177-46,13-050,HUEHUETENANGO,HUEHUETENANGO,"COLEGIO EVANGÉLICO MIXTO ""LA HERMOSA""",SECTOR BRASILIA ZONA 7,77252364,REYNALDO RECINOS CASTILLO,MITZY MARTIELA CAMPOS GONZÁLEZ,DIVERSIFICADO,PRIVADO,URBANA,ABIERTA,MONOLINGUE,MATUTINA,DIARIO(REGULAR),HUEHUETENANGO
13-01-0181-46,13-050,HUEHUETENANGO,HUEHUETENANGO,"CENTRO EDUCATIVO A ""DISTANCIA AULA VIRTUAL""",2A. AV. 1-115 ZONA 3,77259211,REYNALDO RECINOS CASTILLO,OLIVER BOANERGES RECINOS RECINOS,DIVERSIFICADO,PRIVADO,URBANA,ABIERTA,MONOLINGUE,DOBLE,DIARIO(REGULAR),HUEHUETENANGO
13-01-0219-46,13-004,HUEHUETENANGO,HUEHUETENANGO,"LICEO PRIVADO MIXTO CRISTIANO ""PALABRA EN ACCION""","2A. CALLE FINAL 3-37 COLONIA ALVARADO, ZONA 5",77627179,CLARA ARMIDA MORALES CASTILLO,FEBE RAQUEL HERNÁNDEZ SUTUC,DIVERSIFICADO,PRIVADO,URBANA,ABIERTA,MONOLINGUE,MATUTINA,DIARIO(REGULAR),HUEHUETENANGO
13-01-0231-46,13-004,HUEHUETENANGO,HUEHUETENANGO,COLEGIO PREUNIVERSITARIO CAMBRIDGE,"1A. CALLE 7-77, ZONA 8",77251141,CLARA ARMIDA MORALES CASTILLO,DAVID ALFREDO ALVARADO GUTIÉRREZ,DIVERSIFICADO,PRIVADO,URBANA,ABIERTA,MONOLINGUE,VESPERTINA,DIARIO(REGULAR),HUEHUETENANGO
13-01-0238-46,13-004,HUEHUETENANGO,HUEHUETENANGO,CENTRO EDUCATIVO MARRIOT BRILLANTE,"5A. AVENIDA ""A"" 5-80 ZONA 1",77648219,CLARA ARMIDA MORALES CASTILLO,MARIO ARNOLDO HERNANDEZ LORENZO,DIVERSIFICADO,PRIVADO,URBANA,ABIERTA,MONOLINGUE,DOBLE,DIARIO(REGULAR),HUEHUETENANGO
13-01-0243-46,13-004,HUEHUETENANGO,HUEHUETENANGO,"COLEGIO PRIVADO MIXTO ""EL DIVINO MAESTRO""",ALDEA XINAXOJ,50486759,CLARA ARMIDA MORALES CASTILLO,ARGELIO DE JESÚS LÓPEZ VILLATORO,DIVERSIFICADO,PRIVADO,RURAL,ABIERTA,MONOLINGUE,DOBLE,FIN DE SEMANA,HUEHUETENANGO
13-01-0269-46,13-004,HUEHUETENANGO,HUEHUETENANGO,COLEGIO TECNOLÓGICO DEL VALLE,"1A. CALLE 7-77, ZONA 8",77252793,CLARA ARMIDA MORALES CASTILLO,ROSWIN JOSEF GÓMEZ AGUSTIN,DIVERSIFICADO,PRIVADO,URBANA,ABIERTA,MONOLINGUE,DOBLE,FIN DE SEMANA,HUEHUETENANGO
13-01-0287-46,13-004,HUEHUETENANGO,HUEHUETENANGO,COLEGIO PREUNIVERSITARIO CAMBRIDGE,1RA. CALLE ZONA 8,77252793,CLARA ARMIDA MORALES CASTILLO,ANA RENEÉ MAURICIO DOMÍNGUEZ,DIVERSIFICADO,PRIVADO,URBANA,ABIERTA,MONOLINGUE,MATUTINA,DIARIO(REGULAR),HUEHUETENANGO
13-01-0289-46,13-004,HUEHUETENANGO,HUEHUETENANGO,COLEGIO PRIVADO MIXTO AMERICANO,"3A. AVENIDA 1-140, ZONA 3",77642424,CLARA ARMIDA MORALES CASTILLO,JAIME LUIS LÓPEZ MENDÓZA,DIVERSIFICADO,PRIVADO,URBANA,ABIERTA,MONOLINGUE,MATUTINA,DIARIO(REGULAR),HUEHUETENANGO
13-01-0290-46,13-050,HUEHUETENANGO,HUEHUETENANGO,COLEGIO TECNOLÓGICO DE HUEHUETENANGO,2A. AVENIDA 1-115 ZONA 3,77641301,REYNALDO RECINOS CASTILLO,OLIVER BOANERGES RECINOS RECINOS,DIVERSIFICADO,PRIVADO,URBANA,ABIERTA,MONOLINGUE,VESPERTINA,DIARIO(REGULAR),HUEHUETENANGO
13-01-0291-46,13-050,HUEHUETENANGO,HUEHUETENANGO,"COLEGIO PRIVADO MIXTO ""RAFAEL LANDIVAR""","5A. CALLE 11-66, ZONA 1",49664813,REYNALDO RECINOS CASTILLO,FLOR DE MARIA CASTILLO LÓPEZ,DIVERSIFICADO,PRIVADO,URBANA,ABIERTA,MONOLINGUE,MATUTINA,DIARIO(REGULAR),HUEHUETENANGO
13-01-0295-46,13-050,HUEHUETENANGO,HUEHUETENANGO,COLEGIO TECNOLÓGICO DE HUEHUETENANGO,2A. AVENIDA 1-115 ZONA 3,77259211,REYNALDO RECINOS CASTILLO,LUIS FERNANDO GONZÁLEZ MAZARIEGOS,DIVERSIFICADO,PRIVADO,URBANA,ABIERTA,MONOLINGUE,MATUTINA,DIARIO(REGULAR),HUEHUETENANGO
13-01-0302-46,13-004,HUEHUETENANGO,HUEHUETENANGO,LICEO PREUNIVERSITARIO DE INFORMÁTICA,"4A. AVENIDA 1-30, ZONA 1",77648784,CLARA ARMIDA MORALES CASTILLO,NIVEA MARINA RIVAS GUTIÉRREZ,DIVERSIFICADO,PRIVADO,URBANA,ABIERTA,MONOLINGUE,VESPERTINA,DIARIO(REGULAR),HUEHUETENANGO
13-01-0313-46,13-004,HUEHUETENANGO,HUEHUETENANGO,COLEGIO EVANGÉLICO MIXTO FILADELFIA,SEGUNDO CARRIZAL ZONA 3,59793845,CLARA ARMIDA MORALES CASTILLO,CARLOS RAÚL GÓMEZ LÓPEZ,DIVERSIFICADO,PRIVADO,RURAL,ABIERTA,MONOLINGUE,VESPERTINA,DIARIO(REGULAR),HUEHUETENANGO
13-01-0314-46,13-050,HUEHUETENANGO,HUEHUETENANGO,COLEGIO TECNOLÓGICO DE HUEHUETENANGO,2A. AVENIDA 1-115 ZONA 3,77259211,REYNALDO RECINOS CASTILLO,OLIVER BOANERGES RECINOS RECINOS,DIVERSIFICADO,PRIVADO,URBANA,ABIERTA,MONOLINGUE,VESPERTINA,DIARIO(REGULAR),HUEHUETENANGO
13-01-0315-46,13-050,HUEHUETENANGO,HUEHUETENANGO,INSTITUTO TÉCNICO DE CAPACITACIÓN Y PRODUCTIVIDAD INTECAP,"3A. CALLE FINAL, ZACULEU CENTRAL, ZONA 9",54111008,REYNALDO RECINOS CASTILLO,FABIO GUILLERMO ZÚÑIGA SALGUERO,DIVERSIFICADO,PRIVADO,URBANA,ABIERTA,MONOLINGUE,DOBLE,DIARIO(REGULAR),HUEHUETENANGO
13-01-0323-46,13-050,HUEHUETENANGO,HUEHUETENANGO,INSTITUTO NACIONAL DE EDUCACIÓN DIVERSIFICADA,9º. CALLEJÓN B 12-94 ZONA 4 SECTOR LOS OLIVOS EL TERRERO,40124127,REYNALDO RECINOS CASTILLO,HUGO RUBÉN GÓMEZ GÓMEZ,DIVERSIFICADO,OFICIAL,RURAL,ABIERTA,MONOLINGUE,DOBLE,DIARIO(REGULAR),HUEHUETENANGO
13-01-0335-46,13-004,HUEHUETENANGO,HUEHUETENANGO,"COLEGIO DE EDUCACIÓN Y DESARROLLO INTEGRAL ""XETENAM""",ALDEA OJECHEJEL,47853737,CLARA ARMIDA MORALES CASTILLO,INGRID LINETT MENDÓZA RODRIGUEZ,DIVERSIFICADO,PRIVADO,RURAL,ABIERTA,MONOLINGUE,DOBLE,FIN DE SEMANA,HUEHUETENANGO
13-01-0337-46,13-004,HUEHUETENANGO,HUEHUETENANGO,COLEGIO PREUNIVERSITARIO LICEO GUATEMALA,2A. CALLE 7-32 ZONA 1,47854928,CLARA ARMIDA MORALES CASTILLO,CLAUDIA JEANNETTE PALACIOS HERNÁNDEZ,DIVERSIFICADO,PRIVADO,URBANA,ABIERTA,MONOLINGUE,MATUTINA,DIARIO(REGULAR),HUEHUETENANGO
13-01-0340-46,13-004,HUEHUETENANGO,HUEHUETENANGO,COLEGIO PRIVADO MIXTO AMERICANO,"3A. AVENIDA 1-140, ZONA 3",77642424,CLARA ARMIDA MORALES CASTILLO,JAIME LUIS LÓPEZ MENDÓZA,DIVERSIFICADO,PRIVADO,URBANA,ABIERTA,MONOLINGUE,DOBLE,DIARIO(REGULAR),HUEHUETENANGO
13-01-0341-46,13-004,HUEHUETENANGO,HUEHUETENANGO,LICEO PRIVADO DE CIENCIAS COMERCIALES,"5A. AVENIDA 7-112, ZONA 1",77640126,CLARA ARMIDA MORALES CASTILLO,MARLIN MARIBEL HERNÁNDEZ CASTILLO,DIVERSIFICADO,PRIVADO,URBANA,ABIERTA,MONOLINGUE,DOBLE,FIN DE SEMANA,HUEHUETENANGO
13-01-0342-46,13-004,HUEHUETENANGO,HUEHUETENANGO,INSTITUTO NACIONAL DE EDUCACIÓN DIVERSIFICADA,"4A. AVENIDA Y 4A. CALLE, ZACULEU CENTRAL ZONA 9",48876795,CLARA ARMIDA MORALES CASTILLO,MAYRA LISETH PAR AZURDIA,DIVERSIFICADO,OFICIAL,RURAL,ABIERTA,MONOLINGUE,MATUTINA,DIARIO(REGULAR),HUEHUETENANGO
13-01-0346-46,13-060,HUEHUETENANGO,HUEHUETENANGO,CENTRO DE EDUCACIÓN EXTRAESCOLAR CEEX,1RA. CALLE ZONA 8 HUEHUETENANGO,32134222,AROLDO HOSBERI SOSA LÓPEZ,IRENE ROCIO FABIAN AGUSTIN,DIVERSIFICADO,PRIVADO,URBANA,ABIERTA,MONOLINGUE,DOBLE,INTERCALADO,HUEHUETENANGO
13-01-0349-46,13-004,HUEHUETENANGO,HUEHUETENANGO,LICEO EVANGÉLICO EL ALBA,"6A. AVENIDA ""A"" 9-17, ZONA 1",49537911,CLARA ARMIDA MORALES CASTILLO,JOSÉ RAÚL MARTÍNEZ XUTUC,DIVERSIFICADO,PRIVADO,URBANA,ABIERTA,MONOLINGUE,MATUTINA,DIARIO(REGULAR),HUEHUETENANGO
13-01-0352-46,13-050,HUEHUETENANGO,HUEHUETENANGO,INSTITUTO NACIONAL DE EDUCACIÓN DIVERSIFICADA,"ALDEA TOJOTZALÉ, PUENTE ARROYO",53806348,REYNALDO RECINOS CASTILLO,JESÚS MANUEL LÓPEZ HERRERA,DIVERSIFICADO,OFICIAL,RURAL,ABIERTA,MONOLINGUE,VESPERTINA,DIARIO(REGULAR),HUEHUETENANGO
13-01-0354-46,13-004,HUEHUETENANGO,HUEHUETENANGO,COLEGIO MIXTO PRÓCERES PLUS FIN DE SEMANA,2A. AVENIDA 4-04 ZONA 3,49117821,CLARA ARMIDA MORALES CASTILLO,CARLOS NOVEL GUTIÉRREZ MORALES,DIVERSIFICADO,PRIVADO,URBANA,ABIERTA,MONOLINGUE,DOBLE,FIN DE SEMANA,HUEHUETENANGO
13-01-0358-46,13-004,HUEHUETENANGO,HUEHUETENANGO,LICEO PRIVADO MIXTO DAME,3ERA. CALLE FINAL ZONA 8,77642550,CLARA ARMIDA MORALES CASTILLO,MAUSELIO HIRAM MARTÍNEZ GALINDO,DIVERSIFICADO,PRIVADO,URBANA,ABIERTA,MONOLINGUE,MATUTINA,DIARIO(REGULAR),HUEHUETENANGO
13-01-0361-46,13-050,HUEHUETENANGO,HUEHUETENANGO,"LICEO CRISTIANO MIXTO ""TIERRA FÉRTIL""",4TA CALLE 2-66 ZONA 9 ZACULEU CENTRAL,77224194,REYNALDO RECINOS CASTILLO,CARLOS HUMBERTO GÓMEZ ALVARADO,DIVERSIFICADO,PRIVADO,URBANA,ABIERTA,MONOLINGUE,MATUTINA,DIARIO(REGULAR),HUEHUETENANGO
13-01-0363-46,13-004,HUEHUETENANGO,HUEHUETENANGO,"COLEGIO DE EDUCACIÓN Y DESARROLLO INTEGRAL ""XETENAM""",ALDEA OJECHEJEL,47853737,CLARA ARMIDA MORALES CASTILLO,INGRID LINETT MENDÓZA RODRIGUEZ,DIVERSIFICADO,PRIVADO,RURAL,ABIERTA,MONOLINGUE,MATUTINA,DIARIO(REGULAR),HUEHUETENANGO
13-01-0366-46,13-004,HUEHUETENANGO,HUEHUETENANGO,COLEGIO INTEGRAL FORMATIVO ROBLES,"2A. AVENIDA A 1-15, ZONA 3",77649950,CLARA ARMIDA MORALES CASTILLO,NOÉ ISAÍAS GALINDO HERNÁNDEZ,DIVERSIFICADO,PRIVADO,URBANA,ABIERTA,MONOLINGUE,VESPERTINA,DIARIO(REGULAR),HUEHUETENANGO
13-01-0368-46,13-004,HUEHUETENANGO,HUEHUETENANGO,CENTRO EDUCATIVO MARRIOT BRILLANTE,"7A. CALLE 6-52- ""A"" ZONA 1",77648219,CLARA ARMIDA MORALES CASTILLO,MARIO ARNOLDO HERNANDEZ LORENZO,DIVERSIFICADO,PRIVADO,URBANA,ABIERTA,MONOLINGUE,DOBLE,FIN DE SEMANA,HUEHUETENANGO
13-01-0369-46,13-004,HUEHUETENANGO,HUEHUETENANGO,CENTRO EDUCATIVO MARRIOT BRILLANTE,"5A. AVENIDA ""A"" 5-80 ZONA 1",77648219,CLARA ARMIDA MORALES CASTILLO,MARIO ARNOLDO HERNANDEZ LORENZO,DIVERSIFICADO,PRIVADO,URBANA,ABIERTA,MONOLINGUE,MATUTINA,DIARIO(REGULAR),HUEHUETENANGO
13-01-0372-46,13-050,HUEHUETENANGO,HUEHUETENANGO,COLEGIO INTEGRAL FORMATIVO ROBLES DE HUEHUETENANGO,"2DA. AV. ""A"" 1-15, ZONA 3, EL CALVARIO",77649950,REYNALDO RECINOS CASTILLO,NOÉ ISAIAS GALINDO HERNÁNDEZ,DIVERSIFICADO,PRIVADO,URBANA,ABIERTA,MONOLINGUE,VESPERTINA,DIARIO(REGULAR),HUEHUETENANGO
13-01-0375-46,13-004,HUEHUETENANGO,HUEHUETENANGO,"COLEGIO CATÓLICO ""LA INMACULADA CONCEPCIÓN""",1A. CALLE ZONA 3 EL CALVARIO,77649650,CLARA ARMIDA MORALES CASTILLO,ERICA ARACELY MARTÍNEZ CASTILLO,DIVERSIFICADO,PRIVADO,URBANA,ABIERTA,MONOLINGUE,MATUTINA,DIARIO(REGULAR),HUEHUETENANGO
13-01-0376-46,13-050,HUEHUETENANGO,HUEHUETENANGO,COLEGIO REAL AMERICANO,7A. CALLE 12-75 ZONA 5 COLONIA LA HONDONADA,77252085,REYNALDO RECINOS CASTILLO,ANA KARINA GORDILLO ALVARADO,DIVERSIFICADO,PRIVADO,URBANA,ABIERTA,MONOLINGUE,VESPERTINA,DIARIO(REGULAR),HUEHUETENANGO
13-01-0379-46,13-060,HUEHUETENANGO,HUEHUETENANGO,"PROGRAMA NACIONAL DE EDUCACIÓN ALTERNATIVA, PRONEA",5A. AVENIDA 9-98 ZONA 7 SECTOR BRASILIA,47931173,AROLDO HOSBERI SOSA LÓPEZ,SANTOS RUYÁN CHAMALÉ,DIVERSIFICADO,OFICIAL,URBANA,ABIERTA,MONOLINGUE,DOBLE,A DISTANCIA,HUEHUETENANGO
13-01-0381-46,13-060,HUEHUETENANGO,HUEHUETENANGO,CENTRO DE EDUCACIÓN EXTRAESCOLAR -CEEX- DEPARTAMENTAL,"5A. AVENIDA 9-98, ZONA 7, SECTOR BRASILIA",45766461,AROLDO HOSBERI SOSA LÓPEZ,ROSALÍO BENJAMÍN AGUILAR MORALES,DIVERSIFICADO,OFICIAL,URBANA,ABIERTA,MONOLINGUE,DOBLE,SEMIPRESENCIAL,HUEHUETENANGO
13-01-0382-46,13-004,HUEHUETENANGO,HUEHUETENANGO,INSTITUTO NACIONAL DE EDUCACIÓN DIVERSIFICADA,ALDEA SUCULQUE,42379165,CLARA ARMIDA MORALES CASTILLO,MARCO ANTONIO JOSUÉ MOLINA OSORIO,DIVERSIFICADO,OFICIAL,RURAL,ABIERTA,MONOLINGUE,VESPERTINA,DIARIO(REGULAR),HUEHUETENANGO
13-01-0386-46,13-050,HUEHUETENANGO,HUEHUETENANGO,INSTITUTO NACIONAL DE EDUCACIÓN DIVERSIFICADA,"9º. CALLEJÓN ""B"" 12-94, ZONA 4, SECTOR LOS OLIVOS ""EL TERRERO""",31098005,REYNALDO RECINOS CASTILLO,ROXANA FABIOLA PALACIOS FÉLIX,DIVERSIFICADO,OFICIAL,RURAL,ABIERTA,MONOLINGUE,SIN JORNADA,SEMIPRESENCIAL (DOS DÍAS A LA SEMANA),HUEHUETENANGO
13-01-0388-46,13-050,HUEHUETENANGO,HUEHUETENANGO,"CENTRO EDUCATIVO A DISTANCIA ""AULA VIRTUAL""","2A. AVENIDA 1-115, ZONA 3",77259211,REYNALDO RECINOS CASTILLO,OLIVER BOANERGES RECINOS RECINOS,DIVERSIFICADO,PRIVADO,URBANA,ABIERTA,MONOLINGUE,SIN JORNADA,A DISTANCIA,HUEHUETENANGO
13-01-0390-46,13-004,HUEHUETENANGO,HUEHUETENANGO,COLEGIO PRIVADO MIXTO NUEVO AMANECER,"3A. CALLE FINAL, EL CALVARIO ZONA 3",77657960,CLARA ARMIDA MORALES CASTILLO,DÁMARIS JULISSA VILLATORO RECINOS,DIVERSIFICADO,PRIVADO,URBANA,ABIERTA,MONOLINGUE,SIN JORNADA,SEMIPRESENCIAL (UN DÍA A LA SEMANA),HUEHUETENANGO
13-01-0391-46,13-004,HUEHUETENANGO,HUEHUETENANGO,LICEO PRIVADO DE CIENCIAS COMERICALES,CABECERA MUNICIPAL,77640126,CLARA ARMIDA MORALES CASTILLO,MARLIN MARIBEL HERNÁNDEZ CASTILLO,DIVERSIFICADO,PRIVADO,URBANA,ABIERTA,MONOLINGUE,SIN JORNADA,SEMIPRESENCIAL (FIN DE SEMANA),HUEHUETENANGO
13-01-0392-46,13-004,HUEHUETENANGO,HUEHUETENANGO,CENTRO EDUCATIVO MARRIOT BRILLANTE,"5A AVENIDA ""A"" 5-80 ZONA 1",77648219,CLARA ARMIDA MORALES CASTILLO,MARIO ARNOLDO HERNANDEZ LORENZO,DIVERSIFICADO,PRIVADO,URBANA,ABIERTA,MONOLINGUE,SIN JORNADA,SEMIPRESENCIAL (FIN DE SEMANA),HUEHUETENANGO
13-01-0396-46,13-004,HUEHUETENANGO,HUEHUETENANGO,LICEO PREUNIVERSITARIO DE INFORMÁTICA,4A. AVENIDA 1-30 ZONA 1,77648784,CLARA ARMIDA MORALES CASTILLO,NIVEA MARINA RIVAS GUTIÉRREZ,DIVERSIFICADO,PRIVADO,URBANA,ABIERTA,MONOLINGUE,SIN JORNADA,SEMIPRESENCIAL (UN DÍA A LA SEMANA),HUEHUETENANGO
13-01-0399-46,13-004,HUEHUETENANGO,HUEHUETENANGO,COLEGIO MIXTO PRÓCERES PLUS,2A AVENIDA 4-04 ZONA 3,49117821,CLARA ARMIDA MORALES CASTILLO,CARLOS NOVEL GUTIÉRREZ MORALES,DIVERSIFICADO,PRIVADO,URBANA,ABIERTA,MONOLINGUE,SIN JORNADA,SEMIPRESENCIAL (UN DÍA A LA SEMANA),HUEHUETENANGO
13-01-0400-46,13-004,HUEHUETENANGO,HUEHUETENANGO,"COLEGIO PRIVADO MIXTO ""EL DIVINO MAESTRO""",ALDEA XINAXOJ,50486759,CLARA ARMIDA MORALES CASTILLO,ARGELIO DE JESÚS LÓPEZ VILLATORO,DIVERSIFICADO,PRIVADO,RURAL,ABIERTA,MONOLINGUE,SIN JORNADA,SEMIPRESENCIAL (UN DÍA A LA SEMANA),HUEHUETENANGO
13-01-0401-46,13-050,HUEHUETENANGO,HUEHUETENANGO,"LICEO PRIVADO MIXTO ""MINERVA""",5A. CALLE 3-28 ZONA 2,54837632,REYNALDO RECINOS CASTILLO,ULISES OMAR CALDERÓN CARDONA,DIVERSIFICADO,PRIVADO,URBANA,ABIERTA,MONOLINGUE,SIN JORNADA,SEMIPRESENCIAL (UN DÍA A LA SEMANA),HUEHUETENANGO
13-01-0403-46,13-004,HUEHUETENANGO,HUEHUETENANGO,COLEGIO TECNOLÓGICO DEL VALLE,5A. AVENIDA 1-25 ZONA 8,41779500,CLARA ARMIDA MORALES CASTILLO,ROSWIN JOSEF GÓMEZ AGUSTIN,DIVERSIFICADO,PRIVADO,URBANA,ABIERTA,MONOLINGUE,SIN JORNADA,SEMIPRESENCIAL (UN DÍA A LA SEMANA),HUEHUETENANGO
13-01-0408-46,13-004,HUEHUETENANGO,HUEHUETENANGO,COLEGIO PRIVADO MIXTO HERMANO PEDRO,ZACULEU CENTRAL ZONA 9,57699663,CLARA ARMIDA MORALES CASTILLO,LILIA CARMELA LÓPEZ LÓPEZ,DIVERSIFICADO,PRIVADO,URBANA,ABIERTA,MONOLINGUE,SIN JORNADA,SEMIPRESENCIAL (UN DÍA A LA SEMANA),HUEHUETENANGO
13-01-0409-46,13-004,HUEHUETENANGO,HUEHUETENANGO,COLEGIO PRIVADO MIXTO AMERICANO,3A AVENIDA 1-40 ZONA 3,77642424,CLARA ARMIDA MORALES CASTILLO,WILLIAM FLORENCIO RAMIREZ RECINOS,DIVERSIFICADO,PRIVADO,URBANA,ABIERTA,MONOLINGUE,SIN JORNADA,SEMIPRESENCIAL (UN DÍA A LA SEMANA),HUEHUETENANGO
13-01-0411-46,13-050,HUEHUETENANGO,HUEHUETENANGO,"LICEO CRISTIANO ""NUEVOS HORIZONTES""",CABECERA MUNICIPAL,51710882,REYNALDO RECINOS CASTILLO,MATEO GÓMEZ Y GÓMEZ,DIVERSIFICADO,PRIVADO,URBANA,ABIERTA,MONOLINGUE,SIN JORNADA,SEMIPRESENCIAL (UN DÍA A LA SEMANA),HUEHUETENANGO
13-01-0413-46,13-050,HUEHUETENANGO,HUEHUETENANGO,LICEO PRIVADO MIXTO CENTROAMERICANO HUEHUETECO,5A. CALLE 11-66 ZONA 1,49664813,REYNALDO RECINOS CASTILLO,FLOR DE MARIA CASTILLO LÓPEZ,DIVERSIFICADO,PRIVADO,URBANA,ABIERTA,MONOLINGUE,SIN JORNADA,SEMIPRESENCIAL (UN DÍA A LA SEMANA),HUEHUETENANGO
13-01-0415-46,13-004,HUEHUETENANGO,HUEHUETENANGO,"COLEGIO EVANGÉLICO PARA ADULTOS GUATEMALTECOS ""EL SHADDAI""",6TA. AVENIDA COLONIA MAKEPEACE ZONA 1,77643534,CLARA ARMIDA MORALES CASTILLO,LUDDWIK MISSAEL GÓMEZ RIVAS,DIVERSIFICADO,PRIVADO,URBANA,ABIERTA,MONOLINGUE,SIN JORNADA,SEMIPRESENCIAL (UN DÍA A LA SEMANA),HUEHUETENANGO
13-01-0417-46,13-004,HUEHUETENANGO,HUEHUETENANGO,COLEGIO EUROPEO,6A. AVENIDA 6-11 ZONA 1,55127042,CLARA ARMIDA MORALES CASTILLO,LUISA FERNANDA GRANADOS RIVERA,DIVERSIFICADO,PRIVADO,URBANA,ABIERTA,MONOLINGUE,MATUTINA,DIARIO(REGULAR),HUEHUETENANGO
13-01-0419-46,13-004,HUEHUETENANGO,HUEHUETENANGO,COLEGIO EUROPEO,6A. AVENIDA 6-11 ZONA 1,54144029,CLARA ARMIDA MORALES CASTILLO,LUISA FERNANDA GRANADOS RIVERA,DIVERSIFICADO,PRIVADO,URBANA,ABIERTA,MONOLINGUE,SIN JORNADA,SEMIPRESENCIAL (UN DÍA A LA SEMANA),HUEHUETENANGO
13-01-0420-46,13-004,HUEHUETENANGO,HUEHUETENANGO,COLEGIO DE MÚSICA FREDERICK CHOPIN,ZACULEU CENTRAL ZONA 9,33518150,CLARA ARMIDA MORALES CASTILLO,CLAUDIA DARINKA LÓPEZ GUTIÉRREZ,DIVERSIFICADO,PRIVADO,URBANA,ABIERTA,MONOLINGUE,MATUTINA,DIARIO(REGULAR),HUEHUETENANGO
13-01-0421-46,13-050,HUEHUETENANGO,HUEHUETENANGO,INSTITUTO NACIONAL DE EDUCACIÓN DIVERSIFICADA,"9O. CALLEJÓN ""B"" 12-94 ZONA 4 SECTOR LOS OLIVOS ""EL TERRERO""",31098005,REYNALDO RECINOS CASTILLO,ROXANA FABIOLA PALACIOS FÉLIX,DIVERSIFICADO,OFICIAL,RURAL,ABIERTA,MONOLINGUE,DOBLE,FIN DE SEMANA,HUEHUETENANGO
13-01-0423-46,13-060,HUEHUETENANGO,HUEHUETENANGO,CENTRO DE EDUCACIÓN EXTRAESCOLAR CEEX MUNICIPAL,CORRAL CHIQUITO ZONA 8,59541012,AROLDO HOSBERI SOSA LÓPEZ,THELMA ASUCENA MENDOZA MENDOZA DE CARRILLO,DIVERSIFICADO,PRIVADO,URBANA,ABIERTA,MONOLINGUE,DOBLE,SEMIPRESENCIAL,HUEHUETENANGO
13-01-0425-46,13-004,HUEHUETENANGO,HUEHUETENANGO,COLEGIO PREUNIVERSITARIO CIENTIFICO,"2A. AVENIDA ""A"" 1-36 ZONA 3, EL CALVARIO",77648784,CLARA ARMIDA MORALES CASTILLO,ALVARO OTONIEL MARTÍNEZ RODRIGUEZ,DIVERSIFICADO,PRIVADO,URBANA,ABIERTA,MONOLINGUE,DOBLE,FIN DE SEMANA,HUEHUETENANGO
13-01-0426-46,13-050,HUEHUETENANGO,HUEHUETENANGO,"COLEGIO PREUNIVERSITARIO ""ALBERT EINSTEIN""","11. AVENIDA ""A"" 1-45 CORRAL CHIQUITO ZONA 8",79345932,REYNALDO RECINOS CASTILLO,SUSANA GUADALUPE ARREOLA DONIS,DIVERSIFICADO,PRIVADO,URBANA,ABIERTA,MONOLINGUE,MATUTINA,DIARIO(REGULAR),HUEHUETENANGO
13-01-0427-46,13-050,HUEHUETENANGO,HUEHUETENANGO,COLEGIO REAL AMERICANO,7A. CALLE 12-75 ZONA 5 COLONIA LA HONDONADA,77252085,REYNALDO RECINOS CASTILLO,ANA KARINA GORDILLO ALVARADO,DIVERSIFICADO,PRIVADO,URBANA,ABIERTA,MONOLINGUE,MATUTINA,DIARIO(REGULAR),HUEHUETENANGO
13-01-1500-46,13-004,HUEHUETENANGO,HUEHUETENANGO,LICEO PRIVADO DE CIENCIAS COMERCIALES,5TA. AV. 7-112 ZONA 1,77640126,CLARA ARMIDA MORALES CASTILLO,MARLIN MARIBEL HERNÁNDEZ CASTILLO,DIVERSIFICADO,PRIVADO,URBANA,ABIERTA,MONOLINGUE,MATUTINA,DIARIO(REGULAR),HUEHUETENANGO
13-01-1505-46,13-050,HUEHUETENANGO,HUEHUETENANGO,"LICEO PRIVADO MIXTO ""CENTROAMERICANO HUEHUETECO""",5A. CALLE 11-66 ZONA 1,49664813,REYNALDO RECINOS CASTILLO,FLOR DE MARIA CASTILLO LÓPEZ,DIVERSIFICADO,PRIVADO,URBANA,ABIERTA,MONOLINGUE,DOBLE,FIN DE SEMANA,HUEHUETENANGO
13-01-1584-46,13-004,HUEHUETENANGO,HUEHUETENANGO,COLEGIO PRIVADO MIXTO AMERICANO,3AV. 1-140 ZONA 3,77642424,CLARA ARMIDA MORALES CASTILLO,JAIME LUIS LÓPEZ MENDÓZA,DIVERSIFICADO,PRIVADO,URBANA,ABIERTA,MONOLINGUE,VESPERTINA,DIARIO(REGULAR),HUEHUETENANGO
13-01-1592-46,13-004,HUEHUETENANGO,HUEHUETENANGO,COLEGIO PRIVADO MIXTO AMERICANO,3A. AVENIDA 1-140 ZONA 3,77642424,CLARA ARMIDA MORALES CASTILLO,JAIME LUIS LÓPEZ MENDÓZA,DIVERSIFICADO,PRIVADO,URBANA,ABIERTA,MONOLINGUE,MATUTINA,DIARIO(REGULAR),HUEHUETENANGO
13-01-4966-46,13-004,HUEHUETENANGO,HUEHUETENANGO,INSTITUTO DIVERSIFICADO DE PERITO EN ADMINISTRACIÓN PÚBLICA J.V.,6A. AVENIDA A 10-59 ZONA 1,77649716,CLARA ARMIDA MORALES CASTILLO,DELMAR ELEAZAR PALACIOS LUCAS,DIVERSIFICADO,OFICIAL,URBANA,ABIERTA,MONOLINGUE,VESPERTINA,DIARIO(REGULAR),HUEHUETENANGO
13-01-6096-46,13-004,HUEHUETENANGO,HUEHUETENANGO,COLEGIO PRIVADO MIXTO DEL NIVEL MEDIO LICEO HUEHUETECO,4A CALLE 8-80 ZONA 4.,77642089,CLARA ARMIDA MORALES CASTILLO,NESTOR FERNANDO COBÓN LÓPEZ,DIVERSIFICADO,PRIVADO,URBANA,ABIERTA,MONOLINGUE,MATUTINA,DIARIO(REGULAR),HUEHUETENANGO
13-01-6304-46,13-004,HUEHUETENANGO,HUEHUETENANGO,COLEGIO PRIVADO MIXTO SAN LORENZO,5A. CALLE 1ER ACCESO 5-75 ZONA 5,77645768,CLARA ARMIDA MORALES CASTILLO,IRMA REGINA VELÁSQUEZ ESCOBEDO,DIVERSIFICADO,PRIVADO,URBANA,ABIERTA,MONOLINGUE,MATUTINA,DIARIO(REGULAR),HUEHUETENANGO
13-01-6369-46,13-004,HUEHUETENANGO,HUEHUETENANGO,ESCUELA NORMAL DE EDUCACION FISICA,ZACULEU CENTRAL ZONA 9,53861526,CLARA ARMIDA MORALES CASTILLO,MANUEL DEMETRIO FERNÁNDEZ RAMOS,DIVERSIFICADO,OFICIAL,URBANA,ABIERTA,MONOLINGUE,DOBLE,DIARIO(REGULAR),HUEHUETENANGO
13-01-6370-46,13-050,HUEHUETENANGO,HUEHUETENANGO,ESCUELA NORMAL BILINGÜE INTERCULTURAL JAXNAQTZAL MAM KYE AJXNAQTZAL,"12 CALLE 1-50, ZONA 5 COLONIA LOS ENCINOS",77642053,REYNALDO RECINOS CASTILLO,MARCO TULIO DOMINGO MACARIO,DIVERSIFICADO,OFICIAL,URBANA,ABIERTA,BILINGUE,MATUTINA,DIARIO(REGULAR),HUEHUETENANGO
13-01-6423-46,13-004,HUEHUETENANGO,HUEHUETENANGO,LICEO CANADIENSE DEL NOR OCCIDENTE,"8A. CALLE A 10-82 ZONA 1 7MA. CALLE 12-75, ZONA 5, COLONIA LA HONDONADA",77657888,CLARA ARMIDA MORALES CASTILLO,JULIO RENÉ CALDERÓN FLORES,DIVERSIFICADO,PRIVADO,URBANA,ABIERTA,MONOLINGUE,DOBLE,FIN DE SEMANA,HUEHUETENANGO
13-01-6778-46,13-004,HUEHUETENANGO,HUEHUETENANGO,"COLEGIO PRIVADO MIXTO ""NUEVO AMANECER""",3A. AVENIDA FINAL ZONA 3,77657960,CLARA ARMIDA MORALES CASTILLO,DÁMARIS JULISSA VILLATORO RECINOS,DIVERSIFICADO,PRIVADO,URBANA,ABIERTA,MONOLINGUE,DOBLE,FIN DE SEMANA,HUEHUETENANGO
13-01-6789-46,13-050,HUEHUETENANGO,HUEHUETENANGO,COLEGIO PRIVADO MIXTO RAFAEL LANDIVAR,5A. CALLE 11-66 ZONA 1,49664813,REYNALDO RECINOS CASTILLO,FLOR DE MARIA CASTILLO LÓPEZ,DIVERSIFICADO,PRIVADO,URBANA,ABIERTA,MONOLINGUE,MATUTINA,DIARIO(REGULAR),HUEHUETENANGO
13-01-6951-46,13-004,HUEHUETENANGO,HUEHUETENANGO,"COLEGIO PRIVADO MIXTO ""HERMANO PEDRO""",ZACULEU CENTRAL ZONA 9,57699663,CLARA ARMIDA MORALES CASTILLO,LILIA CARMELA LÓPEZ LÓPEZ,DIVERSIFICADO,PRIVADO,URBANA,ABIERTA,MONOLINGUE,DOBLE,FIN DE SEMANA,HUEHUETENANGO
13-01-7090-46,13-050,HUEHUETENANGO,HUEHUETENANGO,COLEGIO CRISTIANO TABERNACULO DE LA FE,SECTOR IV CAMBOTE ZONA 11,79344338,REYNALDO RECINOS CASTILLO,EUSTAQUIO GÓMEZ GÓMEZ,DIVERSIFICADO,PRIVADO,RURAL,ABIERTA,MONOLINGUE,MATUTINA,DIARIO(REGULAR),HUEHUETENANGO
13-01-7111-46,13-004,HUEHUETENANGO,HUEHUETENANGO,"COLEGIO EVANGÉLICO PARA ADULTOS GUATEMALTECOS ""EL SHADDAI""",COLONIA MAKEPEACE ZONA 1,77643534,CLARA ARMIDA MORALES CASTILLO,LUDDWIK MISSAEL GÓMEZ RIVAS,DIVERSIFICADO,PRIVADO,URBANA,ABIERTA,MONOLINGUE,DOBLE,FIN DE SEMANA,HUEHUETENANGO
13-01-7142-46,13-004,HUEHUETENANGO,HUEHUETENANGO,COLEGIO PRIVADO MIXTO AMERICANO,3A. AVENIDA 1-140 ZONA 3,77642424,CLARA ARMIDA MORALES CASTILLO,WILLIAM FLORENCIO RAMIREZ RECINOS,DIVERSIFICADO,PRIVADO,URBANA,ABIERTA,MONOLINGUE,DOBLE,FIN DE SEMANA,HUEHUETENANGO
13-02-0166-46,13-005,HUEHUETENANGO,CHIANTLA,ESCUELA NACIONAL DE CIENCIAS COMERCIALES,3A. CALLE 6-45 ZONA 5,77644480,YURI ESTEBAN LEÓN REYES,GONZALO EZEQUIEL MÉRIDA MÉRIDA,DIVERSIFICADO,OFICIAL,URBANA,ABIERTA,MONOLINGUE,VESPERTINA,DIARIO(REGULAR),HUEHUETENANGO
13-02-0194-46,13-006,HUEHUETENANGO,CHIANTLA,INSTITUTO BÁSICO EXPERIMENTAL CON ORIENTACION OCUPACIONAL FE Y ALEGRIA NO. 38,ALDEA CHUSCAJ,77644550,MARÍA ELENA MATÍAS ANTONIO DE MONTEJO,GERVIN GEOVANI JUSTINIANO CASTAÑEDA,DIVERSIFICADO,PRIVADO,RURAL,ABIERTA,MONOLINGUE,VESPERTINA,DIARIO(REGULAR),HUEHUETENANGO
13-02-0195-46,13-005,HUEHUETENANGO,CHIANTLA,COLEGIO INTEGRAL HUMANISTICO CHIANTLECO,CANTON LA LAGUNITA ZONA 3,77644240,YURI ESTEBAN LEÓN REYES,JOSÉ RENÉ TELLO MÉRIDA,DIVERSIFICADO,PRIVADO,URBANA,ABIERTA,MONOLINGUE,VESPERTINA,DIARIO(REGULAR),HUEHUETENANGO
13-02-0216-46,13-005,HUEHUETENANGO,CHIANTLA,COLEGIO INTEGRAL HUMANISTICO CHIANTLECO,CANTON LA LAGUNITA ZONA 3,77644240,YURI ESTEBAN LEÓN REYES,EMIL JOSÉ TELLO LÓPEZ,DIVERSIFICADO,PRIVADO,URBANA,ABIERTA,MONOLINGUE,DOBLE,FIN DE SEMANA,HUEHUETENANGO
13-02-0239-46,13-005,HUEHUETENANGO,CHIANTLA,"COLEGIO PRIVADO MIXTO ""LOS ANDES""","CANTÓN NUEVA ESPERANZA, ALDEA RÍO ESCONDIDO",57486992,YURI ESTEBAN LEÓN REYES,INÉS FRUTO LÓPEZ LÓPEZ,DIVERSIFICADO,PRIVADO,RURAL,ABIERTA,MONOLINGUE,VESPERTINA,DIARIO(REGULAR),HUEHUETENANGO
13-02-0267-46,13-005,HUEHUETENANGO,CHIANTLA,"COLEGIO ""JUAN PABLO II""","EOU PARA NIÑAS 5A. AVENIDA 4-13, ZONA 1",42077930,YURI ESTEBAN LEÓN REYES,MAIRA VIRGINIA GÓMEZ MÉNDEZ,DIVERSIFICADO,PRIVADO,URBANA,ABIERTA,MONOLINGUE,VESPERTINA,DIARIO(REGULAR),HUEHUETENANGO
13-02-0290-46,13-005,HUEHUETENANGO,CHIANTLA,"COLEGIO ""JUAN PABLO II""",5TA. AVENDIA 4-13 ZONA 1,30678846,YURI ESTEBAN LEÓN REYES,MAIRA VIRGINIA GÓMEZ MÉNDEZ,DIVERSIFICADO,PRIVADO,URBANA,ABIERTA,MONOLINGUE,DOBLE,FIN DE SEMANA,HUEHUETENANGO
13-02-0296-46,13-005,HUEHUETENANGO,CHIANTLA,COLEGIO INTEGRAL HUMANISTICO CHIANTLECO,CANTÓN LA LAGUNITA ZONA 3,77644240,YURI ESTEBAN LEÓN REYES,JOSÉ RENÉ TELLO MÉRIDA,DIVERSIFICADO,PRIVADO,URBANA,ABIERTA,MONOLINGUE,MATUTINA,DIARIO(REGULAR),HUEHUETENANGO
13-02-0306-46,13-005,HUEHUETENANGO,CHIANTLA,"COLEGIO PARROQUIAL ""NUESTRA SEÑORA DE CANDELARIA""",CANTÓN PARROQUIA,77253152,YURI ESTEBAN LEÓN REYES,SILVIA YANIRA TIGÜILÁ MARTÍNEZ,DIVERSIFICADO,PRIVADO,URBANA,ABIERTA,MONOLINGUE,VESPERTINA,DIARIO(REGULAR),HUEHUETENANGO
13-02-0307-46,13-060,HUEHUETENANGO,CHIANTLA,CENTRO DE EDUCACIÓN EXTRAESCOLAR CEEX FE Y ALEGRÍA NO. 12,"ALDEA CHUSCAJ, ZONA 4 CHIANTLA",77644550,AROLDO HOSBERI SOSA LÓPEZ,GERVIN GEOVANI JUSTINIANO CASTAÑEDA,DIVERSIFICADO,PRIVADO,RURAL,ABIERTA,MONOLINGUE,DOBLE,DIARIO(REGULAR),HUEHUETENANGO
13-02-0308-46,13-060,HUEHUETENANGO,CHIANTLA,"CENTRO DE EDUCACIÓN EXTRAESCOLAR CEEX- CENTRO DE EDUCACIÓN BÁSICA ALTERNATIVA DE CHIANTLA PMF""",CABECERA MUNICIPAL,32344761,AROLDO HOSBERI SOSA LÓPEZ,BRANLY GUDIEL GÓMEZ GÓMEZ,DIVERSIFICADO,PRIVADO,URBANA,ABIERTA,MONOLINGUE,DOBLE,FIN DE SEMANA,HUEHUETENANGO
13-02-0313-46,13-005,HUEHUETENANGO,CHIANTLA,COLEGIO INTEGRAL HUMANÍSTICO CHIANTLECO,CANTÓN LA LAGUNITA ZONA 3,77644240,YURI ESTEBAN LEÓN REYES,EMIL JOSÉ TELLO LÓPEZ,DIVERSIFICADO,PRIVADO,URBANA,ABIERTA,MONOLINGUE,SIN JORNADA,SEMIPRESENCIAL (UN DÍA A LA SEMANA),HUEHUETENANGO
13-02-0317-46,13-005,HUEHUETENANGO,CHIANTLA,COLEGIO JUAN PABLO II,5A. AVENIDA 4-13 ZONA 1,30678846,YURI ESTEBAN LEÓN REYES,MAIRA VIRGINIA GÓMEZ MÉNDEZ,DIVERSIFICADO,PRIVADO,URBANA,ABIERTA,MONOLINGUE,SIN JORNADA,SEMIPRESENCIAL (UN DÍA A LA SEMANA),HUEHUETENANGO
13-02-0319-46,13-005,HUEHUETENANGO,CHIANTLA,"COLEGIO PRIVADO MIXTO ""LOS ANDES""",CANTÓN NUEVA ESPERANZA ALDEA RÍO ESCONDIDO,40318789,YURI ESTEBAN LEÓN REYES,INÉS FRUTO LÓPEZ LÓPEZ,DIVERSIFICADO,PRIVADO,RURAL,ABIERTA,MONOLINGUE,SIN JORNADA,SEMIPRESENCIAL (UN DÍA A LA SEMANA),HUEHUETENANGO
13-02-0324-46,13-005,HUEHUETENANGO,CHIANTLA,COLEGIO PARROQUIAL NUESTRA SEÑORA DE CANDELARIA,CANTÓN PARROQUIA ZONA 1,33358055,YURI ESTEBAN LEÓN REYES,VICTOR HUGO ALVA CANO,DIVERSIFICADO,PRIVADO,URBANA,ABIERTA,MONOLINGUE,MATUTINA,DIARIO(REGULAR),HUEHUETENANGO
13-02-0325-46,13-006,HUEHUETENANGO,CHIANTLA,"COLEGIO PRIVADO MIXTO ""RIO QUISIL""",ALDEA CHÓCHAL,46584251,MARÍA ELENA MATÍAS ANTONIO DE MONTEJO,MAYNOR ALBERTO VELÁSQUEZ CHÁVEZ,DIVERSIFICADO,PRIVADO,RURAL,ABIERTA,MONOLINGUE,SIN JORNADA,SEMIPRESENCIAL (UN DÍA A LA SEMANA),HUEHUETENANGO
13-02-0326-46,13-006,HUEHUETENANGO,CHIANTLA,"COLEGIO PRIVADO MIXTO ""RIO QUISIL""",ALDEA CHÓCHAL,46584251,MARÍA ELENA MATÍAS ANTONIO DE MONTEJO,MAYNOR ALBERTO VELÁSQUEZ CHÁVEZ,DIVERSIFICADO,PRIVADO,RURAL,ABIERTA,MONOLINGUE,VESPERTINA,DIARIO(REGULAR),HUEHUETENANGO
13-03-0047-46,13-009,HUEHUETENANGO,MALACATANCITO,COLEGIO PRIVADO MIXTO XEPON,ALDEA XEPON GRANDE,47838773,AUGUSTO RENÉ CASTILLO AGUIRRE,APOLONIO MARINO RODRÍGUEZ MORALES,DIVERSIFICADO,PRIVADO,RURAL,ABIERTA,MONOLINGUE,DOBLE,FIN DE SEMANA,HUEHUETENANGO
13-03-0049-46,13-010,HUEHUETENANGO,MALACATANCITO,COLEGIO MIXTO INTERCULTURAL MALACATANCITO,CABECERA MUNICIPAL,77569712,AUGUSTO RENÉ CASTILLO AGUIRRE,RINGLER ISAIR REYES BARRIOS,DIVERSIFICADO,PRIVADO,URBANA,ABIERTA,MONOLINGUE,VESPERTINA,DIARIO(REGULAR),HUEHUETENANGO
13-03-0050-46,13-010,HUEHUETENANGO,MALACATANCITO,COLEGIO MIXTO INTERCULTURAL MALACATANCITO,CABECERA MUNICIPAL,77569712,AUGUSTO RENÉ CASTILLO AGUIRRE,RINGLER ISAIR REYES BARRIOS,DIVERSIFICADO,PRIVADO,URBANA,ABIERTA,MONOLINGUE,DOBLE,FIN DE SEMANA,HUEHUETENANGO
13-03-0060-46,13-010,HUEHUETENANGO,MALACATANCITO,COLEGIO PARROQUIAL MIXTO SANTA ANA,"CALZADA FÉLIX CALDERÓN AVILA 0-15, ZONA 6 BARRIO LA COMUNIDAD",77569558,AUGUSTO RENÉ CASTILLO AGUIRRE,TOMASA ZACARÍAS DOMINGO,DIVERSIFICADO,PRIVADO,URBANA,ABIERTA,MONOLINGUE,MATUTINA,DIARIO(REGULAR),HUEHUETENANGO
13-03-0065-46,13-010,HUEHUETENANGO,MALACATANCITO,"LICEO PRIVADO MIXTO ""EMANUEL""",CABECERA MUNICIPAL,50054877,AUGUSTO RENÉ CASTILLO AGUIRRE,SAIRO BACILIO VILLATORO VÁSQUEZ,DIVERSIFICADO,PRIVADO,URBANA,ABIERTA,MONOLINGUE,VESPERTINA,DIARIO(REGULAR),HUEHUETENANGO
13-03-0067-46,13-010,HUEHUETENANGO,MALACATANCITO,"LICEO PRIVADO MIXTO ""EMANUEL""",CABECERA MUNICIPAL,50054877,AUGUSTO RENÉ CASTILLO AGUIRRE,SAIRO BACILIO VILLATORO VÁSQUEZ,DIVERSIFICADO,PRIVADO,URBANA,ABIERTA,MONOLINGUE,DOBLE,FIN DE SEMANA,HUEHUETENANGO
13-03-0069-46,13-010,HUEHUETENANGO,MALACATANCITO,COLEGIO TECNOLÓGICO RURAL,CASERÍO TOJOCHÁN,53226509,AUGUSTO RENÉ CASTILLO AGUIRRE,MICHAEL AROLDO RODRÍGUEZ LÓPEZ,DIVERSIFICADO,PRIVADO,RURAL,ABIERTA,MONOLINGUE,DOBLE,FIN DE SEMANA,HUEHUETENANGO
13-03-0070-46,13-010,HUEHUETENANGO,MALACATANCITO,COLEGIO TECNOLÓGICO RURAL,"CASERÍO TOJOCHÁN, ALDEA PUCAL",53226509,AUGUSTO RENÉ CASTILLO AGUIRRE,MICHAEL AROLDO RODRÍGUEZ LÓPEZ,DIVERSIFICADO,PRIVADO,RURAL,ABIERTA,MONOLINGUE,MATUTINA,DIARIO(REGULAR),HUEHUETENANGO
13-03-0076-46,13-010,HUEHUETENANGO,MALACATANCITO,LICEO PRIVADO MIXTO EMANUEL,CABECERA MUNICIPAL DE MALACATANCITO MALACATANCITO,50054877,AUGUSTO RENÉ CASTILLO AGUIRRE,FLAVIO ARTURO SAMAYOA RAMOS,DIVERSIFICADO,PRIVADO,URBANA,ABIERTA,MONOLINGUE,DOBLE,DIARIO(REGULAR),HUEHUETENANGO
13-03-0080-46,13-010,HUEHUETENANGO,MALACATANCITO,LICEO PRIVADO MIXTO EMANUEL,CABECERA MUNICIPAL,50054877,AUGUSTO RENÉ CASTILLO AGUIRRE,SAIRO BACILIO VILLATORO VÁSQUEZ,DIVERSIFICADO,PRIVADO,URBANA,ABIERTA,MONOLINGUE,SIN JORNADA,SEMIPRESENCIAL (UN DÍA A LA SEMANA),HUEHUETENANGO
13-03-0083-46,13-009,HUEHUETENANGO,MALACATANCITO,COLEGIO MIXTO INTERCULTURAL MALACATANCITO,CABECERA MUNICIPAL,77569712,AUGUSTO RENÉ CASTILLO AGUIRRE,RINGLER ISAIR REYES BARRIOS,DIVERSIFICADO,PRIVADO,URBANA,ABIERTA,MONOLINGUE,SIN JORNADA,SEMIPRESENCIAL (UN DÍA A LA SEMANA),HUEHUETENANGO
13-03-0084-46,13-010,HUEHUETENANGO,MALACATANCITO,COLEGIO PRIVADO MIXTO TECNOLÓGICO RURAL,CASERÍO TOJOCHÁN,53226509,AUGUSTO RENÉ CASTILLO AGUIRRE,MICHAEL AROLDO RODRÍGUEZ LÓPEZ,DIVERSIFICADO,PRIVADO,RURAL,ABIERTA,MONOLINGUE,SIN JORNADA,SEMIPRESENCIAL (UN DÍA A LA SEMANA),HUEHUETENANGO
13-04-0070-46,13-013,HUEHUETENANGO,CUILCO,INSTITUTO NACIONAL DE EDUCACION DIVERSIFICADA,ALDEA YERBA BUENA ALTA,41113238,CARLOS HERIBERTO ESTRADA ANZUETO,HEILY ERASMA RAMOS REYNOSO,DIVERSIFICADO,OFICIAL,RURAL,ABIERTA,MONOLINGUE,VESPERTINA,DIARIO(REGULAR),HUEHUETENANGO
13-04-0098-46,13-011,HUEHUETENANGO,CUILCO,INSTITUTO DE EDUCACIÓN DIVERSIFICADA POR COOPERATIVA,ALDEA POSONICAPA CHIQUITO,51894002,DELMY ELISAMA CHAVEZ ROBLERO,NIKER LUCIANO CIFUENTES GÁLVEZ,DIVERSIFICADO,COOPERATIVA,RURAL,ABIERTA,MONOLINGUE,VESPERTINA,DIARIO(REGULAR),HUEHUETENANGO
13-04-0112-46,13-012,HUEHUETENANGO,CUILCO,INSTITUTO NACIONAL DE EDUCACION DIVERSIFICADA,CASERÍO LA CRUZ REGIONAL,44949669,LUIS FERNANDO VENTURA GONZÁLEZ,BENIGNO ODILIO GONZÁLEZ VELÁSQUEZ,DIVERSIFICADO,OFICIAL,RURAL,ABIERTA,MONOLINGUE,VESPERTINA,DIARIO(REGULAR),HUEHUETENANGO
13-04-0116-46,13-012,HUEHUETENANGO,CUILCO,"INSTITUTO PRIVADO MIXTO ""I.P.E.V.""",ALDEA SOSÍ,49585878,LUIS FERNANDO VENTURA GONZÁLEZ,ELIO ENAÍ HERNÁNDEZ MARTÍNEZ,DIVERSIFICADO,PRIVADO,RURAL,ABIERTA,MONOLINGUE,MATUTINA,A DISTANCIA,HUEHUETENANGO
13-04-0117-46,13-012,HUEHUETENANGO,CUILCO,"INSTITUTO PRIVADO MIXTO ""I.P.E.V.""",ALDEA SOSÍ,49585878,LUIS FERNANDO VENTURA GONZÁLEZ,ELIO ENAÍ HERNÁNDEZ MARTÍNEZ,DIVERSIFICADO,PRIVADO,RURAL,ABIERTA,MONOLINGUE,DOBLE,A DISTANCIA,HUEHUETENANGO
13-04-0118-46,13-060,HUEHUETENANGO,CUILCO,CENTRO DE EDUCACIÓN EXTRAESCOLAR MUNICIPAL-CEEXM,16/10/2021,45766136,AROLDO HOSBERI SOSA LÓPEZ,BERNABÉ PATROCINIO GÁLVEZ ROBLERO,DIVERSIFICADO,PRIVADO,URBANA,ABIERTA,MONOLINGUE,DOBLE,SEMIPRESENCIAL,HUEHUETENANGO
13-04-0119-46,13-013,HUEHUETENANGO,CUILCO,COLEGIO INTEGRAL EMPRESARIAL POR MADUREZ- CIEM,CALLE LA PAZ,77619224,CARLOS HERIBERTO ESTRADA ANZUETO,HELEN MARLENY LÓPEZ ESTRADA,DIVERSIFICADO,PRIVADO,URBANA,ABIERTA,MONOLINGUE,SIN JORNADA,SEMIPRESENCIAL (UN DÍA A LA SEMANA),HUEHUETENANGO
13-04-6414-46,13-012,HUEHUETENANGO,CUILCO,INSTITUTO NORMAL MIXTO PRIVADO SAN ANDRES,CABECERA MUNICIPAL,49771646,LUIS FERNANDO VENTURA GONZÁLEZ,JESÚS CATALINO HERRERA DE LEÓN,DIVERSIFICADO,PRIVADO,URBANA,ABIERTA,MONOLINGUE,VESPERTINA,DIARIO(REGULAR),HUEHUETENANGO
13-04-6751-46,13-011,HUEHUETENANGO,CUILCO,COLEGIO PRIVADO MIXTO PERLA ESCONDIDA,CABECERA MUNICIPAL,30846812,DELMY ELISAMA CHAVEZ ROBLERO,GEREMIAS GÁLVEZ MAZARIEGOS,DIVERSIFICADO,PRIVADO,URBANA,ABIERTA,MONOLINGUE,VESPERTINA,DIARIO(REGULAR),HUEHUETENANGO
13-05-0027-46,13-014,HUEHUETENANGO,NENTON,COLEGIO PARROQUIAL PRIVADO MIXTO NUESTRO SEÑOR DE ESQUIPULAS,CABECERA MUNICIPAL,45848073,JOSELINO SAMAYOA CASTILLO,ISMAEL EUGENIO PASCUAL GUILLÉN,DIVERSIFICADO,PRIVADO,URBANA,ABIERTA,MONOLINGUE,VESPERTINA,DIARIO(REGULAR),HUEHUETENANGO
13-05-0041-46,13-014,HUEHUETENANGO,NENTON,"COLEGIO EVANGÉLICO MIXTO ""LA VID VERDADERA""",CABECERA MUNICIPAL,48663281,JOSELINO SAMAYOA CASTILLO,NILSAN SAYDETH MONTEJO MENDOZA,DIVERSIFICADO,PRIVADO,URBANA,ABIERTA,MONOLINGUE,VESPERTINA,DIARIO(REGULAR),HUEHUETENANGO
13-05-0044-46,13-014,HUEHUETENANGO,NENTON,"COLEGIO PRIVADO MIXTO ""NENTONENSE""",CABECERA MUNICIPAL,50327661,JOSELINO SAMAYOA CASTILLO,ELVIN ABILIO LÓPEZ GRANADOS,DIVERSIFICADO,PRIVADO,URBANA,ABIERTA,MONOLINGUE,VESPERTINA,DIARIO(REGULAR),HUEHUETENANGO
13-05-0052-46,13-014,HUEHUETENANGO,NENTON,"COLEGIO INTERCULTURAL PRIVADO MIXTO ""CIENCIA APLICADA""",CABECERA MUNICIPAL,57381713,JOSELINO SAMAYOA CASTILLO,MIGUEL ANGEL HERNÁNDEZ TÓRREZ,DIVERSIFICADO,PRIVADO,URBANA,ABIERTA,MONOLINGUE,DOBLE,FIN DE SEMANA,HUEHUETENANGO
13-05-0055-46,13-014,HUEHUETENANGO,NENTON,"COLEGIO INTERCULTURAL PRIVADO MIXTO ""CIENCIA APLICADA""",CABECERA MUNICIPAL,57381713,JOSELINO SAMAYOA CASTILLO,MIGUEL ANGEL HERNÁNDEZ TÓRREZ,DIVERSIFICADO,PRIVADO,URBANA,ABIERTA,MONOLINGUE,SIN JORNADA,SEMIPRESENCIAL (FIN DE SEMANA),HUEHUETENANGO
13-05-0058-46,13-014,HUEHUETENANGO,NENTON,"COLEGIO PRIVADO MIXTO ""NENTONENSE""",CABECERA MUNICIPAL,50327661,JOSELINO SAMAYOA CASTILLO,ELVIN ABILIO LÓPEZ GRANADOS,DIVERSIFICADO,PRIVADO,URBANA,ABIERTA,MONOLINGUE,SIN JORNADA,SEMIPRESENCIAL (UN DÍA A LA SEMANA),HUEHUETENANGO
13-05-0061-46,13-014,HUEHUETENANGO,NENTON,INSTITUTO NACIONAL DE EDUCACIÓN DIVERSIFICADA,CABECERA MUNICIPAL,32303010,JOSELINO SAMAYOA CASTILLO,MARÍA TERESA CANO SOLIS,DIVERSIFICADO,OFICIAL,URBANA,ABIERTA,MONOLINGUE,VESPERTINA,DIARIO(REGULAR),HUEHUETENANGO
13-06-0055-46,13-016,HUEHUETENANGO,SAN PEDRO NECTA,INSTITUTO NACIONAL DE EDUCACION DIVERSIFICADA,ALDEA EL TZALAY,45809305,MANRIQUE EZEQUIEL GÓMEZ RECINOS,IRMA CLEMENTA HERNÁNDEZ VILLATORO,DIVERSIFICADO,OFICIAL,RURAL,ABIERTA,MONOLINGUE,VESPERTINA,DIARIO(REGULAR),HUEHUETENANGO
13-06-0066-46,13-016,HUEHUETENANGO,SAN PEDRO NECTA,"COLEGIO MIXTO ""LA CONCORDIA""",CABECERA MUNICIPAL,44955412,MANRIQUE EZEQUIEL GÓMEZ RECINOS,FRANCISCO ANTONIO CASTILLO CAMPOSECO,DIVERSIFICADO,PRIVADO,URBANA,ABIERTA,MONOLINGUE,DOBLE,FIN DE SEMANA,HUEHUETENANGO
13-06-0075-46,13-016,HUEHUETENANGO,SAN PEDRO NECTA,COLEGIO INTEGRAL EMPRESARIAL SAMPEDRANO POR MADUREZ,CABECERA MUNICIPAL,53217751,MANRIQUE EZEQUIEL GÓMEZ RECINOS,IRIS LUCÍA CIFUENTES MAZARIEGOS,DIVERSIFICADO,PRIVADO,URBANA,ABIERTA,MONOLINGUE,SIN JORNADA,SEMIPRESENCIAL (UN DÍA A LA SEMANA),HUEHUETENANGO
13-06-0077-46,13-016,HUEHUETENANGO,SAN PEDRO NECTA,COLEGIO INTEGRAL EMPRESARIAL SAMPEDRANO POR MADUREZ,CABECERA MUNICIPAL,77226851,MANRIQUE EZEQUIEL GÓMEZ RECINOS,IRIS LUCÍA CIFUENTES MAZARIEGOS,DIVERSIFICADO,PRIVADO,URBANA,ABIERTA,MONOLINGUE,MATUTINA,DIARIO(REGULAR),HUEHUETENANGO
13-06-0078-46,13-016,HUEHUETENANGO,SAN PEDRO NECTA,COLEGIO INTEGRAL EMPRESARIAL SAMPEDRANO POR MADUREZ,CABECERA MUNICIPAL,77226851,MANRIQUE EZEQUIEL GÓMEZ RECINOS,IRIS LUCÍA CIFUENTES MAZARIEGOS,DIVERSIFICADO,PRIVADO,URBANA,ABIERTA,MONOLINGUE,DOBLE,FIN DE SEMANA,HUEHUETENANGO
13-06-0081-46,13-016,HUEHUETENANGO,SAN PEDRO NECTA,"COLEGIO TÉCNICO INTEGRAL ""CURIE""",CABECERA MUNICIPAL,30493515,MANRIQUE EZEQUIEL GÓMEZ RECINOS,JACKELYN YESENIA MARTINEZ MARTINEZ,DIVERSIFICADO,PRIVADO,RURAL,ABIERTA,MONOLINGUE,SIN JORNADA,SEMIPRESENCIAL (UN DÍA A LA SEMANA),HUEHUETENANGO
13-06-0083-46,13-016,HUEHUETENANGO,SAN PEDRO NECTA,"COLEGIO TÉCNICO INTEGRAL ""CURIE""",CABECERA MUNICIPAL,30493515,MANRIQUE EZEQUIEL GÓMEZ RECINOS,JACKELYN YESENIA MARTINEZ MARTINEZ,DIVERSIFICADO,PRIVADO,URBANA,ABIERTA,MONOLINGUE,DOBLE,FIN DE SEMANA,HUEHUETENANGO
13-06-5758-46,13-016,HUEHUETENANGO,SAN PEDRO NECTA,COLEGIO EVANGELICO MIXTO GETSEMANI,"SAN PEDRO NECTA, HUEHUETENANGO",77918301,MANRIQUE EZEQUIEL GÓMEZ RECINOS,ORBELIO AGUSTÍN CALDERÓN,DIVERSIFICADO,PRIVADO,URBANA,ABIERTA,MONOLINGUE,VESPERTINA,DIARIO(REGULAR),HUEHUETENANGO
13-06-6072-46,13-016,HUEHUETENANGO,SAN PEDRO NECTA,INSTITUTO PRIVADO MIXTO 'SAMPEDRANO',CANTON EL LLANO,44955412,MANRIQUE EZEQUIEL GÓMEZ RECINOS,FRANCISCO ANTONIO CASTILLO CAMPOSECO,DIVERSIFICADO,PRIVADO,URBANA,ABIERTA,BILINGUE,VESPERTINA,DIARIO(REGULAR),HUEHUETENANGO
13-07-0027-46,13-051,HUEHUETENANGO,JACALTENANGO,"LICEO MIXTO PRIVADO ""CAMPOSECO""","CANTÓN EL LLANO, ZONA 5",57301938,CESAR GODÍNEZ GIRÓN,ERICK ALBERTO ROSALES GÓMEZ,DIVERSIFICADO,PRIVADO,URBANA,ABIERTA,MONOLINGUE,MATUTINA,DIARIO(REGULAR),HUEHUETENANGO
13-07-0029-46,13-051,HUEHUETENANGO,JACALTENANGO,"LICEO MIXTO PRIVADO ""CAMPOSECO""","CANTON EL LLANO, ZONA 5",47154132,CESAR GODÍNEZ GIRÓN,SINDY SIOMARA JIMÉNEZ SILVESTRE,DIVERSIFICADO,PRIVADO,URBANA,ABIERTA,MONOLINGUE,DOBLE,FIN DE SEMANA,HUEHUETENANGO
13-07-0054-46,13-051,HUEHUETENANGO,JACALTENANGO,LICEO PRIVADO MIXTO INTERCULTURAL DE OCCIDENTE,ALDEA BUXUP,53736913,CESAR GODÍNEZ GIRÓN,JENRY JUAN DELGADO DÍAZ,DIVERSIFICADO,PRIVADO,RURAL,ABIERTA,MONOLINGUE,VESPERTINA,DIARIO(REGULAR),HUEHUETENANGO
13-07-0055-46,13-051,HUEHUETENANGO,JACALTENANGO,"INSTITUTO PRIVADO MIXTO DIVERSIFICADO ""JACALTENANGO""",CANTÓN SAN SEBASTIÁN,40902970,CESAR GODÍNEZ GIRÓN,JOSÉ FIDENCIO DELGADO HERNÁNDEZ,DIVERSIFICADO,PRIVADO,URBANA,ABIERTA,BILINGUE,VESPERTINA,DIARIO(REGULAR),HUEHUETENANGO
13-07-0056-46,13-051,HUEHUETENANGO,JACALTENANGO,"INSTITUTO PRIVADO MIXTO DIVERSIFICADO ""JACALTENANGO""",CANTÓN SAN SEBASTIÁN,59851269,CESAR GODÍNEZ GIRÓN,JOSÉ FIDENCIO DELGADO HERNÁNDEZ,DIVERSIFICADO,PRIVADO,RURAL,ABIERTA,MONOLINGUE,DOBLE,DIARIO(REGULAR),HUEHUETENANGO
13-07-0064-46,13-051,HUEHUETENANGO,JACALTENANGO,"INSTITUTO PRIVADO MIXTO DIVERSIFICADO ""JACALTENANGO""",CANTÓN SAN SEBASTIAN,59851269,CESAR GODÍNEZ GIRÓN,MARÍA SALOMÉ ROS SÁNCHEZ,DIVERSIFICADO,PRIVADO,URBANA,ABIERTA,MONOLINGUE,DOBLE,FIN DE SEMANA,HUEHUETENANGO
13-07-0066-46,13-051,HUEHUETENANGO,JACALTENANGO,"CENTRO EDUCATIVO COMUNITARIO ""SAN JOSÉ TZISBAJ""","CANTÓN PARROQUIA, ALDEA TZISBAJ",50601736,CESAR GODÍNEZ GIRÓN,CAYETANO JIMÉNEZ DOMINGO,DIVERSIFICADO,PRIVADO,RURAL,ABIERTA,BILINGUE,VESPERTINA,DIARIO(REGULAR),HUEHUETENANGO
13-07-0067-46,13-051,HUEHUETENANGO,JACALTENANGO,INSTITUTO NACIONAL DE EDUCACIÓN DIVERSIFICADA,CANTÓN SAN SEBASTIÁN,50062846,CESAR GODÍNEZ GIRÓN,JESÚS RODOLFO CAMPOSECO SILVESTRE,DIVERSIFICADO,OFICIAL,URBANA,ABIERTA,MONOLINGUE,DOBLE,DIARIO(REGULAR),HUEHUETENANGO
13-07-0068-46,13-060,HUEHUETENANGO,JACALTENANGO,CENTRO DE EDUCACIÓN EXTRAESCOLAR CEEX,CABECERA MUNICIPAL,32124222,AROLDO HOSBERI SOSA LÓPEZ,ADELAIDA MARÍA HURTADO LÓPEZ,DIVERSIFICADO,PRIVADO,URBANA,ABIERTA,MONOLINGUE,DOBLE,SEMIPRESENCIAL,HUEHUETENANGO
13-07-0072-46,13-051,HUEHUETENANGO,JACALTENANGO,"LICEO MIXTO PRIVADO ""CAMPOSECO""","CANTÓN EL LLANO, ZONA 5",47154132,CESAR GODÍNEZ GIRÓN,SINDY SIOMARA JIMÉNEZ SILVESTRE,DIVERSIFICADO,PRIVADO,URBANA,ABIERTA,MONOLINGUE,SIN JORNADA,SEMIPRESENCIAL (UN DÍA A LA SEMANA),HUEHUETENANGO
13-07-0075-46,13-051,HUEHUETENANGO,JACALTENANGO,INSTITUTO NACIONAL TECNOLÓGICO,CANTÓN SAN SEBASTIÁN,32640401,CESAR GODÍNEZ GIRÓN,JOSÉ ISMAEL DÍAZ MONTEJO,DIVERSIFICADO,OFICIAL,URBANA,ABIERTA,MONOLINGUE,DOBLE,DIARIO(REGULAR),HUEHUETENANGO
13-07-6385-46,13-051,HUEHUETENANGO,JACALTENANGO,INSTITUTO PRIVADO MIXTO DIVERSIFICADO JACALTENANGO,CANTÓN SAN SEBASTIÁN,40902970,CESAR GODÍNEZ GIRÓN,JOSÉ FIDENCIO DELGADO HERNÁNDEZ,DIVERSIFICADO,PRIVADO,URBANA,ABIERTA,BILINGUE,MATUTINA,DIARIO(REGULAR),HUEHUETENANGO
13-07-6871-46,13-051,HUEHUETENANGO,JACALTENANGO,"LICEO MIXTO PRIVADO ""CAMPOSECO""","CANTÓN EL LLANO, ZONA 5",47154132,CESAR GODÍNEZ GIRÓN,SINDY SIOMARA JIMÉNEZ SILVESTRE,DIVERSIFICADO,PRIVADO,URBANA,ABIERTA,MONOLINGUE,VESPERTINA,DIARIO(REGULAR),HUEHUETENANGO
13-08-0045-46,13-020,HUEHUETENANGO,SAN PEDRO SOLOMA,"INSTITUTO PARTICULAR MIXTO INTERCULTURAL ""CIENCIA Y DESARROLLO""","BARRIO ESQUIPULAS, ZONA 6",77806985,PETRONA SABINA LÓPEZ LORENZO DE ANTONIO,JAIME ESTUARDO DOMÍNGUEZ RODAS,DIVERSIFICADO,PRIVADO,URBANA,ABIERTA,MONOLINGUE,DOBLE,FIN DE SEMANA,HUEHUETENANGO
13-08-0046-46,13-020,HUEHUETENANGO,SAN PEDRO SOLOMA,INSTITUTO NORMAL MIXTO PRIVADO,"BARRIO EL CARMEN, ZONA 2",57521085,PETRONA SABINA LÓPEZ LORENZO DE ANTONIO,RONI GEPCER CANO CASTELLANOS,DIVERSIFICADO,PRIVADO,URBANA,ABIERTA,MONOLINGUE,VESPERTINA,DIARIO(REGULAR),HUEHUETENANGO
13-08-0049-46,13-020,HUEHUETENANGO,SAN PEDRO SOLOMA,LICEO TÉCNICO LIBERADOR KAROL WOJTILA,BARRIO COTZAN,40206637,PETRONA SABINA LÓPEZ LORENZO DE ANTONIO,ANDRÉS BONIFACIO LÓPEZ ANDRÉS,DIVERSIFICADO,PRIVADO,RURAL,ABIERTA,MONOLINGUE,VESPERTINA,DIARIO(REGULAR),HUEHUETENANGO
13-08-0058-46,13-020,HUEHUETENANGO,SAN PEDRO SOLOMA,"COLEGIO LICEO TÉCNICO LIBERADOR ""KAROL WOJTILA""",BARRIO COTZAN,45281085,PETRONA SABINA LÓPEZ LORENZO DE ANTONIO,NIDIA KARINA ESCOBEDO MORALES,DIVERSIFICADO,PRIVADO,URBANA,ABIERTA,MONOLINGUE,DOBLE,FIN DE SEMANA,HUEHUETENANGO
13-08-0059-46,13-020,HUEHUETENANGO,SAN PEDRO SOLOMA,"COLEGIO PARROQUIAL ""SAN PEDRO""",BARRIO EL CENTRO SAN PEDRO SOLOMA,37147159,PETRONA SABINA LÓPEZ LORENZO DE ANTONIO,MARÍA ROSA RAMÍREZ LÓPEZ,DIVERSIFICADO,PRIVADO,URBANA,ABIERTA,MONOLINGUE,VESPERTINA,DIARIO(REGULAR),HUEHUETENANGO
13-08-0062-46,13-021,HUEHUETENANGO,SAN PEDRO SOLOMA,INSTITUTO PARTICULAR MIXTO INTERCULTURAL CIENCIA Y DESARROLLO,"BARRIO ESQUIPULAS, ZONA 6",77806985,PETRONA SABINA LÓPEZ LORENZO DE ANTONIO,JAIME ESTUARDO DOMÍNGUEZ RODAS,DIVERSIFICADO,PRIVADO,URBANA,ABIERTA,MONOLINGUE,SIN JORNADA,SEMIPRESENCIAL (FIN DE SEMANA),HUEHUETENANGO
13-08-0063-46,13-020,HUEHUETENANGO,SAN PEDRO SOLOMA,"LICEO TÉCNICO LIBERADOR ""KAROL WOJTYLA""",CABECERA MUNICIPAL,45281085,PETRONA SABINA LÓPEZ LORENZO DE ANTONIO,NIDIA KARINA ESCOBEDO MORALES,DIVERSIFICADO,PRIVADO,URBANA,ABIERTA,MONOLINGUE,SIN JORNADA,SEMIPRESENCIAL (UN DÍA A LA SEMANA),HUEHUETENANGO
13-08-7124-46,13-020,HUEHUETENANGO,SAN PEDRO SOLOMA,INSTITUTO PARTICULAR MIXTO INTERCULTURAL CIENCIA Y DESARROLLO,"BARRIO ESQUIPULAS, ZONA 6",77806985,PETRONA SABINA LÓPEZ LORENZO DE ANTONIO,ROSALIO TELEGUARIO MAGZUL,DIVERSIFICADO,PRIVADO,URBANA,ABIERTA,MONOLINGUE,MATUTINA,DIARIO(REGULAR),HUEHUETENANGO
13-09-0004-46,13-022,HUEHUETENANGO,SAN ILDEFONSO IXTAHUACAN,"COLEGIO PRIVADO MIXTO ""NUEVO HORIZONTE""",CABECERA MUNICIPAL,57811883,ANDRÉS TOMÁS LEÓN ANDRÉS GASPAR,JUAN JOSÉ RAMÍREZ LÓPEZ,DIVERSIFICADO,PRIVADO,URBANA,ABIERTA,MONOLINGUE,DOBLE,FIN DE SEMANA,HUEHUETENANGO
13-09-0045-46,13-022,HUEHUETENANGO,SAN ILDEFONSO IXTAHUACAN,COLEGIO PRIVADO MIXTO PREUNIVERSITARIO CIENTIFICO INTEGRAL,SAN ILDEFONSO IXTAHUACAN,59991051,ANDRÉS TOMÁS LEÓN ANDRÉS GASPAR,JOSÉ VINICIO PÉREZ HERRERA,DIVERSIFICADO,PRIVADO,URBANA,ABIERTA,MONOLINGUE,VESPERTINA,DIARIO(REGULAR),HUEHUETENANGO
13-09-0046-46,13-022,HUEHUETENANGO,SAN ILDEFONSO IXTAHUACAN,"COLEGIO EVANGÉLICO MIXTO PRIVADO ""EMANUEL""",CABECERA MUNICIPAL,57548166,ANDRÉS TOMÁS LEÓN ANDRÉS GASPAR,MARLEN MILENA YAQUE RAMÍREZ,DIVERSIFICADO,PRIVADO,URBANA,ABIERTA,MONOLINGUE,VESPERTINA,DIARIO(REGULAR),HUEHUETENANGO
13-09-0059-46,13-022,HUEHUETENANGO,SAN ILDEFONSO IXTAHUACAN,LICEO PRIVADO MIXTO EDNA EDITH HERRERA VILLATORO,CABECERA MUNICIPAL,59991051,ANDRÉS TOMÁS LEÓN ANDRÉS GASPAR,JOSÉ VINICIO PÉREZ HERRERA,DIVERSIFICADO,PRIVADO,URBANA,ABIERTA,MONOLINGUE,DOBLE,FIN DE SEMANA,HUEHUETENANGO
13-09-0061-46,13-022,HUEHUETENANGO,SAN ILDEFONSO IXTAHUACAN,"COLEGIO EVANGÉLICO PRIVADO MIXTO ""NUEVO HORIZONTE""",CABECERA MUNICIPAL,33370931,ANDRÉS TOMÁS LEÓN ANDRÉS GASPAR,JUAN JOSÉ RAMÍREZ LÓPEZ,DIVERSIFICADO,PRIVADO,URBANA,ABIERTA,MONOLINGUE,MATUTINA,DIARIO(REGULAR),HUEHUETENANGO
13-09-0072-46,13-060,HUEHUETENANGO,SAN ILDEFONSO IXTAHUACAN,CENTRO DE EDUCACIÓN EXTRAESCOLAR -CEEX- GRUPO CEIBA,"CASERÍO EL PLATANAR, ALDEA CASACA",49709946,AROLDO HOSBERI SOSA LÓPEZ,MAYCO LEONEL DOMINGO HERNÁNDEZ,DIVERSIFICADO,PRIVADO,RURAL,ABIERTA,MONOLINGUE,DOBLE,SEMIPRESENCIAL,HUEHUETENANGO
13-09-0074-46,13-022,HUEHUETENANGO,SAN ILDEFONSO IXTAHUACAN,LICEO PRIVADO MIXTO EDNA EDITH HERRERA VILLATORO,CABECERA MUNICIPAL,59991051,ANDRÉS TOMÁS LEÓN ANDRÉS GASPAR,JOSÉ VINICIO PÉREZ HERRERA,DIVERSIFICADO,PRIVADO,URBANA,ABIERTA,MONOLINGUE,SIN JORNADA,SEMIPRESENCIAL (UN DÍA A LA SEMANA),HUEHUETENANGO
13-09-0078-46,13-022,HUEHUETENANGO,SAN ILDEFONSO IXTAHUACAN,"LICEO PRIVADO MIXTO ""WELLMANN""",CABECERA MUNICIPAL,49177782,ANDRÉS TOMÁS LEÓN ANDRÉS GASPAR,IRIS MARLENY HERRERA MARTÍNEZ,DIVERSIFICADO,PRIVADO,URBANA,ABIERTA,MONOLINGUE,VESPERTINA,DIARIO(REGULAR),HUEHUETENANGO
13-09-1582-46,13-022,HUEHUETENANGO,SAN ILDEFONSO IXTAHUACAN,INSTITUTO NORMAL MIXTO PRIVADO 'AJPON',SAN ILDEFONSO,77228643,ANDRÉS TOMÁS LEÓN ANDRÉS GASPAR,RUDY EMILIO MORALES DE PAZ,DIVERSIFICADO,PRIVADO,URBANA,ABIERTA,BILINGUE,VESPERTINA,DIARIO(REGULAR),HUEHUETENANGO
13-11-0057-46,13-024,HUEHUETENANGO,LA LIBERTAD,CENTRO EDUCATIVO COMUNITARIO ADVENTISTA SINAI,ALDEA EL CHALUM,59966686,RUPERTO ARMANDO RAMÍREZ MORALES,ESAÚ MATÍAS HERRERA,DIVERSIFICADO,PRIVADO,RURAL,ABIERTA,MONOLINGUE,VESPERTINA,DIARIO(REGULAR),HUEHUETENANGO
13-11-0060-46,13-023,HUEHUETENANGO,LA LIBERTAD,INSTITUTO NACIONAL DE EDUCACION DIVERSIFICADA,NUEVA COLONIA,33053680,OSBIN NAARY GARCÍA,RUBIO OTONIEL PÉREZ MARTÍNEZ,DIVERSIFICADO,OFICIAL,URBANA,ABIERTA,MONOLINGUE,MATUTINA,DIARIO(REGULAR),HUEHUETENANGO
13-11-0069-46,13-023,HUEHUETENANGO,LA LIBERTAD,"COLEGIO PRIVADO MIXTO ""EMMANUEL""",CABECERA MUNICIPAL,30181389,OSBIN NAARY GARCÍA,ESTUARDO HOCSALÓN RECINOS HIDALGO,DIVERSIFICADO,PRIVADO,URBANA,ABIERTA,MONOLINGUE,DOBLE,FIN DE SEMANA,HUEHUETENANGO
13-11-0079-46,13-023,HUEHUETENANGO,LA LIBERTAD,"COLEGIO PRIVADO MIXTO ""LIBERTENSE""","CABECERA MUNICIPAL, LA LIBERTAD",49947279,OSBIN NAARY GARCÍA,CELESTINA ISABEL HERNÁNDEZ CASTILLO,DIVERSIFICADO,PRIVADO,URBANA,ABIERTA,MONOLINGUE,SIN JORNADA,SEMIPRESENCIAL (UN DÍA A LA SEMANA),HUEHUETENANGO
13-12-0001-46,13-026,HUEHUETENANGO,LA DEMOCRACIA,"COLEGIO CRISTIANO ""EL LABRADOR""",ALDEA VALPARAISO,33250100,ABELARDO MEFIBOSET VILLATORO HERRERA,GLEYCEE ALONDRA RODRÍGUEZ DE LEÓN,DIVERSIFICADO,PRIVADO,RURAL,ABIERTA,MONOLINGUE,VESPERTINA,DIARIO(REGULAR),HUEHUETENANGO
13-12-0004-46,13-026,HUEHUETENANGO,LA DEMOCRACIA,"COLEGIO MIXTO ADVENTISTA ""VALPARAISO""",ALDEA VALPARAISO,57815519,ABELARDO MEFIBOSET VILLATORO HERRERA,ENVIN JOEL LÓPEZ SONTAY,DIVERSIFICADO,PRIVADO,RURAL,ABIERTA,MONOLINGUE,MATUTINA,DIARIO(REGULAR),HUEHUETENANGO
13-12-0075-46,13-026,HUEHUETENANGO,LA DEMOCRACIA,INSTITUTO PRIVADO MIXTO ESFUERZO,ALDEA CAMOJALLITO,30193496,ABELARDO MEFIBOSET VILLATORO HERRERA,ORACIO ALMENGOR MARTÍNEZ VILLATORO,DIVERSIFICADO,PRIVADO,RURAL,ABIERTA,MONOLINGUE,DOBLE,FIN DE SEMANA,HUEHUETENANGO
13-12-0076-46,13-025,HUEHUETENANGO,LA DEMOCRACIA,INSTITUTO NACIONAL DE EDUCACION DIVERSIFICADA,LA DEMOCRACIA,57595332,ABELARDO MEFIBOSET VILLATORO HERRERA,LECXI MAGALY MENDOZA CHUN,DIVERSIFICADO,OFICIAL,URBANA,ABIERTA,MONOLINGUE,VESPERTINA,DIARIO(REGULAR),HUEHUETENANGO
13-12-0081-46,13-026,HUEHUETENANGO,LA DEMOCRACIA,INSTITUTO PARTICULAR MIXTO DEMOCRACENSE,ALDEA CAMOJALLITO,31227589,ABELARDO MEFIBOSET VILLATORO HERRERA,NEFTALÍ MANUEL PALACIOS TORRES,DIVERSIFICADO,PRIVADO,URBANA,ABIERTA,MONOLINGUE,DOBLE,FIN DE SEMANA,HUEHUETENANGO
13-12-0096-46,13-026,HUEHUETENANGO,LA DEMOCRACIA,COLEGIO PARROQUIAL PRIVADO MIXTO SANTA TERESITA DEL NIÑO JESÚS,ALDEA CAMOJALLITO,55771707,ABELARDO MEFIBOSET VILLATORO HERRERA,ANDREA MARÍA MATÍAS TOMÁS,DIVERSIFICADO,PRIVADO,RURAL,ABIERTA,MONOLINGUE,VESPERTINA,DIARIO(REGULAR),HUEHUETENANGO
13-12-0097-46,13-026,HUEHUETENANGO,LA DEMOCRACIA,INSTITUTO PRIVADO MIXTO ESFUERZO,ALDEA CAMOJALLITO,30193496,ABELARDO MEFIBOSET VILLATORO HERRERA,ORACIO ALMENGOR MARTÍNEZ VILLATORO,DIVERSIFICADO,PRIVADO,RURAL,ABIERTA,MONOLINGUE,DOBLE,FIN DE SEMANA,HUEHUETENANGO
13-12-0098-46,13-025,HUEHUETENANGO,LA DEMOCRACIA,"COLEGIO EVANGELICO MIXTO ""NAZARET""",CABECERA MUNICIPAL,30193676,ABELARDO MEFIBOSET VILLATORO HERRERA,CRISTINO VILLATORO LÓPEZ,DIVERSIFICADO,PRIVADO,URBANA,ABIERTA,MONOLINGUE,DOBLE,FIN DE SEMANA,HUEHUETENANGO
13-12-0102-46,13-025,HUEHUETENANGO,LA DEMOCRACIA,INSTITUTO PRIVADO MIXTO DE MAGISTERIO DE EDUCACIÓN PRIMARIA INTERCULTURAL,CAMOJALLITO,77738222,ABELARDO MEFIBOSET VILLATORO HERRERA,JUAN FRANCISCO MÉNDEZ MATEO,DIVERSIFICADO,PRIVADO,RURAL,ABIERTA,MONOLINGUE,MATUTINA,DIARIO(REGULAR),HUEHUETENANGO
13-12-0108-46,13-026,HUEHUETENANGO,LA DEMOCRACIA,INSTITUTO PRIVADO MIXTO INTERCULTURAL,CAMOJALLITO,77738222,ABELARDO MEFIBOSET VILLATORO HERRERA,JUAN FRANCISCO MÉNDEZ MATEO,DIVERSIFICADO,PRIVADO,RURAL,ABIERTA,MONOLINGUE,MATUTINA,DIARIO(REGULAR),HUEHUETENANGO
13-12-0111-46,13-025,HUEHUETENANGO,LA DEMOCRACIA,"INSTITUTO PRIVADO MIXTO ""ESFUERZO""",ALDEA CAMOJALLITO,30193496,ABELARDO MEFIBOSET VILLATORO HERRERA,ORACIO ALMENGOR MARTÍNEZ VILLATORO,DIVERSIFICADO,PRIVADO,RURAL,ABIERTA,MONOLINGUE,VESPERTINA,DIARIO(REGULAR),HUEHUETENANGO
13-12-0112-46,13-026,HUEHUETENANGO,LA DEMOCRACIA,COLEGIO EVANGÉLICO MIXTO LAS DOCE PERLAS,LA MESILLA,37209435,ABELARDO MEFIBOSET VILLATORO HERRERA,MARVIN DARINEL MÉNDEZ PÉREZ,DIVERSIFICADO,PRIVADO,RURAL,ABIERTA,MONOLINGUE,VESPERTINA,DIARIO(REGULAR),HUEHUETENANGO
13-12-0114-46,13-026,HUEHUETENANGO,LA DEMOCRACIA,"INSTITUTO PRIVADO MIXTO ""SUPERACIÓN""",ALDEA SANTA ROSA,46467680,ABELARDO MEFIBOSET VILLATORO HERRERA,TOMMY DIONICIO LORENZO FELIPE,DIVERSIFICADO,PRIVADO,RURAL,ABIERTA,MONOLINGUE,DOBLE,FIN DE SEMANA,HUEHUETENANGO
13-12-0116-46,13-026,HUEHUETENANGO,LA DEMOCRACIA,COLEGIO EVANGÉLICO PRIVADO MIXTO CASTILLO FUERTE,ALDEA LA MESILLA,45890483,ABELARDO MEFIBOSET VILLATORO HERRERA,YONI ALEXANDER CASTILLO PÉREZ,DIVERSIFICADO,PRIVADO,RURAL,ABIERTA,MONOLINGUE,VESPERTINA,DIARIO(REGULAR),HUEHUETENANGO
13-12-0119-46,13-025,HUEHUETENANGO,LA DEMOCRACIA,"COLEGIO EVANGÉLICO MIXTO ""NAZARET""","8A. CALLE 1-35, ZONA 2",30193676,ABELARDO MEFIBOSET VILLATORO HERRERA,CRISTINO VILLATORO LÓPEZ,DIVERSIFICADO,PRIVADO,URBANA,ABIERTA,MONOLINGUE,DOBLE,DIARIO(REGULAR),HUEHUETENANGO
13-12-0125-46,13-026,HUEHUETENANGO,LA DEMOCRACIA,COLEGIO EVANGÉLICO PRIVADO MIXTO CASTILLO FUERTE,LA MESILLA,45890483,ABELARDO MEFIBOSET VILLATORO HERRERA,YONI ALEXANDER CASTILLO PÉREZ,DIVERSIFICADO,PRIVADO,RURAL,ABIERTA,MONOLINGUE,MATUTINA,DIARIO(REGULAR),HUEHUETENANGO
13-12-0126-46,13-026,HUEHUETENANGO,LA DEMOCRACIA,"INSTITUTO PRIVADO MIXTO ""ESFUERZO""",ALDEA CAMOJALLITO,30193496,ABELARDO MEFIBOSET VILLATORO HERRERA,ORACIO ALMENGOR MARTÍNEZ VILLATORO,DIVERSIFICADO,PRIVADO,RURAL,ABIERTA,MONOLINGUE,VESPERTINA,DIARIO(REGULAR),HUEHUETENANGO
13-12-0131-46,13-060,HUEHUETENANGO,LA DEMOCRACIA,CENTRO DE EDUCACIÓN EXTRAESCOLAR CEEX,ALDEA BUENOS AIRES,45033326,AROLDO HOSBERI SOSA LÓPEZ,CATHY YESENIA IMUL US,DIVERSIFICADO,PRIVADO,RURAL,ABIERTA,MONOLINGUE,DOBLE,DIARIO(REGULAR),HUEHUETENANGO
13-12-0133-46,13-026,HUEHUETENANGO,LA DEMOCRACIA,INSTITUTO PRIVADO MIXTO ESFUERZO,ALDEA CAMOJALLITO,30193496,ABELARDO MEFIBOSET VILLATORO HERRERA,ORACIO ALMENGOR MARTÍNEZ VILLATORO,DIVERSIFICADO,PRIVADO,RURAL,ABIERTA,MONOLINGUE,SIN JORNADA,SEMIPRESENCIAL (UN DÍA A LA SEMANA),HUEHUETENANGO
13-12-0134-46,13-026,HUEHUETENANGO,LA DEMOCRACIA,INSTITUTO PARTICULAR MIXTO DEMOCRACENSE,ALDEA CAMOJALLITO,30620035,ABELARDO MEFIBOSET VILLATORO HERRERA,VÍCTOR ALFONSO TELLO MORALES,DIVERSIFICADO,PRIVADO,RURAL,ABIERTA,MONOLINGUE,SIN JORNADA,SEMIPRESENCIAL (FIN DE SEMANA),HUEHUETENANGO
13-12-0138-46,13-025,HUEHUETENANGO,LA DEMOCRACIA,"INSTITUTO MIXTO PRIVADO ""DANIEL ARMAS""",CABECERA MUNICIPAL,32559193,ABELARDO MEFIBOSET VILLATORO HERRERA,FROBEL LÓPEZ ORDOÑEZ,DIVERSIFICADO,PRIVADO,URBANA,ABIERTA,MONOLINGUE,VESPERTINA,DIARIO(REGULAR),HUEHUETENANGO
13-12-0140-46,13-025,HUEHUETENANGO,LA DEMOCRACIA,INSTITUTO PRIVADO MIXTO INTERCULTURAL,ALDEA CAMOJALLITO,30666309,ABELARDO MEFIBOSET VILLATORO HERRERA,JUAN FRANCISCO MÉNDEZ MATEO,DIVERSIFICADO,PRIVADO,RURAL,ABIERTA,MONOLINGUE,DOBLE,FIN DE SEMANA,HUEHUETENANGO
13-12-0143-46,13-026,HUEHUETENANGO,LA DEMOCRACIA,"COLEGIO PARROQUIAL PRIVADO MIXTO ""SANTA TERESITA DEL NIÑO JESÚS""",ALDEA CAMOJALLITO,55771707,ABELARDO MEFIBOSET VILLATORO HERRERA,EMILDA YANIRA LÓPEZ LÓPEZ,DIVERSIFICADO,PRIVADO,RURAL,ABIERTA,MONOLINGUE,MATUTINA,DIARIO(REGULAR),HUEHUETENANGO
13-12-5947-46,13-026,HUEHUETENANGO,LA DEMOCRACIA,INSTITUTO PARTICULAR MIXTO DEMOCRACENSE,ALDEA CAMOJALLITO,30620035,ABELARDO MEFIBOSET VILLATORO HERRERA,VÍCTOR ALFONSO TELLO MORALES,DIVERSIFICADO,PRIVADO,RURAL,ABIERTA,MONOLINGUE,DOBLE,FIN DE SEMANA,HUEHUETENANGO
13-12-6585-46,13-025,HUEHUETENANGO,LA DEMOCRACIA,COLEGIO EVANGELICO MIXTO NAZARET,CABECERA MUNICIPAL,30193676,ABELARDO MEFIBOSET VILLATORO HERRERA,CRISTINO VILLATORO LÓPEZ,DIVERSIFICADO,PRIVADO,URBANA,ABIERTA,MONOLINGUE,VESPERTINA,DIARIO(REGULAR),HUEHUETENANGO
13-13-0030-46,13-027,HUEHUETENANGO,SAN MIGUEL ACATAN,INSTITUTO NACIONAL DE EDUCACION DIVERSIFICADA,CABECERA MUNICIPAL,48075994,RUDY AROLDO GONZÁLEZ GONZÁLEZ,IRMA YOLANDA LÓPEZ CAMPOSECO,DIVERSIFICADO,OFICIAL,URBANA,ABIERTA,BILINGUE,VESPERTINA,DIARIO(REGULAR),HUEHUETENANGO
13-14-0012-46,13-028,HUEHUETENANGO,SAN RAFAEL LA INDEPENDENCIA,INSTITUTO NACIONAL DE EDUCACION DIVERSIFICADA,CABECERA MUNICIPAL,46886962,GABINO PASCUAL GOMEZ,ROSA MARIELA AGUIRRE MIGUEL,DIVERSIFICADO,OFICIAL,URBANA,ABIERTA,BILINGUE,VESPERTINA,DIARIO(REGULAR),HUEHUETENANGO
13-15-0048-46,13-029,HUEHUETENANGO,TODOS SANTOS CUCHUMATAN,"INSTITUTO NACIONAL DE EDUCACION DIVERSIFICADA, TODOSANTERO",CANTON EL CALVARIO,33559269,ELIDIO NATALIO VELÁSQUEZ MAZARIEGOS,OLSEN ADRIAN ORTIZ PAZ,DIVERSIFICADO,OFICIAL,URBANA,ABIERTA,MONOLINGUE,MATUTINA,DIARIO(REGULAR),HUEHUETENANGO
13-15-0054-46,13-029,HUEHUETENANGO,TODOS SANTOS CUCHUMATAN,LICEO PRIVADO MIXTO MAM DE DESARROLLO EDUCATIVO,CALLE REAL DEL CEMENTERIO,55265451,ELIDIO NATALIO VELÁSQUEZ MAZARIEGOS,FELIPE JERÓNIMO PABLO,DIVERSIFICADO,PRIVADO,URBANA,ABIERTA,MONOLINGUE,DOBLE,FIN DE SEMANA,HUEHUETENANGO
13-15-0057-46,13-029,HUEHUETENANGO,TODOS SANTOS CUCHUMATAN,LICEO PRIVADO SEÑOR SAN MARTÍN,ALDEA SAN MARTÍN CUCHUMATÁN,55211945,ELIDIO NATALIO VELÁSQUEZ MAZARIEGOS,MARTHA DOLORES ORTÍZ AGUILAR,DIVERSIFICADO,PRIVADO,RURAL,ABIERTA,MONOLINGUE,VESPERTINA,DIARIO(REGULAR),HUEHUETENANGO
13-15-0059-46,13-060,HUEHUETENANGO,TODOS SANTOS CUCHUMATAN,CENTRO DE EDUCACIÓN EXTRAESCOLAR CEEX,CABECERA MUNICIPAL,32134222,AROLDO HOSBERI SOSA LÓPEZ,ADELINA MENDOZA PÉREZ,DIVERSIFICADO,PRIVADO,URBANA,ABIERTA,MONOLINGUE,DOBLE,SEMIPRESENCIAL,HUEHUETENANGO
13-15-0061-46,13-029,HUEHUETENANGO,TODOS SANTOS CUCHUMATAN,LICEO PRIVADO SEÑOR SAN MARTÍN,ALDEA SAN MARTÍN CUCHUMATÁN,40126136,ELIDIO NATALIO VELÁSQUEZ MAZARIEGOS,MARTHA DOLORES ORTÍZ AGUILAR,DIVERSIFICADO,PRIVADO,RURAL,ABIERTA,MONOLINGUE,DOBLE,FIN DE SEMANA,HUEHUETENANGO
13-15-0062-46,13-029,HUEHUETENANGO,TODOS SANTOS CUCHUMATAN,LICEO PRIVADO SEÑOR SAN MARTÍN,ALDEA SAN MARTÍN CUCHUMATÁN,40126136,ELIDIO NATALIO VELÁSQUEZ MAZARIEGOS,MARTHA DOLORES ORTÍZ AGUILAR,DIVERSIFICADO,PRIVADO,RURAL,ABIERTA,MONOLINGUE,DOBLE,FIN DE SEMANA,HUEHUETENANGO
13-15-0065-46,13-029,HUEHUETENANGO,TODOS SANTOS CUCHUMATAN,LICEO PRIVADO MIXTO MAM DE DESARROLLO,CALLE REAL CEMENTERIO,55265451,ELIDIO NATALIO VELÁSQUEZ MAZARIEGOS,FELIPE JERÓNIMO PABLO,DIVERSIFICADO,PRIVADO,URBANA,ABIERTA,MONOLINGUE,SIN JORNADA,SEMIPRESENCIAL (UN DÍA A LA SEMANA),HUEHUETENANGO
13-15-0067-46,13-029,HUEHUETENANGO,TODOS SANTOS CUCHUMATAN,LICEO PRIVADO SEÑOR SAN MARTÍN CUCHUMATÁN,ALDEA SAN MARTÍN CUCHUMATÁN,40124749,ELIDIO NATALIO VELÁSQUEZ MAZARIEGOS,MARTHA DOLORES ORTÍZ AGUILAR,DIVERSIFICADO,PRIVADO,RURAL,ABIERTA,MONOLINGUE,SIN JORNADA,SEMIPRESENCIAL (FIN DE SEMANA),HUEHUETENANGO
13-16-0022-46,13-055,HUEHUETENANGO,SAN JUAN ATITAN,INSTITUTO DE EDUCACIÓN DIVERSIFICADA POR COOPERATIVA DE ENSEÑANZA CANTÓN EL BOSQUE,CANTÓN EL BOSQUE,30145224,ONÉSIMO ELEUTERIO GODÍNEZ JACINTO,MARIO JACINTO CLAUDIO,DIVERSIFICADO,COOPERATIVA,URBANA,ABIERTA,BILINGUE,VESPERTINA,DIARIO(REGULAR),HUEHUETENANGO
13-17-0055-46,13-030,HUEHUETENANGO,SANTA EULALIA,"COLEGIO PRIVADO MIXTO ""ELOHIM""",CABECERA MUNICIPAL,77659671,JUAN CARLOS MORALES GONZALEZ,JULIO ENRIQUE JUÁREZ SILVESTRE,DIVERSIFICADO,PRIVADO,URBANA,ABIERTA,MONOLINGUE,VESPERTINA,DIARIO(REGULAR),HUEHUETENANGO
13-17-0060-46,13-030,HUEHUETENANGO,SANTA EULALIA,"COLEGIO PRIVADO MIXTO ""ELOHIM""","CANTÓN VISTA HERMOSA SANTA EULALIA, HUEHUETENANGO",77659671,JUAN CARLOS MORALES GONZALEZ,JULIO ENRIQUE JUÁREZ SILVESTRE,DIVERSIFICADO,PRIVADO,URBANA,ABIERTA,MONOLINGUE,DOBLE,FIN DE SEMANA,HUEHUETENANGO
13-17-0067-46,13-030,HUEHUETENANGO,SANTA EULALIA,INSTITUTO NACIONAL DE EDUCACIÓN DIVERSIFICADA,ALDEA COCOLA GRANDE,58075415,JUAN CARLOS MORALES GONZALEZ,CARLOS FERNANDO RAMÍREZ,DIVERSIFICADO,OFICIAL,RURAL,ABIERTA,MONOLINGUE,VESPERTINA,DIARIO(REGULAR),HUEHUETENANGO
13-17-0071-46,13-030,HUEHUETENANGO,SANTA EULALIA,"COLEGIO PARROQUIAL ""SANTA EULALIA""",CABECERA MUNICIPAL,46858682,JUAN CARLOS MORALES GONZALEZ,AURA MARÍNA FRANCÍSCO ANTONIO,DIVERSIFICADO,PRIVADO,URBANA,ABIERTA,MONOLINGUE,VESPERTINA,DIARIO(REGULAR),HUEHUETENANGO
13-17-0075-46,13-030,HUEHUETENANGO,SANTA EULALIA,INSTITUTO NACIONAL DE EDUCACIÓN DIVERSIFICADA,CANTÓN CENTRO,53772463,JUAN CARLOS MORALES GONZALEZ,ISMAEL ISAÍAS SEBASTIÁN PASCUAL,DIVERSIFICADO,OFICIAL,URBANA,ABIERTA,MONOLINGUE,VESPERTINA,DIARIO(REGULAR),HUEHUETENANGO
13-17-0076-46,13-031,HUEHUETENANGO,SANTA EULALIA,INSTITUTO DE EDUCACIÓN DIVERSIFICADA POR COOPERATIVA DE ENSEÑANZA SANTA EULALIA,VISTA HERMOSA,45511355,JUAN CARLOS MORALES GONZÁLEZ,ALEJANDRO LEÓN MARCOS,DIVERSIFICADO,COOPERATIVA,URBANA,ABIERTA,BILINGUE,VESPERTINA,DIARIO(REGULAR),HUEHUETENANGO
13-17-0078-46,13-030,HUEHUETENANGO,SANTA EULALIA,"COLEGIO PRIVADO MIXTO EVANGELICO ""SHALEM""",CANTÓN CALVARIO,32221852,JUAN CARLOS MORALES GONZALEZ,MARIANO ALEJANDRO MARTÍNEZ LEÓN,DIVERSIFICADO,PRIVADO,URBANA,ABIERTA,BILINGUE,VESPERTINA,DIARIO(REGULAR),HUEHUETENANGO
13-17-0080-46,13-030,HUEHUETENANGO,SANTA EULALIA,ASOCIACIÓN DE MAESTROS DE EDUCACIÓN RURAL DE GUATEMALA -AMERG-,"CABECERA MUNICIPAL, SANTA EULALIA",31207507,JUAN CARLOS MORALES GONZALEZ,DEMOSTENES MATEO SEBASTIAN MARTIN,DIVERSIFICADO,PRIVADO,URBANA,ABIERTA,MONOLINGUE,SIN JORNADA,SEMIPRESENCIAL (UN DÍA A LA SEMANA),HUEHUETENANGO
13-17-0082-46,13-030,HUEHUETENANGO,SANTA EULALIA,"COLEGIO PRIVADO MIXTO ""CIENCIAS MODERNAS""",CABECERA MUNICIPAL,36393145,JUAN CARLOS MORALES GONZALEZ,DEMOSTENES MATEO SEBASTIAN MARTIN,DIVERSIFICADO,PRIVADO,URBANA,ABIERTA,MONOLINGUE,MATUTINA,DIARIO(REGULAR),HUEHUETENANGO
13-17-0083-46,13-030,HUEHUETENANGO,SANTA EULALIA,"COLEGIO PRIVADO MIXTO ""ELOHIM""",CANTÓN VISTA HERMOSA,77659671,JUAN CARLOS MORALES GONZALEZ,JULIO ENRIQUE JÁREZ SILVESTRE,DIVERSIFICADO,PRIVADO,URBANA,ABIERTA,MONOLINGUE,DOBLE,FIN DE SEMANA,HUEHUETENANGO
13-17-0085-46,13-030,HUEHUETENANGO,SANTA EULALIA,"COLEGIO PRIVADO MIXTO ""ELHOHIM""",CANTÓN VISTA HERMOSA,77659671,JUAN CARLOS MORALES GONZALEZ,JULIO ENRIQUE JUÁREZ SILVESTRE,DIVERSIFICADO,PRIVADO,RURAL,ABIERTA,MONOLINGUE,SIN JORNADA,SEMIPRESENCIAL (UN DÍA A LA SEMANA),HUEHUETENANGO
13-18-0048-46,13-033,HUEHUETENANGO,SAN MATEO IXTATAN,INSTITUTO DE EDUCACIÓN DIVERSIFICADA POR COOPERATIVA DE ENSEÑANZA YINHATIL NAB´EN (SEMILLA DE LA SABIDURÍA),CANTÓN CHAKCHAKK´EN,51952723,AUGUSTO MANUEL ANDRÉS SEBASTIÁN,DIEGO PÉREZ GÓMEZ,DIVERSIFICADO,COOPERATIVA,URBANA,ABIERTA,MONOLINGUE,MATUTINA,DIARIO(REGULAR),HUEHUETENANGO
13-18-0052-46,13-033,HUEHUETENANGO,SAN MATEO IXTATAN,INSTITUTO NORMAL MIXTO POR COOPERATIVA ADSCRITO AL INSTITUTO DE EDUCACIÓN BÁSICA POR COOPERATIVA,CABECERA MUNICIPAL,49990850,AUGUSTO MANUEL ANDRÉS SEBASTIÁN,EVANGELINA RAMOS HERNÁNDEZ,DIVERSIFICADO,COOPERATIVA,URBANA,ABIERTA,MONOLINGUE,VESPERTINA,DIARIO(REGULAR),HUEHUETENANGO
13-18-0075-46,13-033,HUEHUETENANGO,SAN MATEO IXTATAN,INSTITUTO NACIONAL DE EDUCACIÓN DIVERSIFICADA,CANTÓN YUNECHONHAB,47916956,AUGUSTO MANUEL ANDRÉS SEBASTIÁN,ESTHER GÓMEZ GÓMEZ,DIVERSIFICADO,OFICIAL,URBANA,ABIERTA,MONOLINGUE,MATUTINA,DIARIO(REGULAR),HUEHUETENANGO
13-19-0051-46,13-034,HUEHUETENANGO,COLOTENANGO,INSTITUTO PRIVADO MIXTO DIVERSIFICADO CIENCIA Y PROGRESO,CABECERA MUNICIPAL,32320257,ARTEMIO NOE MORALES VILLATORO,ANDY RONALDO VILLATORO MOLINA,DIVERSIFICADO,PRIVADO,URBANA,ABIERTA,MONOLINGUE,VESPERTINA,DIARIO(REGULAR),HUEHUETENANGO
13-19-0055-46,13-034,HUEHUETENANGO,COLOTENANGO,"COLEGIO PRIVADO MIXTO ""GÉNESIS""",CABECERA MUNICIPAL,46221871,ARTEMIO NOE MORALES VILLATORO,ALDO CALIXTO PINEDA MOLINA,DIVERSIFICADO,PRIVADO,URBANA,ABIERTA,MONOLINGUE,VESPERTINA,DIARIO(REGULAR),HUEHUETENANGO
13-19-0057-46,13-034,HUEHUETENANGO,COLOTENANGO,"COLEGIO PRIVADO MIXTO ""GÉNESIS""",CABECERA MUNICIPAL,46221871,ARTEMIO NOE MORALES VILLATORO,ALDO CALIXTO PINEDA MOLINA,DIVERSIFICADO,PRIVADO,URBANA,ABIERTA,MONOLINGUE,DOBLE,FIN DE SEMANA,HUEHUETENANGO
13-19-0064-46,13-034,HUEHUETENANGO,COLOTENANGO,COLEGIO PRIVADO MIXTO GÉNESIS,CABECERA MUNICIPAL,46221871,ARTEMIO NOE MORALES VILLATORO,ALDO CALIXTO PINEDA MOLINA,DIVERSIFICADO,PRIVADO,URBANA,ABIERTA,MONOLINGUE,SIN JORNADA,SEMIPRESENCIAL (UN DÍA A LA SEMANA),HUEHUETENANGO
13-20-0043-46,13-060,HUEHUETENANGO,SAN SEBASTIAN HUEHUETENANGO,CENTRO DE EDUCACIÓN EXTRAESCOLAR CEEX,CABECERA MUNICIPAL,32134222,AROLDO HOSBERI SOSA LÓPEZ,WILLIAM ELISEO HERNÁNDEZ LÓPEZ,DIVERSIFICADO,PRIVADO,URBANA,ABIERTA,MONOLINGUE,DOBLE,SEMIPRESENCIAL,HUEHUETENANGO
13-20-0047-46,13-060,HUEHUETENANGO,SAN SEBASTIAN HUEHUETENANGO,CENTRO DE EDUCACIÓN EXTRAESCOLAR CEEX MUNICIPAL,"CASERÍO TZIMINAS, ALDEA TZABAL",57211680,AROLDO HOSBERI SOSA LÓPEZ,JOSÉ HERNÁNDEZ GREGORIO,DIVERSIFICADO,PRIVADO,RURAL,ABIERTA,MONOLINGUE,SIN JORNADA,SEMIPRESENCIAL (UN DÍA A LA SEMANA),HUEHUETENANGO
13-20-1784-46,13-036,HUEHUETENANGO,SAN SEBASTIAN HUEHUETENANGO,"COLEGIO PRIVADO MIXTO ""CIENCIA Y CULTURA""","SAN SEBASTIAN, HUEHUETENANGO",50572400,FILIBERTO LEONEL IXCOTOYAC IXCOTOYAC,PAULINA DOMINGO LÓPEZ,DIVERSIFICADO,PRIVADO,URBANA,ABIERTA,BILINGUE,VESPERTINA,DIARIO(REGULAR),HUEHUETENANGO
13-21-0026-46,13-038,HUEHUETENANGO,TECTITAN,INSTITUTO NACIONAL DE EDUCACION DIVERSIFICADA,CABECERA MUNICIPAL,52058261,JOSÉ DAVID VELÁSQUEZ ANGEL,GERARDO PÉREZ MORALES,DIVERSIFICADO,OFICIAL,URBANA,ABIERTA,MONOLINGUE,VESPERTINA,DIARIO(REGULAR),HUEHUETENANGO
13-22-0043-46,13-039,HUEHUETENANGO,CONCEPCION HUISTA,INSTITUTO NACIONAL DE EDUCACIÓN DIVERSIFICADA,CANTÓN CIPRÉS,53256181,JOSÉ DE JESÚS CAMPOSECO MÉNDOZA,RICARDO ANDRÉS SANTIZO RAFAÉL,DIVERSIFICADO,OFICIAL,URBANA,ABIERTA,BILINGUE,MATUTINA,DIARIO(REGULAR),HUEHUETENANGO
13-23-0022-46,13-040,HUEHUETENANGO,SAN JUAN IXCOY,INSTITUTO NACIONAL DE EDUCACION DIVERSIFICADA,CABECERA MUNICIPAL,46443582,RIGOBERTO GABRIEL GONZÁLEZ MÉRIDA,CÉSAR AMÍLCAR LÓPEZ GARCÍA,DIVERSIFICADO,OFICIAL,URBANA,ABIERTA,BILINGUE,VESPERTINA,DIARIO(REGULAR),HUEHUETENANGO
13-23-0035-46,13-040,HUEHUETENANGO,SAN JUAN IXCOY,COLEGIO PARAISO ESCONDIDO,CABECERA MUNICIPAL,30029953,RIGOBERTO GABRIEL GONZÁLEZ MÉRIDA,MARÍA DOLORES BERNABÉ VELÁSQUEZ,DIVERSIFICADO,PRIVADO,URBANA,ABIERTA,MONOLINGUE,DOBLE,FIN DE SEMANA,HUEHUETENANGO
13-23-0036-46,13-040,HUEHUETENANGO,SAN JUAN IXCOY,COLEGIO PARAISO ESCONDIDO,CABECERA MUNICIPAL,51302140,RIGOBERTO GABRIEL GONZÁLEZ MÉRIDA,MATEO TERCERO GARCÍA,DIVERSIFICADO,PRIVADO,URBANA,ABIERTA,MONOLINGUE,DOBLE,FIN DE SEMANA,HUEHUETENANGO
13-23-0038-46,13-040,HUEHUETENANGO,SAN JUAN IXCOY,COLEGIO PARAISO ESCONDIDO,CABECERA MUNICIPAL,51302140,RIGOBERTO GABRIEL GONZÁLEZ MÉRIDA,MATEO TERCERO GARCÍA,DIVERSIFICADO,PRIVADO,URBANA,ABIERTA,MONOLINGUE,VESPERTINA,DIARIO(REGULAR),HUEHUETENANGO
13-23-0058-46,13-040,HUEHUETENANGO,SAN JUAN IXCOY,"COLEGIO PREUNIVERSITARIO ""DEL VALLE""",CABECERA MUNICIPAL CABECERA MUNICIPAL,49059904,RIGOBERTO GABRIEL GONZÁLEZ MÉRIDA,DOMINGO BAUTISTA PÁIZ,DIVERSIFICADO,PRIVADO,URBANA,ABIERTA,BILINGUE,MATUTINA,DIARIO(REGULAR),HUEHUETENANGO
13-23-0059-46,13-040,HUEHUETENANGO,SAN JUAN IXCOY,"COLEGIO PREUNIVERSITARIO ""DEL VALLE""",CABECERA MUNICIPAL CABECERA MUNICIPAL,49059904,RIGOBERTO GABRIEL GONZÁLEZ MÉRIDA,DOMINGO BAUTISTA PÁIZ,DIVERSIFICADO,PRIVADO,URBANA,ABIERTA,BILINGUE,MATUTINA,DIARIO(REGULAR),HUEHUETENANGO
13-23-0073-46,13-040,HUEHUETENANGO,SAN JUAN IXCOY,COLEGIO PARAÍSO ESCONDIDO,CABECERA MUNICIPAL,51302140,RIGOBERTO GABRIEL GONZÁLEZ MÉRIDA,MATEO TERCERO GARCÍA,DIVERSIFICADO,PRIVADO,URBANA,ABIERTA,MONOLINGUE,SIN JORNADA,SEMIPRESENCIAL (UN DÍA A LA SEMANA),HUEHUETENANGO
13-23-0074-46,13-040,HUEHUETENANGO,SAN JUAN IXCOY,COLEGIO SÍGUEME,CABECERA MUNICIPAL,49059904,RIGOBERTO GABRIEL GONZÁLEZ MÉRIDA,PASCUAL LÓPEZ RAYMUNDO,DIVERSIFICADO,PRIVADO,URBANA,ABIERTA,MONOLINGUE,MATUTINA,DIARIO(REGULAR),HUEHUETENANGO
13-24-0012-46,13-041,HUEHUETENANGO,SAN ANTONIO HUISTA,"COLEGIO PRIVADO MIXTO ""NUEVOS HORIZONTES""",CANTON CENTRAL,57839278,KELVIN VIDALIN DEL VALLE MAZARIEGOS,HÉCTOR ALFREDO MORALES MARTÍNEZ,DIVERSIFICADO,PRIVADO,URBANA,ABIERTA,MONOLINGUE,VESPERTINA,DIARIO(REGULAR),HUEHUETENANGO
13-24-0016-46,13-041,HUEHUETENANGO,SAN ANTONIO HUISTA,LICEO PRIVADO MIXTO MONTESSORI,CABECERA MUNICIPAL,57840243,KELVIN VIDALIN DEL VALLE MAZARIEGOS,ELMER AMILCAR MARTÍNEZ VICENTE,DIVERSIFICADO,PRIVADO,URBANA,ABIERTA,MONOLINGUE,DOBLE,FIN DE SEMANA,HUEHUETENANGO
13-24-0021-46,13-041,HUEHUETENANGO,SAN ANTONIO HUISTA,INSTITUTO NORMAL PRIVADO JUAN JOSE AREVALO BERMEJO,CANTON REFORMA,77921730,KELVIN VIDALIN DEL VALLE MAZARIEGOS,LUIS ENRIQUE VÁSQUEZ VELÁSQUEZ,DIVERSIFICADO,PRIVADO,URBANA,ABIERTA,MONOLINGUE,MATUTINA,DIARIO(REGULAR),HUEHUETENANGO
13-24-0022-46,13-041,HUEHUETENANGO,SAN ANTONIO HUISTA,INSTITUTO NACIONAL DE EDUCACION DIVERSIFICADA,CANTON REFORMA,33547898,KELVIN VIDALIN DEL VALLE MAZARIEGOS,CARLOS SIMONS CASTILLO FUNES,DIVERSIFICADO,OFICIAL,URBANA,ABIERTA,MONOLINGUE,VESPERTINA,DIARIO(REGULAR),HUEHUETENANGO
13-24-0033-46,13-060,HUEHUETENANGO,SAN ANTONIO HUISTA,ESCUELA DE CAFICULTURA REGIÓN HUISTA,CANTÓN REFORMA,50166648,AROLDO HOSBERI SOSA LÓPEZ,JORGE PABLO PABLO,DIVERSIFICADO,PRIVADO,URBANA,ABIERTA,MONOLINGUE,DOBLE,FIN DE SEMANA,HUEHUETENANGO
13-24-0037-46,13-041,HUEHUETENANGO,SAN ANTONIO HUISTA,"INSTITUTO NORMAL PRIVADO ""JUAN JOSÉ ARÉVALO BERMEJO""",CANTÓN REFORMA,77921730,KELVIN VIDALIN DEL VALLE MAZARIEGOS,LUIS ENRIQUE VÁSQUEZ VELÁSQUEZ,DIVERSIFICADO,PRIVADO,URBANA,ABIERTA,MONOLINGUE,VESPERTINA,DIARIO(REGULAR),HUEHUETENANGO
13-24-0041-46,13-041,HUEHUETENANGO,SAN ANTONIO HUISTA,"COLEGIO CRISTIANO ""BETHEL""",CANTÓN RECREO,30601105,KELVIN VIDALIN DEL VALLE MAZARIEGOS,JOSÉ ALFREDO LÓPEZ RODRÍGUEZ,DIVERSIFICADO,PRIVADO,URBANA,ABIERTA,MONOLINGUE,VESPERTINA,DIARIO(REGULAR),HUEHUETENANGO
13-24-0042-46,13-041,HUEHUETENANGO,SAN ANTONIO HUISTA,LICEO PRIVADO MIXTO MONTESSORI,"CABECERA MUNICIPAL, SAN ANTONIO HUISTA",57840243,KELVIN VIDALIN DEL VALLE MAZARIEGOS,ELMER AMILCAR MARTÍNEZ VICENTE,DIVERSIFICADO,PRIVADO,URBANA,ABIERTA,MONOLINGUE,SIN JORNADA,SEMIPRESENCIAL (UN DÍA A LA SEMANA),HUEHUETENANGO
13-25-0039-46,13-042,HUEHUETENANGO,SAN SEBASTIAN COATAN,"COLEGIO PRIVADO MIXTO ""EL PARAISO""",SAN SEBASTIAN COATAN,59971067,GLADÍS ARACELY SIMÓN FRANCISCO,MAYNOR WILSON SEBASTIÁN DOMÍNGUEZ,DIVERSIFICADO,PRIVADO,URBANA,ABIERTA,MONOLINGUE,VESPERTINA,DIARIO(REGULAR),HUEHUETENANGO
13-25-0041-46,13-042,HUEHUETENANGO,SAN SEBASTIAN COATAN,"COLEGIO PRIVADO MIXTO ""EL PARAISO""",CABECERA MUNICIPAL,53444058,GLADÍS ARACELY SIMÓN FRANCISCO,MAYNOR WILSON SEBASTIÁN DOMÍNGUEZ,DIVERSIFICADO,PRIVADO,URBANA,ABIERTA,MONOLINGUE,DOBLE,FIN DE SEMANA,HUEHUETENANGO
13-25-0046-46,13-042,HUEHUETENANGO,SAN SEBASTIAN COATAN,"COLEGIO PRIVADO MIXTO ""EL PARAÍSO""",CABECERA MUNICIPAL,41394050,GLADÍS ARACELY SIMÓN FRANCISCO,MIGUEL VALENTÍN GASPAR MATEO,DIVERSIFICADO,PRIVADO,URBANA,ABIERTA,MONOLINGUE,MATUTINA,DIARIO(REGULAR),HUEHUETENANGO
13-25-0073-46,13-042,HUEHUETENANGO,SAN SEBASTIAN COATAN,COLEGIO PRIVADO MIXTO EL PARAÍSO,CABECERA MUNICIPAL,59971067,GLADÍS ARACELY SIMÓN FRANCISCO,MAYNOR WILSON SEBASTIÁN DOMÍNGUEZ,DIVERSIFICADO,PRIVADO,URBANA,ABIERTA,MONOLINGUE,SIN JORNADA,SEMIPRESENCIAL (UN DÍA A LA SEMANA),HUEHUETENANGO
13-26-0161-46,13-043,HUEHUETENANGO,SANTA CRUZ BARILLAS,INSTITUTO TECNICO PARTICULAR MAYA JAGUAR,ALDEA SAN JUAN LA CEIBA,30132416,ARACELY FIGUEROA URBINA,NELSON ABIGAIL GARCÍA GOMES,DIVERSIFICADO,PRIVADO,RURAL,ABIERTA,MONOLINGUE,VESPERTINA,DIARIO(REGULAR),HUEHUETENANGO
13-26-0162-46,13-043,HUEHUETENANGO,SANTA CRUZ BARILLAS,INSTITUTO NACIONAL DE EDUCACION DIVERSIFICADA,CABECERA MUNICIPAL,33513497,ARACELY FIGUEROA URBINA,TREYSI GABRIELA LOPEZ RAMIREZ,DIVERSIFICADO,OFICIAL,URBANA,ABIERTA,MONOLINGUE,VESPERTINA,DIARIO(REGULAR),HUEHUETENANGO
13-26-0177-46,13-043,HUEHUETENANGO,SANTA CRUZ BARILLAS,COLEGIO PRIVADO MIXTO SANTA MARTA VILLA SEÑOR,SANTA CRUZ BARILLAS,45861655,ARACELY FIGUEROA URBINA,EDGAR NOÉL MOLINA SOSA,DIVERSIFICADO,PRIVADO,URBANA,ABIERTA,MONOLINGUE,MATUTINA,DIARIO(REGULAR),HUEHUETENANGO
13-26-0182-46,13-043,HUEHUETENANGO,SANTA CRUZ BARILLAS,INED,ALDEA NUEVA UNION MAYA,40603460,ARACELY FIGUEROA URBINA,JESÚS PEDRO PEDRO,DIVERSIFICADO,OFICIAL,RURAL,ABIERTA,MONOLINGUE,VESPERTINA,DIARIO(REGULAR),HUEHUETENANGO
13-26-0197-46,13-043,HUEHUETENANGO,SANTA CRUZ BARILLAS,INSTITUTO NACIONAL DE EDUCACIÓN DIVERSIFICADA,ALDEA SAN FRANCISCO MOMONLAC,40285245,ARACELY FIGUEROA URBINA,CYNTIA ANALETH RECINOS MATEO,DIVERSIFICADO,OFICIAL,RURAL,ABIERTA,MONOLINGUE,VESPERTINA,DIARIO(REGULAR),HUEHUETENANGO
13-26-0198-46,13-043,HUEHUETENANGO,SANTA CRUZ BARILLAS,COLEGIO EVANGÉLICO MIXTO BEREA,"5A. CALLE 5-75, ZONA 1 02/01/202",77802148,ARACELY FIGUEROA URBINA,GERSON ABIMAEL LÓPEZ HERRERA,DIVERSIFICADO,PRIVADO,URBANA,ABIERTA,MONOLINGUE,VESPERTINA,DIARIO(REGULAR),HUEHUETENANGO
13-26-0199-46,13-043,HUEHUETENANGO,SANTA CRUZ BARILLAS,COLEGIO EVANGÉLICO MIXTO BEREA,"5A. CALLE 5-75, ZONA 1",77802148,ARACELY FIGUEROA URBINA,MIGUEL ANGEL RAMOS SERRANO,DIVERSIFICADO,PRIVADO,URBANA,ABIERTA,MONOLINGUE,DOBLE,FIN DE SEMANA,HUEHUETENANGO
13-26-0200-46,13-043,HUEHUETENANGO,SANTA CRUZ BARILLAS,INSTITUTO DE EDUCACIÓN DIVERSIFICADA POR COOPERATIVA DE ENSEÑANZA,ALDEA YULCONOP,45340456,ARACELY FIGUEROA URBINA,ANA LUCRECIA ESTÉBAN RAMÍREZ,DIVERSIFICADO,COOPERATIVA,RURAL,ABIERTA,MONOLINGUE,VESPERTINA,DIARIO(REGULAR),HUEHUETENANGO
13-26-0201-46,13-043,HUEHUETENANGO,SANTA CRUZ BARILLAS,INSTITUTO NACIONAL DE EDUCACIÓN DIVERSIFICADA,"ALDEA CHANCOLÍN, CASERÍO LAS VICTORIAS",59066771,ARACELY FIGUEROA URBINA,EVELYN DAYANA RUIZ MATEO,DIVERSIFICADO,OFICIAL,RURAL,ABIERTA,MONOLINGUE,VESPERTINA,DIARIO(REGULAR),HUEHUETENANGO
13-26-0219-46,13-043,HUEHUETENANGO,SANTA CRUZ BARILLAS,"COLEGIO EVANGÉLICO DE CIENCIA Y TECNOLOGÍA PARA EL DESARROLLO INTEGRAL ""SHALOM""",0 AVENIDA 1-54 ZONA 4,46159608,ARACELY FIGUEROA URBINA,BYRON RIGOBERTO CASTILLO JUAN,DIVERSIFICADO,PRIVADO,URBANA,ABIERTA,MONOLINGUE,VESPERTINA,DIARIO(REGULAR),HUEHUETENANGO
13-26-0220-46,13-043,HUEHUETENANGO,SANTA CRUZ BARILLAS,ASOCIACIÓN DE MAESTROS DE EDUCACIÓN RURAL DE GUATEMALA,"2A. CALLE 6-35, ZONA 6, CABECERA MUNICIPAL",30429444,ARACELY FIGUEROA URBINA,ALBERTO EFRAÍN RAMÓN DIEGO,DIVERSIFICADO,PRIVADO,URBANA,ABIERTA,BILINGUE,VESPERTINA,DIARIO(REGULAR),HUEHUETENANGO
13-26-0222-46,13-043,HUEHUETENANGO,SANTA CRUZ BARILLAS,COLEGIO CRISTIANO PRESENCIA,"2A. CALLE 6-35, ZONA 6",30429444,ARACELY FIGUEROA URBINA,ALBERTO EFRAÍN RAMÓN DIEGO,DIVERSIFICADO,PRIVADO,URBANA,ABIERTA,MONOLINGUE,VESPERTINA,DIARIO(REGULAR),HUEHUETENANGO
13-26-0223-46,13-043,HUEHUETENANGO,SANTA CRUZ BARILLAS,COLEGIO CRISTIANO PRESENCIA,"2A. CALLE 6-35, ZONA 6",77802020,ARACELY FIGUEROA URBINA,SANDRA HAYDEE RIVERA BUSTAMANTE DE YOC,DIVERSIFICADO,PRIVADO,URBANA,ABIERTA,MONOLINGUE,DOBLE,DIARIO(REGULAR),HUEHUETENANGO
13-26-0229-46,13-043,HUEHUETENANGO,SANTA CRUZ BARILLAS,INSTITUTO NACIONAL DE EDUCACIÓN DIVERSIFICADA,CASERÍO SANTA ELENA,49403202,ARACELY FIGUEROA URBINA,NIVIA MARISOL VÁSQUEZ FRANCO,DIVERSIFICADO,OFICIAL,RURAL,ABIERTA,MONOLINGUE,VESPERTINA,DIARIO(REGULAR),HUEHUETENANGO
13-26-0235-46,13-043,HUEHUETENANGO,SANTA CRUZ BARILLAS,"COLEGIO EVANGÉLICO MIXTO ""BEREA""",CABECERA MUNICIPAL,77802148,ARACELY FIGUEROA URBINA,MIGUEL ANGEL RAMOS SERRANO,DIVERSIFICADO,PRIVADO,URBANA,ABIERTA,MONOLINGUE,SIN JORNADA,SEMIPRESENCIAL (UN DÍA A LA SEMANA),HUEHUETENANGO
13-26-0236-46,13-043,HUEHUETENANGO,SANTA CRUZ BARILLAS,ASOCIACIÓN DE MAESTROS DE EDUCACIÓN RURAL DE GUATEMALA -AMERG-,"2A. CALLE 6-35, ZONA 6",30429444,ARACELY FIGUEROA URBINA,ALBERTO EFRAÍN RAMÓN DIEGO,DIVERSIFICADO,PRIVADO,URBANA,ABIERTA,MONOLINGUE,SIN JORNADA,SEMIPRESENCIAL (FIN DE SEMANA),HUEHUETENANGO
13-26-1510-46,13-043,HUEHUETENANGO,SANTA CRUZ BARILLAS,INSTITUTO NORMAL MIXTO DE NOROCCIDENTE PEM RODERICO ALFREDO MARTINEZ ESCOBEDO,"4TA. AVENIDA 2-11, ZONA 1",49757362,ARACELY FIGUEROA URBINA,ELMER ENOC RIVERA MÉNDEZ,DIVERSIFICADO,OFICIAL,URBANA,ABIERTA,MONOLINGUE,VESPERTINA,DIARIO(REGULAR),HUEHUETENANGO
13-26-5411-46,13-043,HUEHUETENANGO,SANTA CRUZ BARILLAS,COLEGIO EVANGELICO BEREA,VILLA DE BARILLAS,77802148,ARACELY FIGUEROA URBINA,GERSON ABIMAEL LÓPEZ HERRERA,DIVERSIFICADO,PRIVADO,URBANA,ABIERTA,MONOLINGUE,DOBLE,DIARIO(REGULAR),HUEHUETENANGO
13-26-5985-46,13-043,HUEHUETENANGO,SANTA CRUZ BARILLAS,COLEGIO MIXTO SANTA MARTA VILLA SEÑOR,CABECERA MUNICIPAL,45861655,ARACELY FIGUEROA URBINA,EDGAR NOÉL MOLINA SOSA,DIVERSIFICADO,PRIVADO,URBANA,ABIERTA,MONOLINGUE,VESPERTINA,DIARIO(REGULAR),HUEHUETENANGO
13-26-6298-46,13-043,HUEHUETENANGO,SANTA CRUZ BARILLAS,INSTITUTO PRIVADO MIXTO CARLOS SAGASTUME PEREZ,VILLA DE BARILLAS,77802390,ARACELY FIGUEROA URBINA,OSCAR ANTULIO AGUSTIN ZUÑIGA,DIVERSIFICADO,PRIVADO,URBANA,ABIERTA,MONOLINGUE,VESPERTINA,DIARIO(REGULAR),HUEHUETENANGO
13-26-6389-46,13-043,HUEHUETENANGO,SANTA CRUZ BARILLAS,ESCUELA NORMAL INFANTIL BILINGUE INTERCULTURAL ADSCRITA A INSTITUTO NORMAL DE NOROCCIDENTE,"4TA. AVENIDA 2-11, ZONA 1",49757362,ARACELY FIGUEROA URBINA,ELMER ENOC RIVERA MÉNDEZ,DIVERSIFICADO,OFICIAL,URBANA,ABIERTA,BILINGUE,DOBLE,DIARIO(REGULAR),HUEHUETENANGO
13-26-6879-46,13-043,HUEHUETENANGO,SANTA CRUZ BARILLAS,COLEGIO EVANGELICO MIXTO BEREA,CABECERA MUNICIPAL,77802148,ARACELY FIGUEROA URBINA,MIGUEL ANGEL RAMOS SERRANO,DIVERSIFICADO,PRIVADO,URBANA,ABIERTA,MONOLINGUE,DOBLE,FIN DE SEMANA,HUEHUETENANGO
13-26-7116-46,13-043,HUEHUETENANGO,SANTA CRUZ BARILLAS,COLEGIO PRIVADO MIXTO SANTA MARTA VILLA SEÑOR,CABECERA MUNICIPAL,77802354,ARACELY FIGUEROA URBINA,EDGAR NOÉL MOLINA SOSA,DIVERSIFICADO,PRIVADO,URBANA,ABIERTA,MONOLINGUE,DOBLE,FIN DE SEMANA,HUEHUETENANGO
13-27-0058-46,13-049,HUEHUETENANGO,AGUACATAN,INSTITUTO NACIONAL DE EDUCACION DIVERSIFICADA,ALDEA CLIMENTORO,50411035,ILIANA ARGENTINA VILLATORO FUNES DE AGUSTIN,JULIO CESAR RODRIGUEZ MENDOZA,DIVERSIFICADO,OFICIAL,RURAL,ABIERTA,BILINGUE,VESPERTINA,DIARIO(REGULAR),HUEHUETENANGO
13-27-0063-46,13-048,HUEHUETENANGO,AGUACATAN,COLEGIO MIXTO MAYA AGUACATECO,3A. CALLE 7-42 ZONA 1,77660095,CARLOS VICENTE CARDONA MARTINEZ,WILLIAM GUSTAVO MENDOZA MEJÍA,DIVERSIFICADO,PRIVADO,URBANA,ABIERTA,MONOLINGUE,VESPERTINA,DIARIO(REGULAR),HUEHUETENANGO
13-27-0066-46,13-049,HUEHUETENANGO,AGUACATAN,INSTITUTO MAYANCE AGUACATECO,4TA CALLE 3-35 ZONA 3,77660002,ILIANA ARGENTINA VILLATORO FUNES DE AGUSTIN,MARIANO RODRÍGUEZ ALCÓN,DIVERSIFICADO,PRIVADO,URBANA,ABIERTA,BILINGUE,VESPERTINA,DIARIO(REGULAR),HUEHUETENANGO
13-27-0076-46,13-048,HUEHUETENANGO,AGUACATAN,INSTITUTO NACIONAL DE EDUCACIÓN DIVERSIFICADA,5A. AVENIDA 6-91 ZONA 1,40102428,CARLOS VICENTE CARDONA MARTINEZ,DEISY HORTENCIA MENDOZA SIMÓN,DIVERSIFICADO,OFICIAL,URBANA,ABIERTA,MONOLINGUE,VESPERTINA,DIARIO(REGULAR),HUEHUETENANGO
13-27-0079-46,13-060,HUEHUETENANGO,AGUACATAN,CENTRO DE EDUCACIÓN EXTRAESCOLAR CEEX,CABECERA MUNICIPAL AGUACATAN,41464223,AROLDO HOSBERI SOSA LÓPEZ,GUILLERMO WALDEMAR GARCÍA CARRILLO,DIVERSIFICADO,PRIVADO,URBANA,ABIERTA,MONOLINGUE,DOBLE,INTERCALADO,HUEHUETENANGO
13-27-0082-46,13-048,HUEHUETENANGO,AGUACATAN,"COLEGIO EVANGÉLICO ""BELÉN""",7A. AVENIDA 3-40 ZONA 1,35671620,CARLOS VICENTE CARDONA MARTINEZ,WALTER AILÓN RAYMUNDO,DIVERSIFICADO,PRIVADO,RURAL,ABIERTA,MONOLINGUE,VESPERTINA,DIARIO(REGULAR),HUEHUETENANGO
13-27-0085-46,13-049,HUEHUETENANGO,AGUACATAN,INSTITUTO MAYANCE AGUACATECO,"4TA. CALLE 3-35, ZONA 3",77660002,ILIANA ARGENTINA VILLATORO FUNES DE AGUSTIN,MARIANO RODRÍGUEZ ALCÓN,DIVERSIFICADO,PRIVADO,URBANA,ABIERTA,MONOLINGUE,VESPERTINA,DIARIO(REGULAR),HUEHUETENANGO
13-27-0088-46,13-049,HUEHUETENANGO,AGUACATAN,INSTITUTO MAYANCE AGUACATECO,"4A. CALLE 3-35, ZONA 3",77660002,ILIANA ARGENTINA VILLATORO FUNES DE AGUSTIN,MARIANO RODRÍGUEZ ALCÓN,DIVERSIFICADO,PRIVADO,URBANA,ABIERTA,MONOLINGUE,SIN JORNADA,SEMIPRESENCIAL (UN DÍA A LA SEMANA),HUEHUETENANGO
13-28-0018-46,13-035,HUEHUETENANGO,SAN RAFAEL PETZAL,"INSTITUTO PRIVADO MIXTO ""PETZALENSE""",CABECERA MUNICIPAL,40457686,LEONEL ARMANDO ORTÍZ MÉNDEZ,MILDRED ILIANA LOPEZ DOMINGO,DIVERSIFICADO,PRIVADO,URBANA,ABIERTA,BILINGUE,VESPERTINA,DIARIO(REGULAR),HUEHUETENANGO
13-31-0019-46,13-058,HUEHUETENANGO,SANTA ANA HUISTA,INSTITUTO NACIONAL DE EDUCACION DIVERSIFICADA,CANTON SAN JUAN,32623741,EDWUIN LLIMSON HERRERA HERRERA,GELVIN ELY MORALES DE ARCIA,DIVERSIFICADO,OFICIAL,URBANA,ABIERTA,MONOLINGUE,VESPERTINA,DIARIO(REGULAR),HUEHUETENANGO
13-32-0017-46,13-008,HUEHUETENANGO,UNION CANTINIL,LICEO PRIVADO MIXTO DAVINCI,CANTON BUENOS AIRES,53349884,ROMEO LUCAS AGUILAR VICENTE,ILIANA JUDITH VELÁSQUEZ MÉRIDA,DIVERSIFICADO,PRIVADO,URBANA,ABIERTA,MONOLINGUE,VESPERTINA,DIARIO(REGULAR),HUEHUETENANGO
13-32-0035-46,13-008,HUEHUETENANGO,UNION CANTINIL,INSTITUTO NACIONAL DE EDUCACIÓN DIVERSIFICADA,CANTÓN CENTRAL,31103174,ROMEO LUCAS AGUILAR VICENTE,GEISER DARINEL CARRILLO LEIVA,DIVERSIFICADO,OFICIAL,URBANA,ABIERTA,MONOLINGUE,MATUTINA,DIARIO(REGULAR),HUEHUETENANGO
13-32-0041-46,13-008,HUEHUETENANGO,UNION CANTINIL,"INSTITUTO PRIVADO MIXTO ""DE LEÓN""","CASERÍO CUATRO CAMINOS, ALDEA LA TEJERA",45283511,ROMEO LUCAS AGUILAR VICENTE,EGIDIO ROBERTO LÚCAS DE LEÓN,DIVERSIFICADO,PRIVADO,RURAL,ABIERTA,MONOLINGUE,VESPERTINA,DIARIO(REGULAR),HUEHUETENANGO
13-32-0043-46,13-032,HUEHUETENANGO,UNION CANTINIL,"INSTITUTO PRIVADO MIXTO ""DE LEÓN""","CASERÍO CUATRO CAMINOS, ALDEA LA TEJERA",45283511,AUGUSTO MANUEL ANDRES SEBASTIAN,EGIDIO ROBERTO LÚCAS DE LEÓN,DIVERSIFICADO,PRIVADO,RURAL,ABIERTA,MONOLINGUE,SIN JORNADA,SEMIPRESENCIAL (UN DÍA A LA SEMANA),HUEHUETENANGO
13-32-0048-46,13-032,HUEHUETENANGO,UNION CANTINIL,"INSTITUTO PRIVADO MIXTO ""DE LEÓN""","CASERÍO CUATRO CAMINOS, ALDEA LA TEJERA",45283511,AUGUSTO MANUEL ANDRES SEBASTIAN,EGIDIO ROBERTO LÚCAS DE LEÓN,DIVERSIFICADO,PRIVADO,RURAL,ABIERTA,MONOLINGUE,DOBLE,FIN DE SEMANA,HUEHUETENANGO
13-32-0050-46,13-008,HUEHUETENANGO,UNION CANTINIL,COLEGIO PARROQUIAL MONSEÑOR ANDRÉS GIRÓN,ALDEA TAJUMUCO,50579713,ROMEO LUCAS AGUILAR VICENTE,ANASTACIA DAMACIA SAUCEDO VELASQUEZ,DIVERSIFICADO,PRIVADO,RURAL,ABIERTA,MONOLINGUE,VESPERTINA,DIARIO(REGULAR),HUEHUETENANGO
13-32-7022-46,13-008,HUEHUETENANGO,UNION CANTINIL,INSTITUTO PRIVADO MIXTO DE EDUCACION MEDIA 'BUENOS AIRES',CASERIO EL CARMEN ALDEA CANTINIL,47769563,ROMEO LUCAS AGUILAR VICENTE,AMAIN YANASTEL ALVA MÉRIDA,DIVERSIFICADO,PRIVADO,RURAL,ABIERTA,MONOLINGUE,VESPERTINA,DIARIO(REGULAR),HUEHUETENANGO
13-32-7023-46,13-008,HUEHUETENANGO,UNION CANTINIL,COLEGIO PARROQUIAL MONSE%OR ANDRES GIRON,ALDEA TAJUMUCO,50579713,ROMEO LUCAS AGUILAR VICENTE,ANASTACIA DAMACIA SAUCEDO VELASQUEZ,DIVERSIFICADO,PRIVADO,RURAL,ABIERTA,MONOLINGUE,VESPERTINA,DIARIO(REGULAR),HUEHUETENANGO
13-33-0015-46,13-061,HUEHUETENANGO,PETATAN,INSTITUTO NACIONAL DE EDUCACIÓN DIVERSIFICADA PETATÁN,CANTÓN SAN SEBASTIÁN,50649075,JOSÉ DE JESÚS CAMPOSECO MENDOZA,LEIVER INDALECIO LÓPEZ RECINOS,DIVERSIFICADO,OFICIAL,URBANA,ABIERTA,MONOLINGUE,MATUTINA,DIARIO(REGULAR),HUEHUETENANGO
,,,,,,,,,,,,,,,,
,,,,,,,,,,,,,,,,
295 Establecimientos encontrados,,,,,,,,,,,,,,,,
,,,,,,,,,,,,,,,,
"Ministerio de Educación, Copyright © 2,012",,Aviso Legal | Términos y Condiciones | Contacto ,,,,,,,,,,,,,,
