,[ e-Servicios ],,,,,,,,,,,,,,,
,Búsqueda de centros educativos autorizados por el Mineduc y carreras que pueden impartir.,,,,,,,,,,,,,,,
,,,,,,,,,,,,,,,,
,  ,,,,,,,,,,,,,,,
Importante:,,,,,,,,,,,,,,,,
,,,,,,,,,,,,,,,,
"Para una mejor búsqueda puede seleccionar el departamento y municipio, con base a la ubicación del centro educativo, ingresando el código del establecimiento separado por guiones o el nombre completo o parte de él.",,,,,,,,,,,,,,,,
,,,,,,,,,,,,,,,,
"Un centro educativo puede contar con uno o más códigos de acuerdo con los servicios educativos autorizados (nivel, plan o jornada).",,,,,,,,,,,,,,,,
,,,,,,,,,,,,,,,,
"Las carreras pueden visualizarse únicamente en los códigos de centros educativos que tienen autorizado el Nivel de Educación Media, Ciclo de Educación Diversificada.",,,,,,,,,,,,,,,,
,,,,,,,,,,,,,,,,
Para visualizar las carreras autorizadas a un centro educativo seleccione el Nivel Escolar: Diversificado.,,,,,,,,,,,,,,,,
,,,,,,,,,,,,,,,,
Departamento,Municipio,,,,,,,,,,,,,,,
,,,,,,,,,,,,,,,,
Nivel Escolar,,,,,,,,,,,,,,,,
Sector,,,,,,,,,,,,,,,,
Plan,Modalidad,,,,,,,,,,,,,,,
,,,,,,,,,,,,,,,,
Código (##-##-####-##),,,,,,,,,,,,,,,,
Nombre,,,,,,,,,,,,,,,,
Dirección,,,,,,,,,,,,,,,,
,,,,,,,,,,,,,,,,
,,,,,,,,,,,,,,,,
CODIGO,DISTRITO,DEPARTAMENTO,MUNICIPIO,ESTABLECIMIENTO,DIRECCION,TELEFONO,SUPERVISOR,DIRECTOR,NIVEL,SECTOR,AREA,STATUS,MODALIDAD,JORNADA,PLAN,DEPARTAMENTAL
21-01-0101-46,21-002,JALAPA,JALAPA,INSTITUTO NORMAL CENTROAMERICANO PARA SEÑORITAS -INCAS-,"AVENIDA CHIPILAPA 1-65, ZONA 2",79224268,JORGE ADELINO PEREZ UCELO,IRIS JANNETTE AGUIRRE CONTRERAS,DIVERSIFICADO,OFICIAL,URBANA,ABIERTA,MONOLINGUE,VESPERTINA,DIARIO(REGULAR),JALAPA
21-01-0104-46,21-002,JALAPA,JALAPA,INSTITUTO NORMAL CENTROAMERICANO PARA VARONES,"CALLE TRANSITO ROJAS, 4-82, ZONA 2, BARRIO SAN FRANCISCO",40645842,JORGE ADELINO PEREZ UCELO,LISI KARINA ESCOBAR ESPINOZA,DIVERSIFICADO,OFICIAL,URBANA,ABIERTA,MONOLINGUE,MATUTINA,DIARIO(REGULAR),JALAPA
21-01-0106-46,21-004,JALAPA,JALAPA,COLEGIO PARTICULAR MIXTO LICEO JALAPA,CALLE TRANSITO ROJAS 7-60 ZONA 1,79220013,VICTOR MANUEL PORTILLO RECINOS,EFRAÍN DE JESÚS SALAZAR PERALTA,DIVERSIFICADO,PRIVADO,URBANA,ABIERTA,MONOLINGUE,NOCTURNA,DIARIO(REGULAR),JALAPA
21-01-0108-46,21-004,JALAPA,JALAPA,INSTITUTO PRIVADO DE EDUCACION DIVERSIFICADA EL PORVENIR,"4A. AVENIDA 2-66, ZONA 2 BARRIO SAN FRANCISCO",79224958-79223033,VICTOR MANUEL PORTILLO RECINOS,ROSA CORALIA PINEDA GALLARDO,DIVERSIFICADO,PRIVADO,URBANA,ABIERTA,MONOLINGUE,VESPERTINA,DIARIO(REGULAR),JALAPA
21-01-0111-46,21-004,JALAPA,JALAPA,"COLEGIO PARTICULAR MIXTO ""LICEO NUEVO MILENIO""","1RA. CALLE A ZONA 3, RESIDENCIALES NUEVA JERUSALEN",79222186,VICTOR MANUEL PORTILLO RECINOS,NILSA MAGALY CORDERO GUDIEL,DIVERSIFICADO,PRIVADO,URBANA,ABIERTA,MONOLINGUE,VESPERTINA,DIARIO(REGULAR),JALAPA
21-01-0206-46,21-005,JALAPA,JALAPA,INSTITUTO NACIONAL DE EDUCACION DIVERSIFICADA,"CASERÍO LA LAGUNETA, ALDEA EL DURAZNO",31233496,THELMA YANETH POLANCO PEREZ DE CAMEY,MIGDALIA IRENE SANTILLANA FUENTES,DIVERSIFICADO,OFICIAL,RURAL,ABIERTA,MONOLINGUE,VESPERTINA,DIARIO(REGULAR),JALAPA
21-01-0233-46,21-004,JALAPA,JALAPA,COLEGIO PARTICULAR MIXTO POR MADUREZ OSCAR DE LEON PALACIOS,CALLE TRANSITO ROJAS 8-54 ZONA 2,56963730,VICTOR MANUEL PORTILLO RECINOS,CLAUDIA MARINELLI MARTÍNEZ HERNÁNDEZ,DIVERSIFICADO,PRIVADO,URBANA,ABIERTA,MONOLINGUE,DOBLE,FIN DE SEMANA,JALAPA
21-01-0256-46,21-004,JALAPA,JALAPA,"COLEGIO ""SAGRADO CORAZON""",3RA. CALLE 2-47 ZONA 2 BARRIO SAN FRANCISCO,79227638,VICTOR MANUEL PORTILLO RECINOS,FRANCISCO AUGUSTO CARRILLO HERNÁNDEZ,DIVERSIFICADO,PRIVADO,URBANA,ABIERTA,MONOLINGUE,DOBLE,FIN DE SEMANA,JALAPA
21-01-0269-46,21-004,JALAPA,JALAPA,"COLEGIO PRIVADO MIXTO DE EDUCACION BASICA ""EDUCARE""","6A. AV. 0-67 ZONA 5, BARRIO SAN FRANCISCO",51948259,VICTOR MANUEL PORTILLO RECINOS,DORA ISABEL ELÍAS,DIVERSIFICADO,PRIVADO,URBANA,ABIERTA,MONOLINGUE,VESPERTINA,DIARIO(REGULAR),JALAPA
21-01-0274-46,21-004,JALAPA,JALAPA,"COLEGIO PARTICULAR MIXTO ""LICEO JALAPA""","CALLE TRÁNSITO ROJAS 7-79, ZONA 1 BARRIO LA DEMOCRACIA",79220013,VICTOR MANUEL PORTILLO RECINOS,LESLY PRISCILA CARRERA RUÍZ,DIVERSIFICADO,PRIVADO,URBANA,ABIERTA,MONOLINGUE,VESPERTINA,DIARIO(REGULAR),JALAPA
21-01-0299-46,21-004,JALAPA,JALAPA,"CENTRO DE ESTUDIOS DE INGENIERIA Y ARQUITECTURA ""REMBRANDT""","6TA. CALLE ""E"" 0-49 COLONIA BONILLA ZONA 1, BARRIO LA ESPERANZA",79228008,VICTOR MANUEL PORTILLO RECINOS,JEIMY AZUCENA ARRIAZA ORTÍZ,DIVERSIFICADO,PRIVADO,URBANA,ABIERTA,MONOLINGUE,VESPERTINA,DIARIO(REGULAR),JALAPA
21-01-0302-46,21-004,JALAPA,JALAPA,"INSTITUTO PARTICULAR MIXTO ""LICEO GENESIS""","CALLE TRANSITO ROJAS 0-36 ZONA 6, BARRIO CHIPILAPA",42084457,VICTOR MANUEL PORTILLO RECINOS,NESTOR EFRAÍN SANDOVAL CAMPOS,DIVERSIFICADO,PRIVADO,URBANA,ABIERTA,MONOLINGUE,DOBLE,FIN DE SEMANA,JALAPA
21-01-0306-46,21-004,JALAPA,JALAPA,"CENTRO DE ESTUDIOS DE INGENIERIA Y ARQUITECTURA ""REMBRANDT""","6TA. CALLE ""E"" 0-49 COLONIA BONILLA ZON 1, BARRIO LA ESPERANZA",79228008,VICTOR MANUEL PORTILLO RECINOS,BERTA ELIZABETH NÁJERA JIMÉNEZ,DIVERSIFICADO,PRIVADO,URBANA,ABIERTA,MONOLINGUE,DOBLE,FIN DE SEMANA,JALAPA
21-01-0315-46,21-004,JALAPA,JALAPA,"CENTRO DE ESTUDIOS DE INGENIERIA Y ARQUITECTURA ""REMBRANDT""","6TA. CALLE ""E"" 0-49 COLONIA BONILLA ZONA 1, BARRIO LA ESPERANZA",79228008,VICTOR MANUEL PORTILLO RECINOS,JEIMY AZUCENA ARRIAZA ORTÍZ,DIVERSIFICADO,PRIVADO,URBANA,ABIERTA,MONOLINGUE,MATUTINA,DIARIO(REGULAR),JALAPA
21-01-0325-46,21-004,JALAPA,JALAPA,"INSTITUTO PRIVADO ""LICEO INTERAMERICANO""","1RA. AVENIDA 0-45 ZONA 6, BARRIO CHIPILAPA",41963272,VICTOR MANUEL PORTILLO RECINOS,JOSÉ BAUDILIO CASTAÑEDA TÉLLES,DIVERSIFICADO,PRIVADO,URBANA,ABIERTA,MONOLINGUE,DOBLE,FIN DE SEMANA,JALAPA
21-01-0329-46,21-004,JALAPA,JALAPA,"COLEGIO PARTICULAR MIXTO ""LICEO JALAPA""",CALLE TRÁNSITO ROJAS 7-79 ZONA 1 BARRIO LA DEMOCRACIA,79220013,VICTOR MANUEL PORTILLO RECINOS,LESLY PRISCILA CARRERA RUÍZ,DIVERSIFICADO,PRIVADO,URBANA,ABIERTA,MONOLINGUE,MATUTINA,DIARIO(REGULAR),JALAPA
21-01-0336-46,21-004,JALAPA,JALAPA,"COLEGIO PARTICULAR MIXTO ""LICEO NUEVO MILENIO""","1A. CALLE ""A"" ZONA 3 RESIDENCIALES NUEVA JERUSALEN",50000098,VICTOR MANUEL PORTILLO RECINOS,JORGE MARIO AQUINO MAZARIEGOS,DIVERSIFICADO,PRIVADO,URBANA,ABIERTA,MONOLINGUE,DOBLE,FIN DE SEMANA,JALAPA
21-01-0344-46,21-004,JALAPA,JALAPA,"INSTITUTO TÉCNICO INDUSTRIAL ""ALBERT EINSTEIN""","7A. AVENIDA 2-46 ZONA 1, BARRIO LA DEMOCRACIA",79225240,VICTOR MANUEL PORTILLO RECINOS,CLAUDIA SUCELY JIMENEZ JACOBO,DIVERSIFICADO,PRIVADO,URBANA,ABIERTA,MONOLINGUE,DOBLE,FIN DE SEMANA,JALAPA
21-01-0349-46,21-004,JALAPA,JALAPA,"COLEGIO PRIVADO ""MONTE ALTO""","2A. CALLE ""C"" 8-61 ZONA 1, BARRIO LA DEMOCRACIA",55630606,VICTOR MANUEL PORTILLO RECINOS,KENNETH JULIO CASTILLO SANTIAGO,DIVERSIFICADO,PRIVADO,URBANA,ABIERTA,MONOLINGUE,MATUTINA,DIARIO(REGULAR),JALAPA
21-01-0350-46,21-004,JALAPA,JALAPA,"COLEGIO PRIVADO ""MONTE ALTO""","2A. CALLE ""C"" 8-61 ZONA 1, BARRIO LA DEMOCRACIA",55630606,VICTOR MANUEL PORTILLO RECINOS,EDNA ADELINA SANTIAGO ORDOÑEZ,DIVERSIFICADO,PRIVADO,URBANA,ABIERTA,MONOLINGUE,VESPERTINA,DIARIO(REGULAR),JALAPA
21-01-0352-46,21-004,JALAPA,JALAPA,"COLEGIO PRIVADO ""MONTE ALTO""","2A. CALLE ""C"" 8-61 ZONA 1, BARRIO LA DEMOCRACIA",55630606,VICTOR MANUEL PORTILLO RECINOS,KENNETH JULIO CASTILLO SANTIAGO,DIVERSIFICADO,PRIVADO,URBANA,ABIERTA,MONOLINGUE,DOBLE,FIN DE SEMANA,JALAPA
21-01-0357-46,21-004,JALAPA,JALAPA,COLEGIO NUESTRA SEÑORA DE LOS ÁNGELES,BARRIO LLANO GRANDE,55723437,VICTOR MANUEL PORTILLO RECINOS,GLENDY MARITZA NÁJERA HERNÁNDEZ,DIVERSIFICADO,PRIVADO,URBANA,ABIERTA,MONOLINGUE,VESPERTINA,DIARIO(REGULAR),JALAPA
21-01-0359-46,21-004,JALAPA,JALAPA,"COLEGIO PARTICULAR MIXTO ""LICEO JALAPA""","CALLE TRÁNSITO ROJAS 7-60 ZONA 1, BARRIO LA DEMOCRACIA",79220013,VICTOR MANUEL PORTILLO RECINOS,LESLY PRISCILA CARRERA RUÍZ,DIVERSIFICADO,PRIVADO,URBANA,ABIERTA,MONOLINGUE,DOBLE,FIN DE SEMANA,JALAPA
21-01-0361-46,21-004,JALAPA,JALAPA,INSTITUTO GUATEMALTECO DE AVIACIÓN Y TURISMO -IGAT-,"3RA.. AVENIDA 0-51 ZONA 1, BARRIO LA DEMOCRACIA",79223446,VICTOR MANUEL PORTILLO RECINOS,BEATRÍZ ADRIANA LINARES MONZÓN,DIVERSIFICADO,PRIVADO,URBANA,ABIERTA,MONOLINGUE,VESPERTINA,DIARIO(REGULAR),JALAPA
21-01-0369-46,21-004,JALAPA,JALAPA,COLEGIO PARTICULAR MIXTO OSCAR DE LEÓN PALACIOS,"LOTES 6F, 7F, 159F Y 160F LOTIFICACIÓN LOS EUCALIPTOS",56963730,VICTOR MANUEL PORTILLO RECINOS,LUCERO ZELESTE MORALES CONTRERAS,DIVERSIFICADO,PRIVADO,URBANA,ABIERTA,MONOLINGUE,DOBLE,FIN DE SEMANA,JALAPA
21-01-0373-46,21-004,JALAPA,JALAPA,"COLEGIO PARTICULAR PARA SEÑORITAS ""MADRE ÁNGELA""",BARRIO LLANO GRANDE,51534709,VICTOR MANUEL PORTILLO RECINOS,GLENDY MARITZA NÁJERA HERNÁNDEZ,DIVERSIFICADO,PRIVADO,URBANA,ABIERTA,MONOLINGUE,MATUTINA,DIARIO(REGULAR),JALAPA
21-01-0375-46,21-004,JALAPA,JALAPA,"COLEGIO ""JARDÍN INFANTIL AGAZZI""","CALLE TRÁNSITO ROJAS 2-41 ZONA 1, BARRIO CHIPILAPA",39051455,VICTOR MANUEL PORTILLO RECINOS,HENRY EDILBERTO ESTRADA AGUILAR,DIVERSIFICADO,PRIVADO,URBANA,ABIERTA,MONOLINGUE,VESPERTINA,DIARIO(REGULAR),JALAPA
21-01-0377-46,21-004,JALAPA,JALAPA,COLEGIO ADVENTISTA MORIA,"2A. AV. ""A"" 0-84 ZONA 2 BARRIO SAN FRANCISCO",79222901,VICTOR MANUEL PORTILLO RECINOS,WIDMER RONEL PAZ COLINDRES,DIVERSIFICADO,PRIVADO,URBANA,ABIERTA,MONOLINGUE,MATUTINA,DIARIO(REGULAR),JALAPA
21-01-0382-46,21-004,JALAPA,JALAPA,"COLEGIO PREUNIVERSITARIO ""JUAN PABLO II""",CALLE TRÁNSITO ROJAS 0-73 ZONA 5,59807483,VICTOR MANUEL PORTILLO RECINOS,LÁZARO HAROLDO REVOLORIO LÓPEZ,DIVERSIFICADO,PRIVADO,URBANA,ABIERTA,MONOLINGUE,DOBLE,FIN DE SEMANA,JALAPA
21-01-0386-46,21-004,JALAPA,JALAPA,COLEGIO MIXTO BILINGÜE DISCOVERY,"3A. CALLE 0-59 ZONA 6, BARRIO CHIPILAPA",79225150,VICTOR MANUEL PORTILLO RECINOS,CORINA SUSIBEL ORTÍZ GONZÁLEZ,DIVERSIFICADO,PRIVADO,URBANA,ABIERTA,MONOLINGUE,VESPERTINA,DIARIO(REGULAR),JALAPA
21-01-0389-46,21-004,JALAPA,JALAPA,"INSTITUTO TÉCNICO INDUSTRIAL ""ALBERT EINSTEIN""","7A. AVENIDA 2-46 ZONA 1, BARRIO LA DEMOCRACIA",79225240,VICTOR MANUEL PORTILLO RECINOS,CLAUDIA SUCELY JIMENEZ JACOBO,DIVERSIFICADO,PRIVADO,URBANA,ABIERTA,MONOLINGUE,MATUTINA,DIARIO(REGULAR),JALAPA
21-01-0390-46,21-025,JALAPA,JALAPA,PROGRAMA NACIONAL DE EDUCACIÓN ALTERNATIVA PRONEA,2A. AVENIDA FINAL FRENTE AL COMPLEJO DEPORTIVO,79224294,ZOILA LIGIA ELIZABETH MARTINEZ GUZMAN DE CARIAS,ZOILA LIGIA ELIZABETH MARTÍNEZ GUZMÁN,DIVERSIFICADO,OFICIAL,RURAL,ABIERTA,MONOLINGUE,DOBLE,A DISTANCIA,JALAPA
21-01-0391-46,21-002,JALAPA,JALAPA,INSTITUTO NACIONAL DE EDUCACIÓN DIVERSIFICADA,"CALZADA JUAN JOSÉ BONILLA, 3-02 ZONA 2 BARRIO SAN FRANCISCO",30216212,JORGE ADELINO PEREZ UCELO,KAREN ODILÍ ESCOBAR GARCÍA,DIVERSIFICADO,OFICIAL,URBANA,ABIERTA,MONOLINGUE,DOBLE,DIARIO(REGULAR),JALAPA
21-01-0397-46,21-004,JALAPA,JALAPA,"COLEGIO PARTICULAR MIXTO ""LICEO JALAPA""","CALLE TRANSITO ROJAS 7-60, ZONA 1, BARRIO LA DEMOCRACIA",79220013,VICTOR MANUEL PORTILLO RECINOS,LESLY PRISCILA CARRERA RUÍZ,DIVERSIFICADO,PRIVADO,URBANA,ABIERTA,MONOLINGUE,SIN JORNADA,SEMIPRESENCIAL (UN DÍA A LA SEMANA),JALAPA
21-01-0400-46,21-004,JALAPA,JALAPA,"INSTITUTO TÉCNICO PROFESIONAL ""MIGUEL ANGEL ASTURIAS""","1A. CALLE 6-61 ZONA 1, BARRIO LA DEMOCRACIA",79222110,VICTOR MANUEL PORTILLO RECINOS,MIRIAM CONSUELO CARÍAS PÉREZ,DIVERSIFICADO,PRIVADO,URBANA,ABIERTA,MONOLINGUE,SIN JORNADA,SEMIPRESENCIAL (UN DÍA A LA SEMANA),JALAPA
21-01-0401-46,21-004,JALAPA,JALAPA,"INSTITUTO PARTICULAR MIXTO ""LICEO GÉNESIS""","CALLE TRANSITO ROJAS 0-36 ZONA 6, BARRIO CHIPILAPA",42084457,VICTOR MANUEL PORTILLO RECINOS,NESTOR EFRAÍN SANDOVAL CAMPOS,DIVERSIFICADO,PRIVADO,URBANA,ABIERTA,MONOLINGUE,SIN JORNADA,SEMIPRESENCIAL (UN DÍA A LA SEMANA),JALAPA
21-01-0404-46,21-004,JALAPA,JALAPA,"INSTITUTO PRIVADO ""LICEO INTERAMERICANO""","1A. AVENIDA 0-45 ZONA 6, BARRIO CHIPILAPA",41963272,VICTOR MANUEL PORTILLO RECINOS,JOSÉ BAUDILIO CASTAÑEDA TÉLLES,DIVERSIFICADO,PRIVADO,URBANA,ABIERTA,MONOLINGUE,SIN JORNADA,SEMIPRESENCIAL (UN DÍA A LA SEMANA),JALAPA
21-01-0405-46,21-004,JALAPA,JALAPA,"COLEGIO ""SAGRADO CORAZÓN""","3RA. CALLE 2-47 ZONA 3, BARRIO SAN FRANCISCO",79227637,VICTOR MANUEL PORTILLO RECINOS,FRANCISCO AUGUSTO CARRILLO HERNÁNDEZ,DIVERSIFICADO,PRIVADO,URBANA,ABIERTA,MONOLINGUE,SIN JORNADA,SEMIPRESENCIAL (UN DÍA A LA SEMANA),JALAPA
21-01-0407-46,21-004,JALAPA,JALAPA,COLEGIO PARTICULAR MIXTO OSCAR DE LEÓN PALACIOS,"LOTES 6F, 7F, 159F Y 160F, LOTIFICACIÓNLOS EUCALIPTOS",79220029,VICTOR MANUEL PORTILLO RECINOS,LUCERO ZELESTE MORALES CONTRERAS,DIVERSIFICADO,PRIVADO,URBANA,ABIERTA,MONOLINGUE,SIN JORNADA,SEMIPRESENCIAL (UN DÍA A LA SEMANA),JALAPA
21-01-0409-46,21-004,JALAPA,JALAPA,"COLEGIO PRIVADO ""MONTE ALTO""","2A. CALLE ""C"" 8-61 ZONA 1 BARRIO LA DEMOCRACIA",78265977,VICTOR MANUEL PORTILLO RECINOS,KENNETH JULIO CASTILLO SANTIAGO,DIVERSIFICADO,PRIVADO,URBANA,ABIERTA,MONOLINGUE,SIN JORNADA,SEMIPRESENCIAL (UN DÍA A LA SEMANA),JALAPA
21-01-0411-46,21-004,JALAPA,JALAPA,"COLEGIO PREUNIVERSITARIO ""JUAN PABLO II""","CALLE TRÁNSITO ROJAS 0-73, ZONA 5",79225275,VICTOR MANUEL PORTILLO RECINOS,LÁZARO HAROLDO REVOLORIO LÓPEZ,DIVERSIFICADO,PRIVADO,URBANA,ABIERTA,MONOLINGUE,SIN JORNADA,SEMIPRESENCIAL (UN DÍA A LA SEMANA),JALAPA
21-01-0413-46,21-004,JALAPA,JALAPA,"INSTITUTO PARTICULAR MIXTO DE BACHILLERATO POR MADUREZ ""XALAPÁN""",1RA. CALLE 2-06 ZONA 1,42162211,VICTOR MANUEL PORTILLO RECINOS,JOSÉ GUILLERMO RODAS GUDIEL,DIVERSIFICADO,PRIVADO,URBANA,ABIERTA,MONOLINGUE,SIN JORNADA,SEMIPRESENCIAL (UN DÍA A LA SEMANA),JALAPA
21-01-0415-46,21-004,JALAPA,JALAPA,"INSTITUTO TÉCNICO INDUSTRIAL ""ALBERT EINSTEIN""",7A. AV. 2-46 ZONA 1 BARRIO LA DEMOCRACIA,79225240,VICTOR MANUEL PORTILLO RECINOS,CLAUDIA SUCELY JIMENEZ JACOBO,DIVERSIFICADO,PRIVADO,URBANA,ABIERTA,MONOLINGUE,SIN JORNADA,SEMIPRESENCIAL (UN DÍA A LA SEMANA),JALAPA
21-01-0417-46,21-004,JALAPA,JALAPA,COLEGIO PARTICULAR MIXTO LICEO NUEVO MILENIO,"1RA. CALLE ""A"" RESIDENCIALES NUEVA JERUSALEM",42510206,VICTOR MANUEL PORTILLO RECINOS,JORGE MARIO AQUINO MAZARIEGOS,DIVERSIFICADO,PRIVADO,URBANA,ABIERTA,MONOLINGUE,SIN JORNADA,SEMIPRESENCIAL (UN DÍA A LA SEMANA),JALAPA
21-01-0420-46,21-004,JALAPA,JALAPA,"COLEGIO PRIVADO MIXTO DE EDUCACIÓN BÁSICA ""EDUCARE""","6A. AV. 0-67 ZONA 5, BARRIO SAN FRANCISCO",51948259,VICTOR MANUEL PORTILLO RECINOS,DORA ISABEL ELÍAS,DIVERSIFICADO,PRIVADO,URBANA,ABIERTA,MONOLINGUE,SIN JORNADA,SEMIPRESENCIAL (FIN DE SEMANA),JALAPA
21-01-0421-46,21-025,JALAPA,JALAPA,CENTRO DE EDUCACIÓN EXTRAESCOLAR -CEEX- DEPARTAMENTAL JALAPA,2DA. AVENIDA FINAL FRENTE AL COMPLEJO DEPORTIVO,79224294,ZOILA LIGIA ELIZABETH MARTINEZ GUZMAN DE CARIAS,OSCAR HUMBERTO AGUILAR ALVIZURES,DIVERSIFICADO,OFICIAL,URBANA,ABIERTA,MONOLINGUE,DOBLE,SEMIPRESENCIAL,JALAPA
21-01-0422-46,21-004,JALAPA,JALAPA,"CENTRO EDUCATIVO ""PALABRA DE VIDA""",ALDEA LA PASTORÍA POTRERO CARRILLO,40701530,VICTOR MANUEL PORTILLO RECINOS,LILIAN YOLANDA CHAVARRIA PACHECO,DIVERSIFICADO,PRIVADO,RURAL,ABIERTA,MONOLINGUE,VESPERTINA,DIARIO(REGULAR),JALAPA
21-01-0423-46,21-004,JALAPA,JALAPA,COLEGIO BILINGÜE EL BOSQUE,"5A. AV. 1-39 ZONA 2, BARRIO SAN FRANCISCO",58127940,VICTOR MANUEL PORTILLO RECINOS,WALTER ELIÚ LÓPEZ OSCAL,DIVERSIFICADO,PRIVADO,URBANA,ABIERTA,MONOLINGUE,VESPERTINA,DIARIO(REGULAR),JALAPA
21-01-0424-46,21-004,JALAPA,JALAPA,CENTRO DE ESTUDIOS DE INGENIERIA Y ARQUITECTURA REMBRANDT,"6A. CALLE ""E"" 0-49 COLONIA BONILLA ZONA 1",79225800,VICTOR MANUEL PORTILLO RECINOS,BERTA ELIZABETH NÁJERA JIMÉNEZ,DIVERSIFICADO,PRIVADO,URBANA,ABIERTA,MONOLINGUE,SIN JORNADA,SEMIPRESENCIAL (UN DÍA A LA SEMANA),JALAPA
21-01-0426-46,21-004,JALAPA,JALAPA,"INSTITUTO ACTIVO BILINGÜE ""NUEVA GUATEMALA""","1A. AV. 0-45 ZONA 1, BARRIO LA ESPERANZA",35704663,VICTOR MANUEL PORTILLO RECINOS,DENISSE EVELIN CASTELLANOS FUENTES,DIVERSIFICADO,PRIVADO,URBANA,ABIERTA,MONOLINGUE,VESPERTINA,DIARIO(REGULAR),JALAPA
21-01-0427-46,21-004,JALAPA,JALAPA,"INSTITUTO ACTIVO BILINGÜE ""NUEVA GUATEMALA""","1A. AV. 0-45 ZONA 1, BARRIO LA ESPERANZA",37934317,VICTOR MANUEL PORTILLO RECINOS,DENISSE EVELIN CASTELLANOS FUENTES,DIVERSIFICADO,PRIVADO,URBANA,ABIERTA,MONOLINGUE,DOBLE,FIN DE SEMANA,JALAPA
21-01-0428-46,21-004,JALAPA,JALAPA,"INSTITUTO ACTIVO BILINGÜE ""NUEVA GUATEMALA""","1A. AV. 0-45 ZONA 1, BARRIO LA ESPERANZA",37934317,VICTOR MANUEL PORTILLO RECINOS,DENISSE EVELIN CASTELLANOS FUENTES,DIVERSIFICADO,PRIVADO,URBANA,ABIERTA,MONOLINGUE,SIN JORNADA,SEMIPRESENCIAL (UN DÍA A LA SEMANA),JALAPA
21-01-0437-46,21-004,JALAPA,JALAPA,COLEGIO PARTICULAR MIXTO OSCAR DE LEÓN PALACIOS,"LOTES 6F, 7F, 159F, 160F, LOTIFICACIÓN LOS EUCALIPTOS",78220029,VICTOR MANUEL PORTILLO RECINOS,LUCERO ZELESTE MORALES CONTRERAS,DIVERSIFICADO,PRIVADO,URBANA,ABIERTA,MONOLINGUE,MATUTINA,DIARIO(REGULAR),JALAPA
21-01-0439-46,21-024,JALAPA,JALAPA,INSTITUTO DE EDUCACIÓN DIVERSIFICADA POR COOPERATIVA DE ENSEÑANZA,ALDEA LOS IZOTES,30149275,ERIKA PATRICIA CUELLAR ESCOBAR,MARVIN ORLANDO LÓPEZ RAYMUNDO,DIVERSIFICADO,COOPERATIVA,RURAL,ABIERTA,MONOLINGUE,VESPERTINA,DIARIO(REGULAR),JALAPA
21-01-0442-46,21-004,JALAPA,JALAPA,COLEGIO ACTIVA JALAPA,CALLE TRANSITO ROJAS 8-87 ZONA 5,42162646,VICTOR MANUEL PORTILLO RECINOS,FRANCISCA DEL ROSARIO GIRÓN GÁLVEZ,DIVERSIFICADO,PRIVADO,URBANA,ABIERTA,MONOLINGUE,VESPERTINA,DIARIO(REGULAR),JALAPA
21-01-0789-46,21-004,JALAPA,JALAPA,"INSTITUTO TÉCNICO PROFESIONAL ""MIGUEL ANGEL ASTURIAS""",1A. CALLE 6-61 ZONA 1 BARRIO DEMOCRACIA,79222110,VICTOR MANUEL PORTILLO RECINOS,MIRIAM CONSUELO CARÍAS PÉREZ,DIVERSIFICADO,PRIVADO,URBANA,ABIERTA,MONOLINGUE,VESPERTINA,DIARIO(REGULAR),JALAPA
21-01-0823-46,21-004,JALAPA,JALAPA,"INSTITUTO TÉCNICO INDUSTRIAL ""ALBERT EINSTEIN""","7A. AVENIDA 2-46 ZONA 1, BARRIO LA DEMOCRACIA",79225240,VICTOR MANUEL PORTILLO RECINOS,CLAUDIA SUCELY JIMENEZ JACOBO,DIVERSIFICADO,PRIVADO,URBANA,ABIERTA,MONOLINGUE,VESPERTINA,DIARIO(REGULAR),JALAPA
21-01-0902-46,21-002,JALAPA,JALAPA,INSTITUTO ADOLFO V. HALL DE JALAPA,CASERÍO LLANO GRANDE KM. 166.9,79224560,JORGE ADELINO PEREZ UCELO,JUAN CARLOS NAJERA VALLE,DIVERSIFICADO,OFICIAL,URBANA,ABIERTA,MONOLINGUE,DOBLE,DIARIO(REGULAR),JALAPA
21-01-1232-46,21-002,JALAPA,JALAPA,ESCUELA NORMAL DE EDUCACION FISICA,ÁREA ESCOLAR NO. 3 COLONIA BOSQUES DE VIENA,79222073,JORGE ADELINO PEREZ UCELO,SILVIA MAGALÍ AQUINO LÓPEZ,DIVERSIFICADO,OFICIAL,URBANA,ABIERTA,MONOLINGUE,DOBLE,DIARIO(REGULAR),JALAPA
21-01-1252-46,21-004,JALAPA,JALAPA,"INSTITUTO TÉCNICO PROFESIONAL ""MIGUEL ANGEL ASTURIAS""","1A. CALLE 6-61 ZONA 1, BARRIO LA DEMOCRACIA",79222110,VICTOR MANUEL PORTILLO RECINOS,MIRIAM CONSUELO CARÍAS PÉREZ,DIVERSIFICADO,PRIVADO,URBANA,ABIERTA,MONOLINGUE,DOBLE,FIN DE SEMANA,JALAPA
21-01-1331-46,21-004,JALAPA,JALAPA,"COLEGIO PREUNIVERSITARIO ""JUAN PABLO II""","CALLE TRANSITO ROJAS 0-73 ZONA 5, BARRIO CHIPILAPA",79222677,VICTOR MANUEL PORTILLO RECINOS,AROLDO CASTRO MEDINA,DIVERSIFICADO,PRIVADO,URBANA,ABIERTA,MONOLINGUE,VESPERTINA,DIARIO(REGULAR),JALAPA
21-01-1376-46,21-002,JALAPA,JALAPA,ESCUELA NORMAL DE PARVULOS,"COLONIA BOSQUES DE VIENA, ZONA 2 BARRIO SAN FRANCISCO",79223350,JORGE ADELINO PEREZ UCELO,ROSA LIZZETH PEÑATE SANTIAGO,DIVERSIFICADO,OFICIAL,URBANA,ABIERTA,MONOLINGUE,VESPERTINA,DIARIO(REGULAR),JALAPA
21-01-1379-46,21-004,JALAPA,JALAPA,"COLEGIO ""SAGRADO CORAZON""","3RA. CALLE 2-47 ZONA 2, BARRIO SAN FRANCISCO",79227638,VICTOR MANUEL PORTILLO RECINOS,EFRAÍN DE JESÚS SALAZAR PERALTA,DIVERSIFICADO,PRIVADO,URBANA,ABIERTA,MONOLINGUE,VESPERTINA,DIARIO(REGULAR),JALAPA
21-02-0050-46,21-006,JALAPA,SAN PEDRO PINULA,INSTITUTO NACIONAL DE EDUCACION DIVERSIFICADA,BARRIO SAN JOSÉ,59091890,CARLOS ANTONIO CORDERO TRIGUEROS,BERFILIO OTONIEL PÉREZ MÉNDEZ,DIVERSIFICADO,OFICIAL,URBANA,ABIERTA,MONOLINGUE,MATUTINA,DIARIO(REGULAR),JALAPA
21-02-0079-46,21-006,JALAPA,SAN PEDRO PINULA,"INSTITUTO PRIVADO DE EDUCACION DE CIENCIAS Y TECNOLOGIA ""LA SAGRADA FAMILIA""",BARRIO SAN PABLO,42911006,CARLOS ANTONIO CORDERO TRIGUEROS,ELMER ABEL SANDOVAL MUÑOZ,DIVERSIFICADO,PRIVADO,URBANA,ABIERTA,MONOLINGUE,VESPERTINA,DIARIO(REGULAR),JALAPA
21-02-0085-46,21-006,JALAPA,SAN PEDRO PINULA,"INSTITUTO PRIVADO DE EDUCACIÓN DE CIENCIAS Y TECNOLOGIA ""LA SAGRADA FAMILIA""",BARRIO SAN PABLO,42911006,CARLOS ANTONIO CORDERO TRIGUEROS,ELMER ABEL SANDOVAL MUÑOZ,DIVERSIFICADO,PRIVADO,URBANA,ABIERTA,MONOLINGUE,DOBLE,FIN DE SEMANA,JALAPA
21-02-0091-46,21-025,JALAPA,SAN PEDRO PINULA,CENTRO DE EDUCACIÓN EXTRAESCOLAR -CEEX- COOPERATIVA EL RECUERDO/T-21,"RUTA NACIONAL NO. 18, KM. 123, ENTRADA AL AGUA TIBIA",79220836,ZOILA LIGIA ELIZABETH MARTINEZ GUZMAN DE CARIAS,ZAIDA VIOLETA MARTÍNEZ FOLGAR,DIVERSIFICADO,PRIVADO,URBANA,ABIERTA,MONOLINGUE,DOBLE,SEMIPRESENCIAL,JALAPA
21-02-0094-46,21-006,JALAPA,SAN PEDRO PINULA,"INSTITUTO PRIVADO DE EDUCACIÓN DE CIENCIAS Y TECNOLOGÍA ""LA SAGRADA FAMILIA""",BARRIO SAN PABLO,42911006,CARLOS ANTONIO CORDERO TRIGUEROS,ELMER ABEL SANDOVAL MUÑOZ,DIVERSIFICADO,PRIVADO,URBANA,ABIERTA,MONOLINGUE,SIN JORNADA,SEMIPRESENCIAL (UN DÍA A LA SEMANA),JALAPA
21-02-0099-46,21-006,JALAPA,SAN PEDRO PINULA,INSTITUTO NACIONAL TECNOLÓGICO,ALDEA EL PINALITO,58345233,CARLOS ANTONIO CORDERO TRIGUEROS,BRENDA ELÍZABETH SANDOVAL FOLGAR,DIVERSIFICADO,OFICIAL,RURAL,ABIERTA,MONOLINGUE,DOBLE,DIARIO(REGULAR),JALAPA
21-02-1432-46,21-006,JALAPA,SAN PEDRO PINULA,INSTITUTO POR COOPERATIVA DE MAGISTERIO DE EDUCACION PRIMARIA INTERCULTURAL,BARRIO SAN JOSE,52053133,CARLOS ANTONIO CORDERO TRIGUEROS,FELIPE ABRAHÁM GALICIA MARÍN,DIVERSIFICADO,COOPERATIVA,URBANA,ABIERTA,MONOLINGUE,VESPERTINA,DIARIO(REGULAR),JALAPA
21-03-0010-46,21-011,JALAPA,SAN LUIS JILOTEPEQUE,INSTITUTO NACIONAL DE EDUCACION DIVERSIFICADA,BARRIO EL LLANO,30441503,ALBA LUZ CRISTINA AGUSTIN MANUEL,CIRIACO DAMIÁN MÉNDEZ,DIVERSIFICADO,OFICIAL,URBANA,ABIERTA,MONOLINGUE,VESPERTINA,DIARIO(REGULAR),JALAPA
21-03-0026-46,21-011,JALAPA,SAN LUIS JILOTEPEQUE,"COLEGIO PARTICULAR MIXTO ""LICEO SAN LUIS""",BARRIO EL CALVARIO,45258219,ALBA LUZ CRISTINA AGUSTIN MANUEL,JACKELINE JOHANNA ESTEBAN MARTÍNEZ,DIVERSIFICADO,PRIVADO,URBANA,ABIERTA,MONOLINGUE,VESPERTINA,DIARIO(REGULAR),JALAPA
21-03-0029-46,21-011,JALAPA,SAN LUIS JILOTEPEQUE,"COLEGIO DEL NIVEL MEDIO ""SUPERACION""",BARRRIO LOS IZOTES,43521954,ALBA LUZ CRISTINA AGUSTIN MANUEL,ISMAÉL HUMBERTO JUÁREZ LÓPEZ,DIVERSIFICADO,PRIVADO,URBANA,ABIERTA,MONOLINGUE,DOBLE,FIN DE SEMANA,JALAPA
21-03-0032-46,21-012,JALAPA,SAN LUIS JILOTEPEQUE,INSTITUTO MUNICIPAL DE EDUCACIÓN DIVERSIFICADA,ALDEA EL CAMARÓN,58845324,NATIVIDAD DE JESUS GREGORIO MARTINEZ,LETICIA ESPERANZA LÓPEZ MÉNDEZ,DIVERSIFICADO,MUNICIPAL,RURAL,ABIERTA,MONOLINGUE,VESPERTINA,DIARIO(REGULAR),JALAPA
21-03-0034-46,21-011,JALAPA,SAN LUIS JILOTEPEQUE,INSTITUTO NACIONAL DE EDUCACIÓN DIVERSIFICADA,BARRIO EL LLANO,30441503,ALBA LUZ CRISTINA AGUSTIN MANUEL,CIRIACO DAMIÁN MÉNDEZ,DIVERSIFICADO,OFICIAL,URBANA,ABIERTA,MONOLINGUE,DOBLE,DIARIO(REGULAR),JALAPA
21-03-0036-46,21-025,JALAPA,SAN LUIS JILOTEPEQUE,"CENTRO DE EDUCACIÓN EXTRAESCOLAR -CEEX- ""FUNDACIÓN DECA""",BARRIO SANTA CRUZ,55787228,ZOILA LIGIA ELIZABETH MARTINEZ GUZMAN DE CARIAS,BAUDINO ADIL CHINCHILLA PALMA,DIVERSIFICADO,PRIVADO,URBANA,ABIERTA,MONOLINGUE,DOBLE,A DISTANCIA,JALAPA
21-03-0040-46,21-011,JALAPA,SAN LUIS JILOTEPEQUE,"COLEGIO PARTICULAR MIXTO ""LICEO SAN LUIS""",BARRIO EL CALVARIO,45258219,ALBA LUZ CRISTINA AGUSTIN MANUEL,JACKELINE JOHANNA ESTEBAN MARTÍNEZ,DIVERSIFICADO,PRIVADO,URBANA,ABIERTA,MONOLINGUE,DOBLE,FIN DE SEMANA,JALAPA
21-03-0042-46,21-011,JALAPA,SAN LUIS JILOTEPEQUE,"COLEGIO DEL NIVEL MEDIO ""SUPERACIÓN""",BARRIO LOS IZOTES,30441503,ALBA LUZ CRISTINA AGUSTIN MANUEL,ISMAÉL HUMBERTO JUÁREZ LÓPEZ,DIVERSIFICADO,PRIVADO,URBANA,ABIERTA,MONOLINGUE,SIN JORNADA,SEMIPRESENCIAL (UN DÍA A LA SEMANA),JALAPA
21-03-0043-46,21-011,JALAPA,SAN LUIS JILOTEPEQUE,"COLEGIO PARTICULAR MIXTO ""LICEO SAN LUIS""",BARRIO EL CALVARIO,45258219,ALBA LUZ CRISTINA AGUSTIN MANUEL,JACKELINE JOHANNA ESTEBAN MARTÍNEZ,DIVERSIFICADO,PRIVADO,URBANA,ABIERTA,MONOLINGUE,SIN JORNADA,SEMIPRESENCIAL (UN DÍA A LA SEMANA),JALAPA
21-03-0044-46,21-011,JALAPA,SAN LUIS JILOTEPEQUE,"COLEGIO PARTICULAR MIXTO ""LICEO SAN LUIS""",BARRIO EL CALVARIO,45258219,ALBA LUZ CRISTINA AGUSTIN MANUEL,JACKELINE JOHANNA ESTEBAN MARTÍNEZ,DIVERSIFICADO,PRIVADO,URBANA,ABIERTA,MONOLINGUE,MATUTINA,DIARIO(REGULAR),JALAPA
21-03-0046-46,21-011,JALAPA,SAN LUIS JILOTEPEQUE,"COLEGIO DEL NIVEL MEDIO ""SUPERACIÓN""",BARRIO LOS IZOTES,30441503,ALBA LUZ CRISTINA AGUSTIN MANUEL,ISMAÉL HUMBERTO JUÁREZ LÓPEZ,DIVERSIFICADO,PRIVADO,URBANA,ABIERTA,MONOLINGUE,MATUTINA,DIARIO(REGULAR),JALAPA
21-03-1144-46,21-011,JALAPA,SAN LUIS JILOTEPEQUE,INSTITUTO MIXTO DE EDUCACION DIVERSIFICADA POR COOPERATIVA,BARRIO EL CENTRO,79237519,ALBA LUZ CRISTINA AGUSTIN MANUEL,TOMÁS RAMIRO LÓPEZ MATÍAS,DIVERSIFICADO,COOPERATIVA,URBANA,ABIERTA,MONOLINGUE,VESPERTINA,DIARIO(REGULAR),JALAPA
21-04-0003-46,21-013,JALAPA,SAN MANUEL CHAPARRON,INSTITUTO NACIONAL DE EDUCACION DIVERSIFICADA,BARRIO ARRIBA,41223351,ENA BELIZ ZUÑIGA TEO,JULIO ERNESTO CRUZ MORÁN,DIVERSIFICADO,OFICIAL,URBANA,ABIERTA,MONOLINGUE,VESPERTINA,DIARIO(REGULAR),JALAPA
21-04-1145-46,21-013,JALAPA,SAN MANUEL CHAPARRON,INSTITUTO DE EDUCACION DIVERSIFICADA POR COOPERATIVA,BARRIO ARRIBA,50670921,ENA BELIZ ZUÑIGA TEO,OSCAR MOISES PADILLA ZUÑIGA,DIVERSIFICADO,COOPERATIVA,URBANA,ABIERTA,MONOLINGUE,VESPERTINA,DIARIO(REGULAR),JALAPA
21-04-1250-46,21-013,JALAPA,SAN MANUEL CHAPARRON,INSTITUTO DIVERSIFICADO POR COOPERATIVA,ALDEA POZA VERDE,30392097,ENA BELIZ ZUÑIGA TEO,JUAN MISAEL GÓMEZ AGUSTÍN,DIVERSIFICADO,COOPERATIVA,RURAL,ABIERTA,MONOLINGUE,VESPERTINA,DIARIO(REGULAR),JALAPA
21-05-0017-46,21-009,JALAPA,SAN CARLOS ALZATATE,INSTITUTO NACIONAL DE EDUCACION DIVERSIFICADA,BARRIO CAMELIAS,31254619,AMARILIS NOHEMI MENDEZ MATEO,MÉLIDA PATRICIA ESTRADA,DIVERSIFICADO,OFICIAL,URBANA,ABIERTA,MONOLINGUE,VESPERTINA,DIARIO(REGULAR),JALAPA
21-05-0027-46,21-009,JALAPA,SAN CARLOS ALZATATE,INSTITUTO PRIVADO DE EDUCACION MIXTA CIENCIA Y TECNOLOGIA,BARRIO CAMELIAS,57637240,AMARILIS NOHEMI MENDEZ MATEO,EMORA ESPERANZA SOLIS HERNANDEZ,DIVERSIFICADO,PRIVADO,URBANA,ABIERTA,MONOLINGUE,VESPERTINA,DIARIO(REGULAR),JALAPA
21-05-0033-46,21-009,JALAPA,SAN CARLOS ALZATATE,"COLEGIO PARTICULAR MIXTO ""MONTEOLIVO""",BARRIO ENTRE RIOS,33401179,AMARILIS NOHEMI MENDEZ MATEO,MAYNOR ANTONIO GOMEZ MENDEZ,DIVERSIFICADO,PRIVADO,URBANA,ABIERTA,MONOLINGUE,DOBLE,FIN DE SEMANA,JALAPA
21-05-0037-46,21-009,JALAPA,SAN CARLOS ALZATATE,INSTITUTO PRIVADO DE EDUCACION MIXTA CIENCIA Y TECNOLOGIA,BARRIO CAMELIAS,57637240,AMARILIS NOHEMI MENDEZ MATEO,EMORA ESPERANZA SOLIS HERNANDEZ,DIVERSIFICADO,PRIVADO,URBANA,ABIERTA,MONOLINGUE,DOBLE,FIN DE SEMANA,JALAPA
21-05-0049-46,21-009,JALAPA,SAN CARLOS ALZATATE,"COLEGIO PARTICULAR MIXTO ""EL PINO""",ALDEA PINO ZAPOTÓN,57519934,AMARILIS NOHEMI MENDEZ MATEO,MIDÍAN IRENE NÁJERA GONZÁLEZ,DIVERSIFICADO,PRIVADO,RURAL,ABIERTA,MONOLINGUE,DOBLE,FIN DE SEMANA,JALAPA
21-05-0052-46,21-009,JALAPA,SAN CARLOS ALZATATE,"COLEGIO PARTICULAR MIXTO ""MONTEOLIVO""",BARRIO ENTRE RÍOS,40741805,AMARILIS NOHEMI MENDEZ MATEO,MAYNOR ANTONIO GOMEZ MENDEZ,DIVERSIFICADO,PRIVADO,URBANA,ABIERTA,MONOLINGUE,SIN JORNADA,SEMIPRESENCIAL (UN DÍA A LA SEMANA),JALAPA
21-05-0054-46,21-009,JALAPA,SAN CARLOS ALZATATE,"INSTITUTO PRIVADO DE EDUCACIÓN MIXTA ""CIENCIA Y TECNOLOGÍA""",BARRIO CAMELIAS,57637240,AMARILIS NOHEMI MENDEZ MATEO,EMORA ESPERANZA SOLIS HERNANDEZ,DIVERSIFICADO,PRIVADO,URBANA,ABIERTA,MONOLINGUE,SIN JORNADA,SEMIPRESENCIAL (UN DÍA A LA SEMANA),JALAPA
21-05-1141-46,21-009,JALAPA,SAN CARLOS ALZATATE,INSTITUTO DE EDUCACION DIVERSIFICADA POR COOPERATIVA,SAN CARLOS ALZATATE,57748268,AMARILIS NOHEMI MENDEZ MATEO,VIVIAN ARELY SANTIAGO Y SANTIAGO,DIVERSIFICADO,COOPERATIVA,URBANA,ABIERTA,MONOLINGUE,VESPERTINA,DIARIO(REGULAR),JALAPA
21-06-0021-46,21-003,JALAPA,MONJAS,INSTITUTO NACIONAL DE EDUCACION DIVERSIFICADA,BARRIO LA REFORMA,79247161,IRIS VICTORIA TEO ORELLANA,ELIAZAR ELI ELVIRA LOPEZ,DIVERSIFICADO,OFICIAL,URBANA,ABIERTA,MONOLINGUE,MATUTINA,DIARIO(REGULAR),JALAPA
21-06-0036-46,21-003,JALAPA,MONJAS,INSTITUTO MUNICIPAL DE EDUCACION,LOTIFICACIÓN EL RECUERDO I,46002805,IRIS VICTORIA TEO ORELLANA,HUGO FRANCISCO NÁJERA LÓPEZ,DIVERSIFICADO,MUNICIPAL,URBANA,ABIERTA,MONOLINGUE,DOBLE,FIN DE SEMANA,JALAPA
21-06-0048-46,21-003,JALAPA,MONJAS,"COLEGIO EVANGÉLICO PARTICULAR MIXTO ""LA PALABRA""","EL ESPINALAR, CASERÍO LA CEIBITA",40501176,IRIS VICTORIA TEO ORELLANA,JOSÉ DANIEL RECINOS HERNANDEZ,DIVERSIFICADO,PRIVADO,RURAL,ABIERTA,MONOLINGUE,VESPERTINA,DIARIO(REGULAR),JALAPA
21-06-0052-46,21-003,JALAPA,MONJAS,"INSTITUTO TÉCNICO DE FORMACION INTEGRAL ""INTECFORI""",BARRIO LA REFORMA,30715383,IRIS VICTORIA TEO ORELLANA,JULIA ARACELY GUDIEL LÓPEZ,DIVERSIFICADO,PRIVADO,URBANA,ABIERTA,MONOLINGUE,SIN JORNADA,SEMIPRESENCIAL (UN DÍA A LA SEMANA),JALAPA
21-06-0054-46,21-003,JALAPA,MONJAS,INSTITUTO MUNICIPAL DE EDUCACIÓN,LOTIFICACIÓN EL RECUERDO I,46002805,IRIS VICTORIA TEO ORELLANA,HUGO FRANCISCO NÁJERA LÓPEZ,DIVERSIFICADO,MUNICIPAL,URBANA,ABIERTA,MONOLINGUE,SIN JORNADA,SEMIPRESENCIAL (DOS DÍAS A LA SEMANA),JALAPA
21-06-0239-46,21-003,JALAPA,MONJAS,"ESCUELA NORMAL REGIONAL DE ORIENTE ""LICENCIADO CLEMENTE MARROQUIN ROJAS""",KILOMETRO 146.5,46354246,IRIS VICTORIA TEO ORELLANA,PEDRO ANTONIO RAMOS RUANO,DIVERSIFICADO,OFICIAL,URBANA,ABIERTA,MONOLINGUE,DOBLE,DIARIO(REGULAR),JALAPA
21-06-0806-46,21-003,JALAPA,MONJAS,"COLEGIO PARTICULAR MIXTO ""LICEO MINERVA""",BARRIO LA REFORMA,42120887,IRIS VICTORIA TEO ORELLANA,OTONIEL LÓPEZ GARNICA,DIVERSIFICADO,PRIVADO,URBANA,ABIERTA,MONOLINGUE,VESPERTINA,DIARIO(REGULAR),JALAPA
21-06-1131-46,21-003,JALAPA,MONJAS,COLEGIO PARTICULAR MIXTO LICEO MONJAS,BARRIO LA REFORMA,79247374,IRIS VICTORIA TEO ORELLANA,PATRICIA ELVIRA LOBOS,DIVERSIFICADO,PRIVADO,URBANA,ABIERTA,MONOLINGUE,VESPERTINA,DIARIO(REGULAR),JALAPA
21-06-1135-46,21-003,JALAPA,MONJAS,"INSTITUTO TÉCNICO DE FORMACION INTEGRAL ""INTECFORI""",BARRIO LA REFORMA,30715383,IRIS VICTORIA TEO ORELLANA,JULIA ARACELY GUDIEL LÓPEZ,DIVERSIFICADO,PRIVADO,URBANA,ABIERTA,MONOLINGUE,DOBLE,FIN DE SEMANA,JALAPA
21-06-1142-46,21-003,JALAPA,MONJAS,INSTITUTO DE EDUCACION DIVERSIFICADA POR COOPERATIVA,BARRIO LA REFORMA,79247315,IRIS VICTORIA TEO ORELLANA,YONY MANUEL GODOY MOLINA,DIVERSIFICADO,COOPERATIVA,URBANA,ABIERTA,MONOLINGUE,VESPERTINA,DIARIO(REGULAR),JALAPA
21-06-1339-46,21-003,JALAPA,MONJAS,INSTITUTO TECNICO INDUSTRIAL ALBERT EINSTEIN,BARRIO LA REFORMA,30715383,IRIS VICTORIA TEO ORELLANA,JULIA ARACELY GUDIEL LÓPEZ,DIVERSIFICADO,PRIVADO,URBANA,ABIERTA,MONOLINGUE,VESPERTINA,DIARIO(REGULAR),JALAPA
21-07-0063-46,21-020,JALAPA,MATAQUESCUINTLA,INSTITUTO NACIONAL DE EDUCACION DIVERSIFICADA,CANTON ELENA,57775944,MARIA FERNANDA AGUILAR REYES,OBDULIO REYES HERNÁNDEZ,DIVERSIFICADO,OFICIAL,URBANA,ABIERTA,MONOLINGUE,VESPERTINA,DIARIO(REGULAR),JALAPA
21-07-0081-46,21-020,JALAPA,MATAQUESCUINTLA,"INSTITUTO TÉCNICO INDUSTRIAL ""ALBERT EINSTEIN""",4A. AV. 1-61 ZONA 3 CANTON CALVARIO,47966181,MARIA FERNANDA AGUILAR REYES,JOSUÉ DAVID POLANCO MONTERROSO,DIVERSIFICADO,PRIVADO,URBANA,ABIERTA,MONOLINGUE,VESPERTINA,DIARIO(REGULAR),JALAPA
21-07-0089-46,21-018,JALAPA,MATAQUESCUINTLA,COLEGIO PARTICULAR MIXTO CENTRO DE ESTUDIOS DE INFORMATICA COMPUMASTER,2A. AVENIDA 7-06 ZONA 4,55812698,MARIO LEONEL SANDOVAL MARTINEZ,HENRY MANRIQUE REYES,DIVERSIFICADO,PRIVADO,URBANA,ABIERTA,MONOLINGUE,DOBLE,FIN DE SEMANA,JALAPA
21-07-0095-46,21-020,JALAPA,MATAQUESCUINTLA,"COLEGIO PARTICULAR MIXTO ""SAN JOSÉ""",ALDEA SAN JOSE,32486684,MARIA FERNANDA AGUILAR REYES,SANDRA LILIANA MUÑOZ LÉMUS,DIVERSIFICADO,PRIVADO,RURAL,ABIERTA,MONOLINGUE,VESPERTINA,DIARIO(REGULAR),JALAPA
21-07-0097-46,21-019,JALAPA,MATAQUESCUINTLA,"COLEGIO PARTICULAR MIXTO ""LA SAGRADA FAMILIA""",3A. CALLE 6-04 ZONA 2 CANTÓN CALVARIO,79242042,IDALIA OLINA GONZALEZ REYES,AMILCAR PEREZ RAMIREZ,DIVERSIFICADO,PRIVADO,URBANA,ABIERTA,MONOLINGUE,NOCTURNA,DIARIO(REGULAR),JALAPA
21-07-0098-46,21-019,JALAPA,MATAQUESCUINTLA,"INSTITUTO TÉCNICO INSDUSTRIAL ""ALBERT EINSTEIN""","4A. AVENIDA 1-61 ZONA 3, CANTÓN CALVARIO",47966181,IDALIA OLINA GONZALEZ REYES,JOSUÉ DAVID POLANCO MONTERROSO,DIVERSIFICADO,PRIVADO,URBANA,ABIERTA,MONOLINGUE,DOBLE,FIN DE SEMANA,JALAPA
21-07-0110-46,21-018,JALAPA,MATAQUESCUINTLA,COLEGIO PARTICULAR MIXTO CENTRO DE ESTUDIOS DE INFORMÁTICA COMPUMASTER,2A. AV. 7-06 ZONA 4,55812698,MARIO LEONEL SANDOVAL MARTINEZ,HENRY MANRIQUE REYES,DIVERSIFICADO,PRIVADO,URBANA,ABIERTA,MONOLINGUE,SIN JORNADA,SEMIPRESENCIAL (UN DÍA A LA SEMANA),JALAPA
21-07-0111-46,21-019,JALAPA,MATAQUESCUINTLA,COLEGIO LAUDE,5A. AV. 4-32 ZONA 3,36087926,IDALIA OLINA GONZALEZ REYES,ORFA EUNICE GONZÁLEZ GOMÉZ,DIVERSIFICADO,PRIVADO,URBANA,ABIERTA,MONOLINGUE,VESPERTINA,DIARIO(REGULAR),JALAPA
21-07-0119-46,21-020,JALAPA,MATAQUESCUINTLA,"COLEGIO PARTICULAR MIXTO ""DIVINO MAESTRO""",3A. AVENIDA 1-44 ZONA 3,79242216,MARIA FERNANDA AGUILAR REYES,JUAN JOSÉ LÓPEZ ALBIZURES,DIVERSIFICADO,PRIVADO,URBANA,ABIERTA,MONOLINGUE,VESPERTINA,DIARIO(REGULAR),JALAPA
21-07-0122-46,21-020,JALAPA,MATAQUESCUINTLA,"COLEGIO PARTICULAR MIXTO ""DIVINO MAESTRO""",3A. AVENIDA 1-44 ZONA 3,79242216,MARIA FERNANDA AGUILAR REYES,JUAN JOSÉ LÓPEZ ALBIZURES,DIVERSIFICADO,PRIVADO,URBANA,ABIERTA,MONOLINGUE,DOBLE,FIN DE SEMANA,JALAPA
21-07-0124-46,21-018,JALAPA,MATAQUESCUINTLA,"COLEGIO PARTICULAR MIXTO ""LA SAGRADA FAMILIA""",3RA. CALLE 6-04 ZONA 2,30640255,MARIO LEONEL SANDOVAL MARTINEZ,AMILCAR PEREZ RAMIREZ,DIVERSIFICADO,PRIVADO,URBANA,ABIERTA,MONOLINGUE,DOBLE,DIARIO(REGULAR),JALAPA
21-07-0126-46,21-020,JALAPA,MATAQUESCUINTLA,"COLEGIO PARTICULAR MIXTO ""SAN JOSÉ""",ALDEA SAN JOSÉ LA SIERRA,51765114,MARIA FERNANDA AGUILAR REYES,SANDRA LILIANA MUÑOZ LÉMUS,DIVERSIFICADO,PRIVADO,RURAL,ABIERTA,MONOLINGUE,DOBLE,FIN DE SEMANA,JALAPA
21-07-0273-46,21-020,JALAPA,MATAQUESCUINTLA,INSTITUTO DIVERSIFICADO MUNICIPAL DE PERITO CONTADOR,"1RA. CALLE 1-19 ZONA 2, CANTON CALVARIO",51959975,MARIA FERNANDA AGUILAR REYES,LUIS OSWALDO DONIS DURÁN,DIVERSIFICADO,MUNICIPAL,URBANA,ABIERTA,MONOLINGUE,NOCTURNA,DIARIO(REGULAR),JALAPA
21-07-0933-46,21-020,JALAPA,MATAQUESCUINTLA,"COLEGIO PARTICULAR MIXTO ""LA SAGRADA FAMILIA""",3A. CALLE 6-04 ZONA 2 CANTON CALVARIO,79242042,MARIA FERNANDA AGUILAR REYES,AMILCAR PEREZ RAMIREZ,DIVERSIFICADO,PRIVADO,URBANA,ABIERTA,MONOLINGUE,VESPERTINA,DIARIO(REGULAR),JALAPA
21-07-1269-46,21-018,JALAPA,MATAQUESCUINTLA,COLEGIO PARTICULAR MIXTO CENTRO DE ESTUDIOS DE INFORMATICA COMPUMASTER,2A. AVENIDA 7-06 ZONA 4,55812698,MARIO LEONEL SANDOVAL MARTINEZ,HENRY MANRIQUE REYES,DIVERSIFICADO,PRIVADO,URBANA,ABIERTA,MONOLINGUE,VESPERTINA,DIARIO(REGULAR),JALAPA
21-07-1416-46,21-020,JALAPA,MATAQUESCUINTLA,"COLEGIO PARTICULAR MIXTO ""LA SAGRADA FAMILIA""",3A. CALLE 6-04 ZONA 2 CANTON CALVARIO,79242042,MARIA FERNANDA AGUILAR REYES,AMILCAR PEREZ RAMIREZ,DIVERSIFICADO,PRIVADO,URBANA,ABIERTA,MONOLINGUE,DOBLE,FIN DE SEMANA,JALAPA
21-07-1463-46,21-020,JALAPA,MATAQUESCUINTLA,COLEGIO MIXTO DEL SAGRADO CORAZON,CANTON ELENA,57701693,MARIA FERNANDA AGUILAR REYES,HÉCTOR ADÁN JUÁREZ MORALES,DIVERSIFICADO,PRIVADO,URBANA,ABIERTA,MONOLINGUE,MATUTINA,DIARIO(REGULAR),JALAPA
,,,,,,,,,,,,,,,,
,,,,,,,,,,,,,,,,
121 Establecimientos encontrados,,,,,,,,,,,,,,,,
,,,,,,,,,,,,,,,,
"Ministerio de Educación, Copyright © 2,012",,Aviso Legal | Términos y Condiciones | Contacto ,,,,,,,,,,,,,,
