,[ e-Servicios ],,,,,,,,,,,,,,,
,Búsqueda de centros educativos autorizados por el Mineduc y carreras que pueden impartir.,,,,,,,,,,,,,,,
,,,,,,,,,,,,,,,,
,  ,,,,,,,,,,,,,,,
Importante:,,,,,,,,,,,,,,,,
,,,,,,,,,,,,,,,,
"Para una mejor búsqueda puede seleccionar el departamento y municipio, con base a la ubicación del centro educativo, ingresando el código del establecimiento separado por guiones o el nombre completo o parte de él.",,,,,,,,,,,,,,,,
,,,,,,,,,,,,,,,,
"Un centro educativo puede contar con uno o más códigos de acuerdo con los servicios educativos autorizados (nivel, plan o jornada).",,,,,,,,,,,,,,,,
,,,,,,,,,,,,,,,,
"Las carreras pueden visualizarse únicamente en los códigos de centros educativos que tienen autorizado el Nivel de Educación Media, Ciclo de Educación Diversificada.",,,,,,,,,,,,,,,,
,,,,,,,,,,,,,,,,
Para visualizar las carreras autorizadas a un centro educativo seleccione el Nivel Escolar: Diversificado.,,,,,,,,,,,,,,,,
,,,,,,,,,,,,,,,,
Departamento,Municipio,,,,,,,,,,,,,,,
,,,,,,,,,,,,,,,,
Nivel Escolar,,,,,,,,,,,,,,,,
Sector,,,,,,,,,,,,,,,,
Plan,Modalidad,,,,,,,,,,,,,,,
,,,,,,,,,,,,,,,,
Código (##-##-####-##),,,,,,,,,,,,,,,,
Nombre,,,,,,,,,,,,,,,,
Dirección,,,,,,,,,,,,,,,,
,,,,,,,,,,,,,,,,
,,,,,,,,,,,,,,,,
CODIGO,DISTRITO,DEPARTAMENTO,MUNICIPIO,ESTABLECIMIENTO,DIRECCION,TELEFONO,SUPERVISOR,DIRECTOR,NIVEL,SECTOR,AREA,STATUS,MODALIDAD,JORNADA,PLAN,DEPARTAMENTAL
22-01-0014-46,22-013,JUTIAPA,JUTIAPA,ESCUELA NACIONAL DE CIENCIAS COMERCIALES,"COMPLEJO EDUCATIVO, BARRIO EL CONDOR",78441241,RONY ESMELTZER RAMOS QUIÑONEZ,MIRZA ELIZABETH ARAGÓN POLANCO,DIVERSIFICADO,OFICIAL,URBANA,ABIERTA,MONOLINGUE,MATUTINA,DIARIO(REGULAR),JUTIAPA
22-01-0017-46,22-003,JUTIAPA,JUTIAPA,COLEGIO TECNICO PROFESIONAL SAN CRISTOBAL,7A. CALLE 5-30 ZONA 1,78441530,REMBERTO RECINOS SARCEÑO,DELMY ASTRID MÉNDEZ POLANCO,DIVERSIFICADO,PRIVADO,URBANA,ABIERTA,MONOLINGUE,VESPERTINA,DIARIO(REGULAR),JUTIAPA
22-01-0019-46,22-001,JUTIAPA,JUTIAPA,INSTITUTO TECNICO PARTICULAR DE DIVERSIFICADO -INTECPADI-,"5A. CALLE 5-43, ZONA 1",78442296,CECILIA ISABEL ALDECOA CASASOLA DE CASTRO,RONI ERNESTO RECINOS ESTRADA,DIVERSIFICADO,PRIVADO,URBANA,ABIERTA,MONOLINGUE,VESPERTINA,DIARIO(REGULAR),JUTIAPA
22-01-0020-46,22-001,JUTIAPA,JUTIAPA,COLEGIO PARTICULAR MIXTO DE MAGISTERIO,1A. AVENIDA 4-64 ZONA 1,78442157,CECILIA ISABEL ALDECOA CASASOLA DE CASTRO,ISRAEL JOSUÉ VÁSQUEZ,DIVERSIFICADO,PRIVADO,URBANA,ABIERTA,MONOLINGUE,VESPERTINA,DIARIO(REGULAR),JUTIAPA
22-01-0022-46,22-037,JUTIAPA,JUTIAPA,INSTITUTO PRIVADO MIXTO DE EDUCACION DIVERSIFICADA DE MERCADOTECNIA Y PUBLICIDAD DE ORIENTE,5A. AV. 7-35 ZONA 1,78441530,SANDRA NINNETH BONILLA ARCHILA,JORGE MARIO AGUILAR RETANA,DIVERSIFICADO,PRIVADO,URBANA,ABIERTA,MONOLINGUE,DOBLE,FIN DE SEMANA,JUTIAPA
22-01-0222-46,22-001,JUTIAPA,JUTIAPA,"COLEGIO PARTICULAR MIXTO INTEGRAL ""EVOLUCION""",7A. CALLE 8A. AVENIDA 7-49 ZONA 3 BARRIO EL CHAPARRON,57313172,CECILIA ISABEL ALDECOA CASASOLA DE CASTRO,MIGUEL ANGEL MARTINEZ DE LA VEGA,DIVERSIFICADO,PRIVADO,URBANA,ABIERTA,MONOLINGUE,DOBLE,FIN DE SEMANA,JUTIAPA
22-01-0254-46,22-001,JUTIAPA,JUTIAPA,"LICEO ""CREZCO APRENDIENDO""","7A. CALLE ENTRE 6A. Y 7A. AVENIDA ZONA 3, BARRIO EL CHAPARRON",78442263,CECILIA ISABEL ALDECOA CASASOLA DE CASTRO,CINDY VIOLETA MANSILLA ARROYO,DIVERSIFICADO,PRIVADO,URBANA,ABIERTA,MONOLINGUE,VESPERTINA,DIARIO(REGULAR),JUTIAPA
22-01-0255-46,22-001,JUTIAPA,JUTIAPA,COLEGIO PARTICULAR MIXTO DE MAGISTERIO,1RA. AVENIDA 4-64 ZONA 1,78442157,CECILIA ISABEL ALDECOA CASASOLA DE CASTRO,JORGE OMAR VÁSQUEZ LEÓN,DIVERSIFICADO,PRIVADO,URBANA,ABIERTA,MONOLINGUE,VESPERTINA,DIARIO(REGULAR),JUTIAPA
22-01-0261-46,22-001,JUTIAPA,JUTIAPA,COLEGIO PARTICULAR MIXTO EL PILAR,5TA. CALLE 5-09 ZONA 1,78446397,CECILIA ISABEL ALDECOA CASASOLA DE CASTRO,MANUEL ESTUARDO VALDÉZ PAZ,DIVERSIFICADO,PRIVADO,URBANA,ABIERTA,MONOLINGUE,VESPERTINA,DIARIO(REGULAR),JUTIAPA
22-01-0262-46,22-001,JUTIAPA,JUTIAPA,LICEO JUTIAPA,4TA. CALLE 1-53 ZONA 1,78441008,CECILIA ISABEL ALDECOA CASASOLA DE CASTRO,ALVARO CISNEROS QUIÑONEZ,DIVERSIFICADO,PRIVADO,URBANA,ABIERTA,MONOLINGUE,VESPERTINA,DIARIO(REGULAR),JUTIAPA
22-01-0270-46,22-003,JUTIAPA,JUTIAPA,COLEGIO EL BOSQUE,ALDEA EL CHILTEPE,78442277,REMBERTO RECINOS SARCEÑO,INGRID CAROL JUAREZ DOMINGUEZ,DIVERSIFICADO,PRIVADO,RURAL,ABIERTA,MONOLINGUE,MATUTINA,DIARIO(REGULAR),JUTIAPA
22-01-0275-46,22-001,JUTIAPA,JUTIAPA,INSTITUTO TECNOLOGICO BILINGUE,9A. AVE. 7-59 ZONA 1,78442338,CECILIA ISABEL ALDECOA CASASOLA DE CASTRO,OSIEL DIONICIO VIVAR,DIVERSIFICADO,PRIVADO,URBANA,ABIERTA,MONOLINGUE,MATUTINA,DIARIO(REGULAR),JUTIAPA
22-01-0277-46,22-003,JUTIAPA,JUTIAPA,INSTITUTO TECNOLOGICO DE COMPUTACION DE ORIENTE ITCO,"8VA. CALLE 4-42 ZONA 1, BARRIO LATINO",58248045,REMBERTO RECINOS SARCEÑO,JONATHAN GABRIEL AZMITIA GONZÁLEZ,DIVERSIFICADO,PRIVADO,URBANA,ABIERTA,MONOLINGUE,VESPERTINA,DIARIO(REGULAR),JUTIAPA
22-01-0282-46,22-003,JUTIAPA,JUTIAPA,"COLEGIO PARTICULAR MIXTO ""GENESIS""","8A. AVENIDA 7-33 ZONA 3, BARRIO EL CHAPARRON",78446178,REMBERTO RECINOS SARCEÑO,ALBA YESENIA ALARCON HERNANDEZ,DIVERSIFICADO,PRIVADO,URBANA,ABIERTA,MONOLINGUE,VESPERTINA,DIARIO(REGULAR),JUTIAPA
22-01-0295-46,22-013,JUTIAPA,JUTIAPA,INSTITUTO NACIONAL DE EDUCACIÓN DIVERSIFICADA,"COMPLEJO EDUCATIVO, BARRIO EL CONDOR.",58436203,RONY ESMELTZER RAMOS QUIÑONEZ,MARTA LUISA BONILLA GARCÍA,DIVERSIFICADO,OFICIAL,URBANA,ABIERTA,MONOLINGUE,MATUTINA,DIARIO(REGULAR),JUTIAPA
22-01-0298-46,22-005,JUTIAPA,JUTIAPA,INSTITUTO NACIONAL DE EDUCACIÓN DIVERSIFICADA,"ALDEA LOS ANONOS, CANTON VALENCIA",47704740,EDGAR ARNULFO GONZALEZ GUDIEL,FREDY ESTUARDO SICÁ CUYUCH,DIVERSIFICADO,OFICIAL,RURAL,ABIERTA,MONOLINGUE,VESPERTINA,DIARIO(REGULAR),JUTIAPA
22-01-0300-46,22-037,JUTIAPA,JUTIAPA,"COLEGIO PARA TRABAJADORES ""PROF. CARLOS ARMANDO CÁMBARA GARCÍA""","ENTRADA AL COMPLEJO EDUCATIVO, 0-16 ZONA 3",58251449,SANDRA NINNETH BONILLA ARCHILA,EDGAR ARNULFO GONZÁLEZ GUDIEL,DIVERSIFICADO,PRIVADO,URBANA,ABIERTA,MONOLINGUE,DOBLE,FIN DE SEMANA,JUTIAPA
22-01-0302-46,22-001,JUTIAPA,JUTIAPA,INSTITUTO TÉCNICO PARTICULAR DE DIVERSIFICADO -INTECPADI-,5TA. CALLE 5-43 ZONA 1,78442296,CECILIA ISABEL ALDECOA CASASOLA DE CASTRO,RONI ERNESTO RECINOS ESTRADA,DIVERSIFICADO,PRIVADO,URBANA,ABIERTA,MONOLINGUE,MATUTINA,DIARIO(REGULAR),JUTIAPA
22-01-0304-46,22-003,JUTIAPA,JUTIAPA,COLEGIO NUEVOS HORIZONTES,"CASERÍO VILLA HERMOSA, CANTÓN POTRERO GRANDE",33014043,REMBERTO RECINOS SARCEÑO,ESTRELLITA NORICELDA RAMÍREZ CABRERA,DIVERSIFICADO,PRIVADO,RURAL,ABIERTA,MONOLINGUE,VESPERTINA,DIARIO(REGULAR),JUTIAPA
22-01-0305-46,22-013,JUTIAPA,JUTIAPA,INSTITUTO NACIONAL DE EDUCACIÓN DIVERSIFICADA,"COMPLEJO EDUCATIVO, BARRIO EL CONDOR",46863273,RONY ESMELTZER RAMOS QUIÑONEZ,JESSICA IVETH AVILA ARCHILA,DIVERSIFICADO,OFICIAL,URBANA,ABIERTA,MONOLINGUE,VESPERTINA,DIARIO(REGULAR),JUTIAPA
22-01-0306-46,22-001,JUTIAPA,JUTIAPA,CENTRO DE ESTUDIOS DIVERSIFICADOS -CED- JUTIAPA,ALDEA LAS CRUCITAS,41589757,CECILIA ISABEL ALDECOA CASASOLA DE CASTRO,ANA MARÍA SANDOVAL MORÁN,DIVERSIFICADO,PRIVADO,RURAL,ABIERTA,MONOLINGUE,MATUTINA,DIARIO(REGULAR),JUTIAPA
22-01-0310-46,22-003,JUTIAPA,JUTIAPA,"LICEO EDUCATIVO INNOVADOR ""LEISAR""","7A. AVENIDA 5-24, BARRIO EL CHAPARRON, ZONA 3,",78441031,REMBERTO RECINOS SARCEÑO,REGNIER ANTONIO VELÁSQUEZ DONIS,DIVERSIFICADO,PRIVADO,URBANA,ABIERTA,MONOLINGUE,VESPERTINA,DIARIO(REGULAR),JUTIAPA
22-01-0312-46,22-037,JUTIAPA,JUTIAPA,"LICEO EDUCATIVO INNOVADOR ""LEISAR""","7A. AVENIDA 5-24, BARRIO EL CHAPARRON, ZONA 3,",78441031,SANDRA NINNETH BONILLA ARCHILA,REGNIER ANTONIO VELÁSQUEZ DONIS,DIVERSIFICADO,PRIVADO,URBANA,ABIERTA,MONOLINGUE,DOBLE,FIN DE SEMANA,JUTIAPA
22-01-0314-46,22-037,JUTIAPA,JUTIAPA,COLEGIO EL BOSQUE,ALDEA EL CHILTEPE,41875134,SANDRA NINNETH BONILLA ARCHILA,INGRID CAROL JUAREZ DOMINGUEZ,DIVERSIFICADO,PRIVADO,RURAL,ABIERTA,MONOLINGUE,DOBLE,FIN DE SEMANA,JUTIAPA
22-01-0320-46,22-001,JUTIAPA,JUTIAPA,INSTITUTO TECNICO PARTICULAR DE DIVERSIFICADO -INTECPADI-,5TA. CALLE 5-43 ZONA 1,78442296,CECILIA ISABEL ALDECOA CASASOLA DE CASTRO,RONI ERNESTO RECINOS ESTRADA,DIVERSIFICADO,PRIVADO,URBANA,ABIERTA,MONOLINGUE,MATUTINA,DIARIO(REGULAR),JUTIAPA
22-01-0321-46,22-001,JUTIAPA,JUTIAPA,INSTITUTO TECNICO PARTICULAR DE DIVERSIFICADO -INTECPADI-,5TA. CALLE 5-43 ZONA 1,78442296,CECILIA ISABEL ALDECOA CASASOLA DE CASTRO,RONI ERNESTO RECINOS ESTRADA,DIVERSIFICADO,PRIVADO,URBANA,ABIERTA,MONOLINGUE,DOBLE,DIARIO(REGULAR),JUTIAPA
22-01-0328-46,22-001,JUTIAPA,JUTIAPA,COLEGIO GUATEMALA,CALLEJON GARCIA GRANADOS 1-16 ZONA 1,55581840,CECILIA ISABEL ALDECOA CASASOLA DE CASTRO,EBA CANDELARIA LÉMUS RAMOS,DIVERSIFICADO,PRIVADO,URBANA,ABIERTA,MONOLINGUE,VESPERTINA,DIARIO(REGULAR),JUTIAPA
22-01-0329-46,22-013,JUTIAPA,JUTIAPA,LICEO ORIENTAL,"KILOMETRO 116 CARRETERA INTERAMERICANA, ALDEA CERRO GORDO",42198113,RONY ESMELTZER RAMOS QUIÑONEZ,ERIKA MARINA ORDOÑEZ,DIVERSIFICADO,PRIVADO,RURAL,ABIERTA,MONOLINGUE,VESPERTINA,DIARIO(REGULAR),JUTIAPA
22-01-0334-46,22-003,JUTIAPA,JUTIAPA,"ESCUELA EN CIENCIAS DE LA COMUNICACIÓN ""ECCO II""","6A. CALLE 11-29 ZONA 4 EN RESIDENCIALES SAN VICENTE, BARRIO EL CHAPARRON",78440228,REMBERTO RECINOS SARCEÑO,NANCY PAOLA MARTÍNEZ MEDRANO,DIVERSIFICADO,PRIVADO,URBANA,ABIERTA,MONOLINGUE,MATUTINA,DIARIO(REGULAR),JUTIAPA
22-01-0335-46,22-003,JUTIAPA,JUTIAPA,"ESCUELA EN CIENCIAS DE LA COMUNICACIÓN ""ECCO II""","6A. CALLE 11-29 ZONA 4 EN RESIDENCIALES SAN VICENTE, BARRIO EL CHAPARRON",78440228,REMBERTO RECINOS SARCEÑO,NANCY PAOLA MARTÍNEZ MEDRANO,DIVERSIFICADO,PRIVADO,URBANA,ABIERTA,MONOLINGUE,VESPERTINA,DIARIO(REGULAR),JUTIAPA
22-01-0336-46,22-003,JUTIAPA,JUTIAPA,COLEGIO PARTICULAR MIXTO GÉNESIS,"08 CALLE 7-33 ZONA 3, BARRIO EL CHAPARRON",78446178,REMBERTO RECINOS SARCEÑO,ALBA YESENIA ALARCON HERNANDEZ,DIVERSIFICADO,PRIVADO,URBANA,ABIERTA,MONOLINGUE,DOBLE,FIN DE SEMANA,JUTIAPA
22-01-0337-46,22-024,JUTIAPA,JUTIAPA,INSTITUTO DE EDUCACIÓN DIVERSIFICADA POR COOPERATIVA,ALDEA CIUDAD PEDRO ALVARADO,54125788,CARLOS OBDULIO OROZCO REYES,CLAUDIA PATRICIA DAVILA RAMIREZ,DIVERSIFICADO,COOPERATIVA,RURAL,ABIERTA,MONOLINGUE,VESPERTINA,DIARIO(REGULAR),JUTIAPA
22-01-0338-46,22-001,JUTIAPA,JUTIAPA,LICEO JUTIAPA,"4A. CALLE 1-53 ZONA 1, JUTIAPA, JUTIAPA.",78441008,CECILIA ISABEL ALDECOA CASASOLA DE CASTRO,HELIN BETZAIDA FLORES ALEJANDRO,DIVERSIFICADO,PRIVADO,URBANA,ABIERTA,MONOLINGUE,DOBLE,DIARIO(REGULAR),JUTIAPA
22-01-0340-46,22-003,JUTIAPA,JUTIAPA,COLEGIO PARTICULAR MIXTO GENESIS,"7A. CALLE Y 8A. AVENIDA 7-49 ZONA 3, BARRIO EL CHAPARRON",78446178,REMBERTO RECINOS SARCEÑO,ALBA YESENIA ALARCON HERNANDEZ,DIVERSIFICADO,PRIVADO,URBANA,ABIERTA,MONOLINGUE,DOBLE,DIARIO(REGULAR),JUTIAPA
22-01-0342-46,22-001,JUTIAPA,JUTIAPA,"COLEGIO ""SAN FRANCISCO""","2A. CALLE 5-98 ZONA 3, BARRIO LA FEDERAL",78440300,CECILIA ISABEL ALDECOA CASASOLA DE CASTRO,MÓNICA VICTORIA VELÁSQUEZ CORADO,DIVERSIFICADO,PRIVADO,URBANA,ABIERTA,MONOLINGUE,DOBLE,FIN DE SEMANA,JUTIAPA
22-01-0350-46,22-003,JUTIAPA,JUTIAPA,"COLEGIO PARTICULAR MIXTO ""EBEN EZER""",7MA. CALLE Y 8VA. AVENIDA 7-49 ZONA 3,30085046,REMBERTO RECINOS SARCEÑO,FIBI JUDITH LEMUS HERNÁNDEZ,DIVERSIFICADO,PRIVADO,URBANA,ABIERTA,MONOLINGUE,NOCTURNA,DIARIO(REGULAR),JUTIAPA
22-01-0354-46,22-003,JUTIAPA,JUTIAPA,"COLEGIO TECNICO PROFESIONAL ""SAN CRISTOBAL""","5TA. AVENIDA 7-35 ZONA 1, BARRIO LATINO",78441530,REMBERTO RECINOS SARCEÑO,DELMY ASTRID MÉNDEZ POLANCO,DIVERSIFICADO,PRIVADO,URBANA,ABIERTA,MONOLINGUE,MATUTINA,DIARIO(REGULAR),JUTIAPA
22-01-0361-46,22-003,JUTIAPA,JUTIAPA,"COLEGIO EVANGÉLICO DE EDUCACIÓN INTEGRAL ""ELIM""",4TA. CALLE 2-05 ZONA 3,47231479,REMBERTO RECINOS SARCEÑO,MIRNA ARACELY CONTRERAS ARANA,DIVERSIFICADO,PRIVADO,URBANA,ABIERTA,MONOLINGUE,VESPERTINA,DIARIO(REGULAR),JUTIAPA
22-01-0363-46,22-037,JUTIAPA,JUTIAPA,"COLEGIO EVANGÉLICO DE EDUCACIÓN INTEGRAL ""ELIM""",4TA. CALLE 2-05 ZONA 3,47231479,SANDRA NINNETH BONILLA ARCHILA,YERLIN INDIRA MARTÍNEZ LORENZANA,DIVERSIFICADO,PRIVADO,URBANA,ABIERTA,MONOLINGUE,DOBLE,FIN DE SEMANA,JUTIAPA
22-01-0368-46,22-003,JUTIAPA,JUTIAPA,LICEO TECNOLÓGICO BILINGÜE GÉNESIS,"7A. CALLE Y 8A. AVENIDA 7-49 ZONA 3, BARRIO EL CHAPARRON",78446178,REMBERTO RECINOS SARCEÑO,SANDRA DAMIRA LÓPEZ RAMÍREZ,DIVERSIFICADO,PRIVADO,URBANA,ABIERTA,MONOLINGUE,DOBLE,FIN DE SEMANA,JUTIAPA
22-01-0370-46,22-003,JUTIAPA,JUTIAPA,LICEO TECNOLÓGICO BILINGÜE GÉNESIS,"7A. CALLE Y 8A. AVENIDA 7-49 ZONA 3, BARRIO EL CHAPARON",78446178,REMBERTO RECINOS SARCEÑO,ALBA YESENIA ALARCON HERNANDEZ,DIVERSIFICADO,PRIVADO,URBANA,ABIERTA,MONOLINGUE,VESPERTINA,DIARIO(REGULAR),JUTIAPA
22-01-0372-46,22-003,JUTIAPA,JUTIAPA,COLEGIO GENIUS AMERICANO,CARRETERA INTERAMERICANA KILOMETRO 114.5 ALDEA CERRO GORDO,78286000,REMBERTO RECINOS SARCEÑO,HELEANA MARÍA GARCÍA CARRILLO,DIVERSIFICADO,PRIVADO,RURAL,ABIERTA,MONOLINGUE,MATUTINA,DIARIO(REGULAR),JUTIAPA
22-01-0373-46,22-013,JUTIAPA,JUTIAPA,"COLEGIO ""LICEO CIENTÍFICO DE ORIENTE""",12 AVENIDA 06-017 ZONA 1 CALLE AL COMPLEJO,59493731,RONY ESMELTZER RAMOS QUIÑONEZ,DULCE MARÍA VÁSQUEZ GONZÁLEZ,DIVERSIFICADO,PRIVADO,URBANA,ABIERTA,MONOLINGUE,MATUTINA,DIARIO(REGULAR),JUTIAPA
22-01-0374-46,22-013,JUTIAPA,JUTIAPA,"INSTITUTO NACIONAL DE EDUCACIÓN DIVERSIFICADA INED ""2 DE JUNIO""","COMPLEJO EDUCATIVO, BARRIO EL CONDOR",50045022,RONY ESMELTZER RAMOS QUIÑONEZ,SINDY YAMILETH GIRÓN RAMÍREZ,DIVERSIFICADO,OFICIAL,URBANA,ABIERTA,MONOLINGUE,MATUTINA,DIARIO(REGULAR),JUTIAPA
22-01-0375-46,22-013,JUTIAPA,JUTIAPA,"INSTITUTO NACIONAL DE EDUCACIÓN DIVERSIFICADA INED ""2 DE JUNIO""","COMPLEJO EDUCATIVO, BARRIO EL CONDOR",30465171,RONY ESMELTZER RAMOS QUIÑONEZ,KIMBERLY EUNICE RAMIREZ ESTEBAN,DIVERSIFICADO,OFICIAL,URBANA,ABIERTA,MONOLINGUE,VESPERTINA,DIARIO(REGULAR),JUTIAPA
22-01-0376-46,22-038,JUTIAPA,JUTIAPA,PROGRAMA NACIONAL DE EDUCACIÓN ALTERNATIVA -PRONEA-,COMPLEJO EDUCATIVO BARRIO EL CONDOR,77908100,MYNOR YOBANY MERLOS FLORIAN,MYNOR YOBANY MERLOS FLORIÁN,DIVERSIFICADO,OFICIAL,URBANA,ABIERTA,MONOLINGUE,DOBLE,A DISTANCIA,JUTIAPA
22-01-0381-46,22-003,JUTIAPA,JUTIAPA,CENTRO DE INTEGRACIÓN DE TÉCNICAS EDUCATIVAS -CITE-,CARRETERA INTERAMERICACANA P6 ZONA 4,23399760,REMBERTO RECINOS SARCEÑO,KARLA VANESA HERNÁNDEZ VILLATORO,DIVERSIFICADO,PRIVADO,URBANA,ABIERTA,MONOLINGUE,VESPERTINA,VIRTUAL A DISTANCIA,JUTIAPA
22-01-0382-46,22-037,JUTIAPA,JUTIAPA,CENTRO DE INTEGRACIÓN DE TÉCNICAS EDUCATIVAS -CITE-,CARRETERA INTERAMERICACANA P6 ZONA 4,23399092,SANDRA NINNETH BONILLA ARCHILA,SILVIA EUGENIA CASTRO CASTILLO,DIVERSIFICADO,PRIVADO,URBANA,ABIERTA,MONOLINGUE,VESPERTINA,VIRTUAL A DISTANCIA,JUTIAPA
22-01-0386-46,22-003,JUTIAPA,JUTIAPA,"INSTITUTO PROFESIONAL ""JAHER""",4TA. CALLE 2-11 ZONA 3,77968770,REMBERTO RECINOS SARCEÑO,YOLANDA DE JESÚS RODRÍGUEZ DE LEÓN,DIVERSIFICADO,PRIVADO,URBANA,ABIERTA,MONOLINGUE,VESPERTINA,VIRTUAL A DISTANCIA,JUTIAPA
22-01-0387-46,22-003,JUTIAPA,JUTIAPA,"INSTITUTO PROFESIONAL ""JAHER""",4TA. CALLE 2-11 ZONA 3,77968770,REMBERTO RECINOS SARCEÑO,YOLANDA DE JESÚS RODRÍGUEZ DE LEÓN,DIVERSIFICADO,PRIVADO,URBANA,ABIERTA,MONOLINGUE,DOBLE,A DISTANCIA,JUTIAPA
22-01-0388-46,22-003,JUTIAPA,JUTIAPA,"LICEO EDUCATIVO INNOVADOR ""LEISAR""",7A. AV. 5-25 ZONA 3,78441031,REMBERTO RECINOS SARCEÑO,KARLA YESENIA FLORES LÓPEZ,DIVERSIFICADO,PRIVADO,URBANA,ABIERTA,MONOLINGUE,MATUTINA,DIARIO(REGULAR),JUTIAPA
22-01-0389-46,22-001,JUTIAPA,JUTIAPA,INSTITUTO TÉCNICO DE CAPACITACIÓN Y PRODUCTIVIDAD -INTECAP-,KILOMETRO 110.4 CA-1 ALDEA AMAYITO,77937300,CECILIA ISABEL ALDECOA CASASOLA DE CASTRO,MARINA GONZALEZ FLORES,DIVERSIFICADO,PRIVADO,RURAL,ABIERTA,MONOLINGUE,DOBLE,DIARIO(REGULAR),JUTIAPA
22-01-0390-46,22-030,JUTIAPA,JUTIAPA,"""CENTRO DE EDUCACIÓN EXTRAESCOLAR -CEEX- DEPARTAMENTAL""","COMPLEJO EDUCATIVO, BARRIO EL CONDOR",77908100,MYNOR YOBANY MERLOS FLORIAN,REYNA AMARILIS BARRERA ALAY,DIVERSIFICADO,OFICIAL,URBANA,ABIERTA,MONOLINGUE,DOBLE,SEMIPRESENCIAL,JUTIAPA
22-01-0394-46,22-003,JUTIAPA,JUTIAPA,LICEO BETHEL,RUTA 23 ALDEA JÍCARO GRANDE,41607922,REMBERTO RECINOS SARCEÑO,DEYSI SINDY FLORIÁN CARDONA,DIVERSIFICADO,PRIVADO,RURAL,ABIERTA,MONOLINGUE,SIN JORNADA,SEMIPRESENCIAL (UN DÍA A LA SEMANA),JUTIAPA
22-01-0396-46,22-003,JUTIAPA,JUTIAPA,COLEGIO NUEVOS HORIZONTES,"CASERIO VILLA HERMOSA, CANTÓN POTRERO GRANDE",40444735,REMBERTO RECINOS SARCEÑO,ESTRELLITA NORICELDA RAMÍREZ CABRERA,DIVERSIFICADO,PRIVADO,RURAL,ABIERTA,MONOLINGUE,SIN JORNADA,SEMIPRESENCIAL (UN DÍA A LA SEMANA),JUTIAPA
22-01-0401-46,22-003,JUTIAPA,JUTIAPA,LICEO TECNOLÓGICO BILINGÜE GÉNESIS,7A. CALLE Y 8A. AVENIDA 7-49 ZONA 3,78446178,REMBERTO RECINOS SARCEÑO,SANDRA DAMIRA LÓPEZ RAMÍREZ,DIVERSIFICADO,PRIVADO,URBANA,ABIERTA,MONOLINGUE,SIN JORNADA,SEMIPRESENCIAL (UN DÍA A LA SEMANA),JUTIAPA
22-01-0402-46,22-001,JUTIAPA,JUTIAPA,"COLEGIO CATÓLICO ""SAN FRANCISCO""",2DA. CALLE 5-98 ZONA 3,77253761,CECILIA ISABEL ALDECOA CASASOLA DE CASTRO,JOSUÉ DANIEL RAMÍREZ LUX,DIVERSIFICADO,PRIVADO,URBANA,ABIERTA,MONOLINGUE,SIN JORNADA,SEMIPRESENCIAL (UN DÍA A LA SEMANA),JUTIAPA
22-01-0404-46,22-001,JUTIAPA,JUTIAPA,"COLEGIO PARTICULAR INTEGRAL ""EVOLUCIÓN""","LOTE 4, SECTOR E. RESIDENCIALES MARÍA EUGENIA",31003414,CECILIA ISABEL ALDECOA CASASOLA DE CASTRO,MIGUEL ANGEL MARTINEZ DE LA VEGA,DIVERSIFICADO,PRIVADO,URBANA,ABIERTA,MONOLINGUE,SIN JORNADA,SEMIPRESENCIAL (UN DÍA A LA SEMANA),JUTIAPA
22-01-0406-46,22-003,JUTIAPA,JUTIAPA,"LICEO EDUCATIVO INNOVADOR ""LEISAR""","7A. AVE. 5-24, BARRIO EL CHAPARRÓN",78441031,REMBERTO RECINOS SARCEÑO,REGNIER ANTONIO VELÁSQUEZ DONIS,DIVERSIFICADO,PRIVADO,URBANA,ABIERTA,MONOLINGUE,SIN JORNADA,SEMIPRESENCIAL (UN DÍA A LA SEMANA),JUTIAPA
22-01-0408-46,22-003,JUTIAPA,JUTIAPA,INSTITUTO PARTICULAR MIXTO DE MERCADOTECNIA Y PUBLICIDAD DE ORIENTE -IMPO-,5A. AVE. 7-35 ZONA 1,78441530,REMBERTO RECINOS SARCEÑO,JORGE MARIO AGUILAR RETANA,DIVERSIFICADO,PRIVADO,URBANA,ABIERTA,MONOLINGUE,SIN JORNADA,SEMIPRESENCIAL (UN DÍA A LA SEMANA),JUTIAPA
22-01-0410-46,22-001,JUTIAPA,JUTIAPA,INSTITUTO TÉCNICO PARTICULAR DE DIVERSIFICADO INTECPADI,5TA. CALLE 5-43 ZONA 1,78440379,CECILIA ISABEL ALDECOA CASASOLA DE CASTRO,RONI ERNESTO RECINOS ESTRADA,DIVERSIFICADO,PRIVADO,URBANA,ABIERTA,MONOLINGUE,SIN JORNADA,SEMIPRESENCIAL (UN DÍA A LA SEMANA),JUTIAPA
22-01-0412-46,22-003,JUTIAPA,JUTIAPA,ESCUELA EN CIENCIAS DE LA COMUNICACIÓN -ECCO-,KM. 116-5 CARRETERA INTERAMERICANA,78440228,REMBERTO RECINOS SARCEÑO,RODABEL RÍOS CASTILLO,DIVERSIFICADO,PRIVADO,URBANA,ABIERTA,MONOLINGUE,SIN JORNADA,SEMIPRESENCIAL (UN DÍA A LA SEMANA),JUTIAPA
22-01-0414-46,22-003,JUTIAPA,JUTIAPA,"COLEGIO PARTICULAR MIXTO ""EBEN EZER""",7A. CALLE Y 8A. AVENIDA 7-49 ZONA 3,56931065,REMBERTO RECINOS SARCEÑO,CÉSAR GEOVANNI RAMOS RAMÍREZ,DIVERSIFICADO,PRIVADO,URBANA,ABIERTA,MONOLINGUE,NOCTURNA,DIARIO(REGULAR),JUTIAPA
22-01-0420-46,22-001,JUTIAPA,JUTIAPA,LICEO BILINGÜE INTERAMERICANO JUTIAPA,BARRIO INTERAMERICANO 4-01,7844007,CECILIA ISABEL ALDECOA CASASOLA DE CASTRO,HILCIA ASUCENA ORTEGA ZUÑIGA,DIVERSIFICADO,PRIVADO,URBANA,ABIERTA,MONOLINGUE,MATUTINA,DIARIO(REGULAR),JUTIAPA
22-01-0421-46,22-001,JUTIAPA,JUTIAPA,LICEO BILINGÜE INTERAMERICANO JUTIAPA,BARRIO INTERAMERICANO 4-01,7844007,CECILIA ISABEL ALDECOA CASASOLA DE CASTRO,HEBERTO ANÍBAL CORADO QUIÑONEZ,DIVERSIFICADO,PRIVADO,URBANA,ABIERTA,MONOLINGUE,DOBLE,FIN DE SEMANA,JUTIAPA
22-01-0422-46,22-001,JUTIAPA,JUTIAPA,LICEO BILINGÜE INTERAMERICANO JUTIAPA,BARRIO INTERAMERICANO 4-01,78440074,CECILIA ISABEL ALDECOA CASASOLA DE CASTRO,HEBERTO ANÍBAL CORADO QUIÑONEZ,DIVERSIFICADO,PRIVADO,URBANA,ABIERTA,MONOLINGUE,SIN JORNADA,SEMIPRESENCIAL (UN DÍA A LA SEMANA),JUTIAPA
22-01-0424-46,22-013,JUTIAPA,JUTIAPA,LICEO ORIENTAL,"KILOMETRO 116 CARRETERA INTERAMERICANA, ALDEA CERRO GORDO",30423063,RONY ESMELTZER RAMOS QUIÑONEZ,OLIN ROSALINA GUDIEL GRIJALVA,DIVERSIFICADO,PRIVADO,RURAL,ABIERTA,MONOLINGUE,SIN JORNADA,SEMIPRESENCIAL (UN DÍA A LA SEMANA),JUTIAPA
22-01-0426-46,22-003,JUTIAPA,JUTIAPA,COLEGIO EL BOSQUE,ALDEA EL CHILTEPE,59609909,REMBERTO RECINOS SARCEÑO,INGRID CAROL JUAREZ DOMINGUEZ,DIVERSIFICADO,PRIVADO,RURAL,ABIERTA,MONOLINGUE,SIN JORNADA,SEMIPRESENCIAL (UN DÍA A LA SEMANA),JUTIAPA
22-01-0429-46,22-003,JUTIAPA,JUTIAPA,"COLEGIO EVANGÉLICO DE EDUCACIÓN INTEGRAL ""ELIM""",4A. CALLE 2-05 ZONA 3,77272966,REMBERTO RECINOS SARCEÑO,YOLANDA DE JESÚS RODRÍGUEZ DE LEÓN,DIVERSIFICADO,PRIVADO,URBANA,ABIERTA,MONOLINGUE,SIN JORNADA,SEMIPRESENCIAL (UN DÍA A LA SEMANA),JUTIAPA
22-01-0433-46,22-003,JUTIAPA,JUTIAPA,CENTRO DE INTEGRACIÓN DE TÉCNICAS EDUCATIVAS -CITE-,"CARRETERA INTERAMERICANA P6, ZONA 4",77252887,REMBERTO RECINOS SARCEÑO,KARLA VANESA HERNÁNDEZ VILLATORO,DIVERSIFICADO,PRIVADO,URBANA,ABIERTA,MONOLINGUE,SIN JORNADA,A DISTANCIA,JUTIAPA
22-01-0435-46,22-003,JUTIAPA,JUTIAPA,INSTITUTO TECNOLÓGICO DE COMPUTACIÓN DE ORIENTE,"8A. CALLE 4-42 ZONA 1, BARRIO LATINO",58248045,REMBERTO RECINOS SARCEÑO,JONATHAN GABRIEL AZMITIA GONZÁLEZ,DIVERSIFICADO,PRIVADO,URBANA,ABIERTA,MONOLINGUE,MATUTINA,DIARIO(REGULAR),JUTIAPA
22-01-0436-46,22-003,JUTIAPA,JUTIAPA,"""LICEO BETHEL""",ALDEA JICARO GRANDE,41607922,REMBERTO RECINOS SARCEÑO,DEYSI SINDY FLORIÁN CARDONA,DIVERSIFICADO,PRIVADO,RURAL,ABIERTA,MONOLINGUE,DOBLE,FIN DE SEMANA,JUTIAPA
22-01-0441-46,22-001,JUTIAPA,JUTIAPA,"COLEGIO MIXTO BILINGÜE ""SANTA FE""",2A. AV. 4-28 ZONA 1,59194532,CECILIA ISABEL ALDECOA CASASOLA DE CASTRO,DELMY CAROLINA SANDOVAL MEDINA,DIVERSIFICADO,PRIVADO,URBANA,ABIERTA,MONOLINGUE,DOBLE,FIN DE SEMANA,JUTIAPA
22-01-0442-46,22-001,JUTIAPA,JUTIAPA,"COLEGIO MIXTO BILINGÜE ""SANTA FE""",2A. AV. 4-28 ZONA 1,59194532,CECILIA ISABEL ALDECOA CASASOLA DE CASTRO,DELMY CAROLINA SANDOVAL MEDINA,DIVERSIFICADO,PRIVADO,URBANA,ABIERTA,MONOLINGUE,SIN JORNADA,SEMIPRESENCIAL (UN DÍA A LA SEMANA),JUTIAPA
22-01-0449-46,22-001,JUTIAPA,JUTIAPA,"COLEGIO MIXTO BILINGÜE ""SANTA FE""",2DA. AVENIDA 4-28 ZONA 1 A UN COSTADO DEL MINISTERIO PUBLICO,79344001,CECILIA ISABEL ALDECOA CASASOLA DE CASTRO,ANGEL ELEAZAR VEGA ALAY,DIVERSIFICADO,PRIVADO,URBANA,ABIERTA,MONOLINGUE,VESPERTINA,DIARIO(REGULAR),JUTIAPA
22-01-0605-46,22-001,JUTIAPA,JUTIAPA,INSTITUTO TECNICO PARTICULAR DE DIVERSIFICADO -INTECPADI-,5TA. CALLE 5-43 ZONA 1,78442296,CECILIA ISABEL ALDECOA CASASOLA DE CASTRO,RONI ERNESTO RECINOS ESTRADA,DIVERSIFICADO,PRIVADO,URBANA,ABIERTA,MONOLINGUE,DOBLE,FIN DE SEMANA,JUTIAPA
22-01-0620-46,22-001,JUTIAPA,JUTIAPA,INSTITUTO TECNICO INDUSTRIAL DE ORIENTE,"KILOMETRO 115.5 CARRETERA INTERAMERICANA, ALDEA CERRO GORDO",77252993,CECILIA ISABEL ALDECOA CASASOLA DE CASTRO,LESLY KARINA GOMEZ GARCIA,DIVERSIFICADO,PRIVADO,URBANA,ABIERTA,MONOLINGUE,DOBLE,DIARIO(REGULAR),JUTIAPA
22-01-0621-46,22-003,JUTIAPA,JUTIAPA,INSTITUTO TECNOLOGICO DE COMPUTACION DE ORIENTE,"8VA. CALLE 4-42 ZONA 1, BARRIO LATINO",58248045,REMBERTO RECINOS SARCEÑO,JONATHAN GABRIEL AZMITIA GONZÁLEZ,DIVERSIFICADO,PRIVADO,URBANA,ABIERTA,MONOLINGUE,DOBLE,DIARIO(REGULAR),JUTIAPA
22-01-0627-46,22-001,JUTIAPA,JUTIAPA,COLEGIO PARTICULAR MIXTO SAN MIGUEL,2A. CALLE 5-98 ZONA 3,77270508,CECILIA ISABEL ALDECOA CASASOLA DE CASTRO,TANIA BEATRIZ LÓPEZ RIVERA,DIVERSIFICADO,PRIVADO,URBANA,ABIERTA,MONOLINGUE,VESPERTINA,DIARIO(REGULAR),JUTIAPA
22-01-0664-46,22-003,JUTIAPA,JUTIAPA,ESCUELA EN CIENCIAS DE LA COMUNICACION ECCO,KM. 116.5,78440228,REMBERTO RECINOS SARCEÑO,RODABEL RÍOS CASTILLO,DIVERSIFICADO,PRIVADO,URBANA,ABIERTA,MONOLINGUE,DOBLE,FIN DE SEMANA,JUTIAPA
22-01-0666-46,22-003,JUTIAPA,JUTIAPA,ESCUELA EN CIENCIAS DE LA COMUNICACION ECCO,KM. 116.5,78440228,REMBERTO RECINOS SARCEÑO,EMILSA LILIANA PÁIZ VILLANUEVA,DIVERSIFICADO,PRIVADO,URBANA,ABIERTA,MONOLINGUE,VESPERTINA,DIARIO(REGULAR),JUTIAPA
22-01-0734-46,22-003,JUTIAPA,JUTIAPA,ESCUELA EN CIENCIAS DE LA COMUNICACION ECCO,KM. 116.5,78440228,REMBERTO RECINOS SARCEÑO,NANCY PAOLA MARTÍNEZ MEDRANO,DIVERSIFICADO,PRIVADO,URBANA,ABIERTA,MONOLINGUE,MATUTINA,DIARIO(REGULAR),JUTIAPA
22-01-1608-46,22-003,JUTIAPA,JUTIAPA,INSTITUTO PARTICULAR MIXTO SUPERACION,5A. AV. 7-35 ZONA 1,78441530,REMBERTO RECINOS SARCEÑO,DELMY ASTRID MÉNDEZ POLANCO,DIVERSIFICADO,PRIVADO,URBANA,ABIERTA,MONOLINGUE,DOBLE,FIN DE SEMANA,JUTIAPA
22-01-1611-46,22-001,JUTIAPA,JUTIAPA,"INSTITUTO TECNICO PARTICULAR DE DIVERSIFICADO, INTECPADI",5A. CALLE 5-43 ZONA 1,78442296,CECILIA ISABEL ALDECOA CASASOLA DE CASTRO,RONI ERNESTO RECINOS ESTRADA,DIVERSIFICADO,PRIVADO,URBANA,ABIERTA,MONOLINGUE,DOBLE,FIN DE SEMANA,JUTIAPA
22-01-2002-46,22-003,JUTIAPA,JUTIAPA,LICEO PREUNIVERSITARIO,KILOMETRO 111 CARRETERA INTERAMERICANA,78232524,REMBERTO RECINOS SARCEÑO,NANCY PAOLA ZEPEDA SANTOS,DIVERSIFICADO,PRIVADO,RURAL,ABIERTA,MONOLINGUE,DOBLE,DIARIO(REGULAR),JUTIAPA
22-01-2071-46,22-001,JUTIAPA,JUTIAPA,ESCUELA NORMAL DE EDUCACION FISICA,"8ª. CALLE ZONA 1, BARRIO LATINO",78440156,CECILIA ISABEL ALDECOA CASASOLA DE CASTRO,JAVIER SHMELIN HERNÁNDEZ ESTRADA,DIVERSIFICADO,OFICIAL,URBANA,ABIERTA,MONOLINGUE,DOBLE,DIARIO(REGULAR),JUTIAPA
22-01-2196-46,22-001,JUTIAPA,JUTIAPA,INSTITUTO TECNICO PARTICULAR DE DIVERSIFICADO INTECPADI,5TA. CALLE 5-43 ZONA 1,78442296,CECILIA ISABEL ALDECOA CASASOLA DE CASTRO,RONI ERNESTO RECINOS ESTRADA,DIVERSIFICADO,PRIVADO,URBANA,ABIERTA,MONOLINGUE,DOBLE,DIARIO(REGULAR),JUTIAPA
22-01-2431-46,22-037,JUTIAPA,JUTIAPA,COLEGIO PARTICULAR MIXTO EBEN EZER,ENTRADA AL COMPLEJO EDUCATIVO 0-16 ZONA 3,34085046,SANDRA NINNETH BONILLA ARCHILA,FIBI JUDITH LEMUS HERNÁNDEZ,DIVERSIFICADO,PRIVADO,URBANA,ABIERTA,MONOLINGUE,NOCTURNA,DIARIO(REGULAR),JUTIAPA
22-01-2493-46,22-003,JUTIAPA,JUTIAPA,COLEGIO EVANGELICO VIDA NUEVA,COMPLEJO EDUCATIVO 0-16 ZONA 3 BARRIO EL CONDOR,78441907,REMBERTO RECINOS SARCEÑO,ESLY OLIMPIA VEGA CANÚZ,DIVERSIFICADO,PRIVADO,URBANA,ABIERTA,MONOLINGUE,VESPERTINA,DIARIO(REGULAR),JUTIAPA
22-01-2527-46,22-001,JUTIAPA,JUTIAPA,COLEGIO INTEGRAL EVOLUCION CIE,"7A. CALLE Y 8A. AVENIDA 7-49 ZONA 3, BARRIO EL CHAPARRON",57313172,CECILIA ISABEL ALDECOA CASASOLA DE CASTRO,MIGUEL ANGEL MARTINEZ DE LA VEGA,DIVERSIFICADO,PRIVADO,URBANA,ABIERTA,MONOLINGUE,DOBLE,FIN DE SEMANA,JUTIAPA
22-02-0006-46,22-002,JUTIAPA,EL PROGRESO,INSTITUTO NACIONAL DE EDUCACION DIVERSIFICADA,"1AV. 4-54, ZONA 2",,CARLOS HUMBERTO CRUZ ALAY,MARTA LUISA BONILLA GARCÍA,DIVERSIFICADO,OFICIAL,URBANA,ABIERTA,MONOLINGUE,VESPERTINA,DIARIO(REGULAR),JUTIAPA
22-02-0016-46,22-037,JUTIAPA,EL PROGRESO,"LICEO BILINGÜE ""FRAY AMADEO RUANO NAJARRO""",2A. AVENIDA 2-88 ZONA 1,78435491,SANDRA NINNETH BONILLA ARCHILA,MELANIE ROCIO RUANO ESPAÑA,DIVERSIFICADO,PRIVADO,URBANA,ABIERTA,MONOLINGUE,MATUTINA,DIARIO(REGULAR),JUTIAPA
22-02-0017-46,22-037,JUTIAPA,EL PROGRESO,"COLEGIO PARTICULAR MIXTO ""LICEO PROGRESO""","CALZADA LA PAZ, BARRIO EL BOSQUE",78435751,SANDRA NINNETH BONILLA ARCHILA,NELDA JUDITH PALMA ESTRADA,DIVERSIFICADO,PRIVADO,URBANA,ABIERTA,MONOLINGUE,DOBLE,FIN DE SEMANA,JUTIAPA
22-02-0023-46,22-037,JUTIAPA,EL PROGRESO,"CENTRO EDUCATIVO MUNICIPAL ""EL ROBLE""",4TA.. CALLE 1-04 ZONA 4 BARRIO EL ROBLE,42199688,SANDRA NINNETH BONILLA ARCHILA,VIVIANA YAMILETH RIVERA LÓPEZ,DIVERSIFICADO,MUNICIPAL,URBANA,ABIERTA,MONOLINGUE,VESPERTINA,DIARIO(REGULAR),JUTIAPA
22-02-0024-46,22-037,JUTIAPA,EL PROGRESO,COLEGIO PROFESIONAL INTEGRAL -CPI-,"KM. 125.5 CARRETERA INTERAMERICANA, ALDEA EL PORVENIR",77254982,SANDRA NINNETH BONILLA ARCHILA,LIDIA LUZ ESPINO GONZÁLEZ,DIVERSIFICADO,PRIVADO,RURAL,ABIERTA,MONOLINGUE,MATUTINA,DIARIO(REGULAR),JUTIAPA
22-02-0026-46,22-037,JUTIAPA,EL PROGRESO,COLEGIO PARTICULAR MIXTO LICEO PROGRESO,CALZADA LA PAZ,78455751,SANDRA NINNETH BONILLA ARCHILA,NELDA JUDITH PALMA ESTRADA,DIVERSIFICADO,PRIVADO,URBANA,ABIERTA,MONOLINGUE,SIN JORNADA,SEMIPRESENCIAL (UN DÍA A LA SEMANA),JUTIAPA
22-02-1434-46,22-037,JUTIAPA,EL PROGRESO,"COLEGIO PARTICULAR MIXTO ""LICEO PROGRESO""","CALZADA LA PAZ, BARRIO EL BOSQUE",78435751,SANDRA NINNETH BONILLA ARCHILA,NELDA JUDITH PALMA ESTRADA,DIVERSIFICADO,PRIVADO,URBANA,ABIERTA,MONOLINGUE,MATUTINA,DIARIO(REGULAR),JUTIAPA
22-02-1692-46,22-037,JUTIAPA,EL PROGRESO,INST. MIXTO DE DIVERSIFICADO POR COOPERATIVA DE ENSEÑANZA ANGELINA ACUÑA,"1A. CALLE 2-82, ZONA 2",78434008,SANDRA NINNETH BONILLA ARCHILA,ORLANDO ELIEL MORÁN ARANA,DIVERSIFICADO,COOPERATIVA,URBANA,ABIERTA,MONOLINGUE,VESPERTINA,DIARIO(REGULAR),JUTIAPA
22-02-2087-46,22-037,JUTIAPA,EL PROGRESO,"COLEGIO PARTICULAR MIXTO ""LICEO PROGRESO""","CALZADA LA PAZ, BARRIO EL BOSQUE",78435751,SANDRA NINNETH BONILLA ARCHILA,NELDA JUDITH PALMA ESTRADA,DIVERSIFICADO,PRIVADO,URBANA,ABIERTA,MONOLINGUE,DOBLE,FIN DE SEMANA,JUTIAPA
22-02-2204-46,22-009,JUTIAPA,EL PROGRESO,ESCUELA REGIONAL DE HOTELERIA Y TURISMO ECOLOGICO,0 CALLE 1-20 ZONA 3 EDIFICIO TERESA DE CHANG 3ER NIVEL,57167937,GAUDY YADIRA ISABEL IXCHOP AMBROCIO,,DIVERSIFICADO,PRIVADO,URBANA,ABIERTA,MONOLINGUE,VESPERTINA,DIARIO(REGULAR),JUTIAPA
22-02-2460-46,22-037,JUTIAPA,EL PROGRESO,LICEO EVANGELICO HOREB,1A. AVENIDA A 6-43 ZONA 2,45358275,SANDRA NINNETH BONILLA ARCHILA,WILDER PORFIRIO PÉREZ LÓPEZ,DIVERSIFICADO,PRIVADO,URBANA,ABIERTA,MONOLINGUE,VESPERTINA,DIARIO(REGULAR),JUTIAPA
22-03-0011-46,22-010,JUTIAPA,SANTA CATARINA MITA,INSTITUTO NACIONAL DE EDUCACION DIVERSIFICADA,BARRIO EL BARREAL,41723310,KEVIN DANIEL SANDOVAL SALVADOR,NOE HERNANDEZ LINARES HECTOR,DIVERSIFICADO,OFICIAL,URBANA,ABIERTA,MONOLINGUE,VESPERTINA,DIARIO(REGULAR),JUTIAPA
22-03-0021-46,22-010,JUTIAPA,SANTA CATARINA MITA,INSTITUTO NACIONAL DE EDUCACION DIVERSIFICADA,BARRIO EL BARREAL,78883484,KEVIN DANIEL SANDOVAL SALVADOR,MARLON DANILO ORTÍZ POLANCO,DIVERSIFICADO,OFICIAL,URBANA,ABIERTA,MONOLINGUE,VESPERTINA,DIARIO(REGULAR),JUTIAPA
22-03-0026-46,22-032,JUTIAPA,SANTA CATARINA MITA,"INSTITUTO TECNICO INDUSTRIAL ""HENRY FORD""",BARRIO EL BARREAL,78883379,NANSI ROSMERY MARTINEZ BARRIENTOS DE ORTIZ,LUDWING RONALDO SANTOS ALARCÓN,DIVERSIFICADO,PRIVADO,URBANA,ABIERTA,MONOLINGUE,DOBLE,FIN DE SEMANA,JUTIAPA
22-03-0028-46,22-032,JUTIAPA,SANTA CATARINA MITA,INSTITUTO PARTICULAR CATARINECO,BARRIO LA ERMITA,53673753,NANSI ROSMERY MARTINEZ BARRIENTOS DE ORTIZ,JOSÉ DANIEL PALMA OSORIO,DIVERSIFICADO,PRIVADO,RURAL,ABIERTA,MONOLINGUE,VESPERTINA,DIARIO(REGULAR),JUTIAPA
22-03-0029-46,22-015,JUTIAPA,SANTA CATARINA MITA,"INSTITUTO TECNICO INDUSTRIAL ""HENRY FORD""",BARRIO EL BARREAL,78883379,ENZON DIONICIO PINTO MARTINEZ,ANA GABRIELA MÉNDEZ CERÓN,DIVERSIFICADO,PRIVADO,URBANA,ABIERTA,MONOLINGUE,VESPERTINA,DIARIO(REGULAR),JUTIAPA
22-03-0030-46,22-015,JUTIAPA,SANTA CATARINA MITA,"INSTITUTO TECNICO INDUSTRIAL ""HENRY FORD""",BARRIO EL BARRIAL,78883379,ENZON DIONICIO PINTO MARTINEZ,LUDWING RONALDO SANTOS ALARCÓN,DIVERSIFICADO,PRIVADO,URBANA,ABIERTA,MONOLINGUE,DOBLE,FIN DE SEMANA,JUTIAPA
22-03-0032-46,22-010,JUTIAPA,SANTA CATARINA MITA,CENTRO EDUCATIVO MUNICIPAL DE DIVERSIFICADO,ALDEA HORCONES,55730069,KEVIN DANIEL SANDOVAL SALVADOR,JULIA ANALI GIRÓN AMBROCIO,DIVERSIFICADO,MUNICIPAL,RURAL,ABIERTA,MONOLINGUE,VESPERTINA,DIARIO(REGULAR),JUTIAPA
22-03-0033-46,22-032,JUTIAPA,SANTA CATARINA MITA,INSTITUTO TECNICO INDUSTRIAL HENRY FORD,BARRIO EL BARREAL,78883379,NANSI ROSMERY MARTINEZ BARRIENTOS DE ORTIZ,SUCELY ALEJANDRINA ORTÍZ LEIVA,DIVERSIFICADO,PRIVADO,URBANA,ABIERTA,MONOLINGUE,MATUTINA,DIARIO(REGULAR),JUTIAPA
22-03-0034-46,22-015,JUTIAPA,SANTA CATARINA MITA,"COLEGIO PARTICULAR MIXTO EVANGÉLICO ""SHALOM""",BARRIO LA JAVIA,30042843,ENZON DIONICIO PINTO MARTINEZ,JOSSELINE STESY BARRIENTOS GARCÍA,DIVERSIFICADO,PRIVADO,URBANA,ABIERTA,MONOLINGUE,VESPERTINA,DIARIO(REGULAR),JUTIAPA
22-03-0037-46,22-015,JUTIAPA,SANTA CATARINA MITA,"INSTITUTO TÉCNICO INDUSTRIAL ""HENRY FORD""",BARRIO EL BARREAL,47702598,ENZON DIONICIO PINTO MARTINEZ,LUDWING RONALDO SANTOS ALARCÓN,DIVERSIFICADO,PRIVADO,URBANA,ABIERTA,MONOLINGUE,SIN JORNADA,SEMIPRESENCIAL (UN DÍA A LA SEMANA),JUTIAPA
22-03-2317-46,22-032,JUTIAPA,SANTA CATARINA MITA,INSTITUTO TECNICO INDUSTRIAL 'HENRY FORD',BARRIO EL BARREAL,78883379,NANSI ROSMERY MARTINEZ BARRIENTOS DE ORTIZ,ANA GABRIELA MÉNDEZ CERÓN,DIVERSIFICADO,PRIVADO,URBANA,ABIERTA,MONOLINGUE,DOBLE,DIARIO(REGULAR),JUTIAPA
22-04-0023-46,22-011,JUTIAPA,AGUA BLANCA,INSTITUTO NACIONAL DE EDUCACION DIVERSIFICADA,BARRIO TECUAN,53579413,RUTH CAROLINA SANABRIA ORELLANA,HUGO LEONEL NOGUERA AGUILAR,DIVERSIFICADO,OFICIAL,URBANA,ABIERTA,MONOLINGUE,VESPERTINA,DIARIO(REGULAR),JUTIAPA
22-04-0030-46,22-012,JUTIAPA,AGUA BLANCA,COLEGIO PARTICULAR MIXTO AGUABLANQUENSE,BARRIO LAS CASITAS,56250674,YELBELY ROXANA VEGA DONADO,DONALD WILFREDO AGUIRRE GUERRA,DIVERSIFICADO,PRIVADO,URBANA,ABIERTA,MONOLINGUE,DOBLE,FIN DE SEMANA,JUTIAPA
22-04-0035-46,22-011,JUTIAPA,AGUA BLANCA,LICEO JUAN PABLO II,BARRIO EL CENTRO,78683457,RUTH CAROLINA SANABRIA ORELLANA,KINVERLY DE MARÍA ORELLANA BELTRÁN,DIVERSIFICADO,PRIVADO,URBANA,ABIERTA,MONOLINGUE,VESPERTINA,DIARIO(REGULAR),JUTIAPA
22-04-0047-46,22-011,JUTIAPA,AGUA BLANCA,LICEO JUAN PABLO II,BARRIO EL CENTRO,47399729,RUTH CAROLINA SANABRIA ORELLANA,CARLOS OSMIN ORELLANA VICENTE,DIVERSIFICADO,PRIVADO,URBANA,ABIERTA,MONOLINGUE,SIN JORNADA,SEMIPRESENCIAL (UN DÍA A LA SEMANA),JUTIAPA
22-04-0057-46,22-011,JUTIAPA,AGUA BLANCA,"LICEO ""SAN JUAN PABLO II""",BARRIO EL CENTRO,41024810,RUTH CAROLINA SANABRIA ORELLANA,KINVERLY DE MARÍA ORELLANA BELTRÁN,DIVERSIFICADO,PRIVADO,URBANA,ABIERTA,MONOLINGUE,VESPERTINA,DIARIO(REGULAR),JUTIAPA
22-04-0058-46,22-011,JUTIAPA,AGUA BLANCA,"LICEO ""SAN JUAN PABLO II""",BARRIO EL CENTRO,41024810,RUTH CAROLINA SANABRIA ORELLANA,CARLOS OSMIN ORELLANA VICENTE,DIVERSIFICADO,PRIVADO,URBANA,ABIERTA,MONOLINGUE,DOBLE,FIN DE SEMANA,JUTIAPA
22-04-0059-46,22-011,JUTIAPA,AGUA BLANCA,"LICEO ""SAN JUAN PABLO II""",BARRIO EL CENTRO,41024810,RUTH CAROLINA SANABRIA ORELLANA,CARLOS OSMIN ORELLANA VICENTE,DIVERSIFICADO,PRIVADO,URBANA,ABIERTA,MONOLINGUE,SIN JORNADA,SEMIPRESENCIAL (UN DÍA A LA SEMANA),JUTIAPA
22-04-2085-46,22-012,JUTIAPA,AGUA BLANCA,INSTITUTO DIVERSIFICADO POR COOPERATIVA,AGUA BLANCA,49494159,YELBELY ROXANA VEGA DONADO,YESLIN MARÍA ESPINO MÉNDEZ,DIVERSIFICADO,COOPERATIVA,URBANA,ABIERTA,MONOLINGUE,VESPERTINA,DIARIO(REGULAR),JUTIAPA
22-04-2086-46,22-012,JUTIAPA,AGUA BLANCA,COLEGIO PARTICULAR MIXTO AGUABLANQUENSE,AGUA BLANCA,78683296,YELBELY ROXANA VEGA DONADO,JAVIER DE JESÚS LEMUS ALARCÓN,DIVERSIFICADO,PRIVADO,URBANA,ABIERTA,MONOLINGUE,VESPERTINA,DIARIO(REGULAR),JUTIAPA
22-05-0024-46,22-016,JUTIAPA,ASUNCION MITA,INSTITUTO NACIONAL DE EDUCACION DIVERSIFICADA,BARRIO CENTRAL,56947315,LESVIA YADIRA OLIVA TEO DE ALDANA,ZOILA ELENA MARTÍNEZ TRUJILLO,DIVERSIFICADO,OFICIAL,URBANA,ABIERTA,MONOLINGUE,MATUTINA,DIARIO(REGULAR),JUTIAPA
22-05-0044-46,22-002,JUTIAPA,ASUNCION MITA,COLEGIO INTEGRAL SAGRADA FAMILIA,"2 CALLE Y 6A. AV. ZON 2, BARRIO CENTRAL",78460481,CARLOS HUMBERTO CRUZ ALAY,MARÍA MERCEDES GARCÍA VEGA,DIVERSIFICADO,PRIVADO,URBANA,ABIERTA,MONOLINGUE,VESPERTINA,DIARIO(REGULAR),JUTIAPA
22-05-0053-46,22-016,JUTIAPA,ASUNCION MITA,COLEGIO PARTICULAR MIXTO INTEGRAL JOSHUA,"CASA NO. 27, BARRIO LA FEDERAL",,LESVIA YADIRA OLIVA TEO DE ALDANA,GAUDY YADIRA IXCHOP AMBROCIO,DIVERSIFICADO,PRIVADO,URBANA,ABIERTA,MONOLINGUE,VESPERTINA,DIARIO(REGULAR),JUTIAPA
22-05-0057-46,22-017,JUTIAPA,ASUNCION MITA,"INSTITUTO PARTICULAR MIXTO ""MARÍA CHINCHILLA""",BARRIO LA FEDERAL,78457668,SANDRA PATRICIA LOPEZ DE CAMBARA,SILVIA ERNESTINA MARTÍNEZ NAVAS,DIVERSIFICADO,PRIVADO,URBANA,ABIERTA,MONOLINGUE,DOBLE,FIN DE SEMANA,JUTIAPA
22-05-0058-46,22-017,JUTIAPA,ASUNCION MITA,INSTITUTO NACIONAL DE EDUCACIÓN DIVERSIFICADA,BARRIO CENTRAL,56947315,SANDRA PATRICIA LOPEZ DE CAMBARA,ZOILA ELENA MARTÍNEZ TRUJILLO,DIVERSIFICADO,OFICIAL,URBANA,ABIERTA,MONOLINGUE,VESPERTINA,DIARIO(REGULAR),JUTIAPA
22-05-0061-46,22-017,JUTIAPA,ASUNCION MITA,COLEGIO INTEGRAL SAGRADA FAMILIA,BARRIO EL CALVARIO,78460481,SANDRA PATRICIA LOPEZ DE CAMBARA,LAURA YUBIXA MONROY,DIVERSIFICADO,PRIVADO,URBANA,ABIERTA,MONOLINGUE,DOBLE,FIN DE SEMANA,JUTIAPA
22-05-0063-46,22-017,JUTIAPA,ASUNCION MITA,"""LICEO TIUCAL""",ALDEA TIUCAL,58248115,SANDRA PATRICIA LOPEZ DE CAMBARA,DANY OBED LINARES ZEPEDA,DIVERSIFICADO,PRIVADO,RURAL,ABIERTA,MONOLINGUE,MATUTINA,DIARIO(REGULAR),JUTIAPA
22-05-0065-46,22-009,JUTIAPA,ASUNCION MITA,ESCUELA TÉNICA VOCACIONAL,KM. 147 147.50 CARRETERA INTERAMERICANA,78459883,GAUDY YADIRA ISABEL IXCHOP AMBROCIO,HELEN ROXANA PALMA CENTES,DIVERSIFICADO,PRIVADO,URBANA,ABIERTA,MONOLINGUE,MATUTINA,DIARIO(REGULAR),JUTIAPA
22-05-0071-46,22-009,JUTIAPA,ASUNCION MITA,CENTRO EDUCATIVO DE INFORMÁTICA,BARRIO LA DEMOCRACIA,58538798,GAUDY YADIRA ISABEL IXCHOP AMBROCIO,ASTRID ROCÍO SALAZAR GARCÍA,DIVERSIFICADO,PRIVADO,URBANA,ABIERTA,MONOLINGUE,SIN JORNADA,SEMIPRESENCIAL (UN DÍA A LA SEMANA),JUTIAPA
22-05-0073-46,22-017,JUTIAPA,ASUNCION MITA,"INSTITUTO PARTICULAR MIXTO ""MARÍA CHINCHILLA""",BARRIO LA FEDERAL,78457668,SANDRA PATRICIA LOPEZ DE CAMBARA,SILVIA ERNESTINA MARTÍNEZ NAVAS,DIVERSIFICADO,PRIVADO,URBANA,ABIERTA,MONOLINGUE,SIN JORNADA,SEMIPRESENCIAL (UN DÍA A LA SEMANA),JUTIAPA
22-05-0077-46,22-017,JUTIAPA,ASUNCION MITA,INSTITUTO TÉCNICO INDUSTRIAL HENRY FORD,BARRIO LA PAZ,50187691,SANDRA PATRICIA LOPEZ DE CAMBARA,NESTOR GONZALO RODRÍGUEZ COLINDRES,DIVERSIFICADO,PRIVADO,URBANA,ABIERTA,MONOLINGUE,SIN JORNADA,SEMIPRESENCIAL (UN DÍA A LA SEMANA),JUTIAPA
22-05-0302-46,22-017,JUTIAPA,ASUNCION MITA,"INSTITUTO PARTICULAR MIXTO ""MARIA CHINCHILLA""",BARRIO LA FEDERAL,78457668,SANDRA PATRICIA LOPEZ DE CAMBARA,SILVIA ERNESTINA MARTÍNEZ NAVAS,DIVERSIFICADO,PRIVADO,URBANA,ABIERTA,MONOLINGUE,VESPERTINA,DIARIO(REGULAR),JUTIAPA
22-05-1437-46,22-017,JUTIAPA,ASUNCION MITA,ESCUELA DE CIENCIAS COMERCIALES POR COOPERATIVA,ALDEA TIUCAL,78744300,SANDRA PATRICIA LOPEZ DE CAMBARA,MIRIAM LETICIA BOJÓRQUEZ LEMUS,DIVERSIFICADO,COOPERATIVA,RURAL,ABIERTA,MONOLINGUE,MATUTINA,DIARIO(REGULAR),JUTIAPA
22-05-1596-46,22-017,JUTIAPA,ASUNCION MITA,INSTITUTO PARTICULAR MIXTO MARIA CHINCHILLA,BARRIO LA FEDERAL,78457668,SANDRA PATRICIA LOPEZ DE CAMBARA,SILVIA ERNESTINA MARTÍNEZ NAVAS,DIVERSIFICADO,PRIVADO,URBANA,ABIERTA,MONOLINGUE,MATUTINA,DIARIO(REGULAR),JUTIAPA
22-05-1610-46,22-009,JUTIAPA,ASUNCION MITA,INSTITUTO PARTICULAR MIXTO NUESTRA SEÑORA DE LA ASUNCION,BARRIO LA PAZ,78459147,GAUDY YADIRA ISABEL IXCHOP AMBROCIO,JULIA ALICIA GARCÍA RAMÍREZ,DIVERSIFICADO,PRIVADO,URBANA,ABIERTA,MONOLINGUE,MATUTINA,DIARIO(REGULAR),JUTIAPA
22-05-2078-46,22-017,JUTIAPA,ASUNCION MITA,INSTITUTO TECNICO INDUSTRIAL HENRY FORD,BARRIO CENTRAL,78460721,SANDRA PATRICIA LOPEZ DE CAMBARA,SILVIA EUNICE PÉREZ GONZÁLEZ,DIVERSIFICADO,PRIVADO,URBANA,ABIERTA,MONOLINGUE,DOBLE,DIARIO(REGULAR),JUTIAPA
22-05-2212-46,22-009,JUTIAPA,ASUNCION MITA,CENTRO EDUCATIVO DE INFORMATICA,BARRIO LA DEMOCRACIA,58538798,GAUDY YADIRA ISABEL IXCHOP AMBROCIO,ASTRID ROCÍO SALAZAR GARCÍA,DIVERSIFICADO,PRIVADO,URBANA,ABIERTA,MONOLINGUE,DOBLE,FIN DE SEMANA,JUTIAPA
22-05-2214-46,22-009,JUTIAPA,ASUNCION MITA,CENTRO EDUCATIVO DE INFORMATICA (POR MADUREZ),BARRIO LA DEMOCRACIA,58538798,GAUDY YADIRA ISABEL IXCHOP AMBROCIO,ASTRID ROCÍO SALAZAR GARCÍA,DIVERSIFICADO,PRIVADO,URBANA,ABIERTA,MONOLINGUE,DOBLE,FIN DE SEMANA,JUTIAPA
22-05-2262-46,22-009,JUTIAPA,ASUNCION MITA,INSTITUTO PARTICULAR MIXTO NUESTRA SEÑORA DE LA ASUNCION,BARRIO LA PAZ,78459147,GAUDY YADIRA ISABEL IXCHOP AMBROCIO,JULIA ALICIA GARCÍA RAMÍREZ,DIVERSIFICADO,PRIVADO,URBANA,ABIERTA,MONOLINGUE,VESPERTINA,DIARIO(REGULAR),JUTIAPA
22-05-2265-46,22-014,JUTIAPA,ASUNCION MITA,LICEO MITECO,BARRIO LA LIBERTAD,,MARCO TULIO CASTILLO MELGAR,,DIVERSIFICADO,PRIVADO,URBANA,ABIERTA,MONOLINGUE,VESPERTINA,DIARIO(REGULAR),JUTIAPA
22-05-2287-46,22-009,JUTIAPA,ASUNCION MITA,INSTITUTO PARTICULAR MIXTO NUESTRA SEÑORA DE LA ASUNCION,BARRIO LA PAZ,78459147,GAUDY YADIRA ISABEL IXCHOP AMBROCIO,,DIVERSIFICADO,PRIVADO,URBANA,ABIERTA,MONOLINGUE,DOBLE,DIARIO(REGULAR),JUTIAPA
22-05-2461-46,22-017,JUTIAPA,ASUNCION MITA,INSTITUTO TECNICO INDUSTRIAL HENRY FORD,BARRIO CENTRAL,78460721,SANDRA PATRICIA LOPEZ DE CAMBARA,NESTOR GONZALO RODRÍGUEZ COLINDRES,DIVERSIFICADO,PRIVADO,URBANA,ABIERTA,MONOLINGUE,DOBLE,FIN DE SEMANA,JUTIAPA
22-06-0005-46,22-034,JUTIAPA,YUPILTEPEQUE,INSTITUTO NACIONAL DE EDUCACION DIVERSIFICADA,CABECERA MUNICIPAL,42295928,INMER WILFREDO VELASQUEZ DOMINGUEZ,LINSIN EVELIN BERNAL Y BERNAL,DIVERSIFICADO,OFICIAL,URBANA,ABIERTA,MONOLINGUE,MATUTINA,DIARIO(REGULAR),JUTIAPA
22-06-0011-46,22-034,JUTIAPA,YUPILTEPEQUE,"COLEGIO PARTICULAR MIXTO ""BRISAS DEL CHINGO""",ALDEA ESTANZUELA,30602683,INMER WILFREDO VELASQUEZ DOMINGUEZ,ESTRELLA SOLEDAD CORADO GARCIA,DIVERSIFICADO,PRIVADO,URBANA,ABIERTA,MONOLINGUE,DOBLE,FIN DE SEMANA,JUTIAPA
22-06-0016-46,22-034,JUTIAPA,YUPILTEPEQUE,INSTITUTO PARTICULAR MIXTO EL JÍCARO,ALDEA EL JÍCARO,57407418,INMER WILFREDO VELASQUEZ DOMINGUEZ,YOSELINNE ESKARLETT MUÑOZ ZUÑIGA,DIVERSIFICADO,PRIVADO,RURAL,ABIERTA,MONOLINGUE,DOBLE,FIN DE SEMANA,JUTIAPA
22-06-0018-46,22-034,JUTIAPA,YUPILTEPEQUE,LICEO YUPANO,BARRIO EL INSTITUTO,78820861,INMER WILFREDO VELASQUEZ DOMINGUEZ,INMER WILFREDO VELÁSQUEZ DOMÍNGUEZ,DIVERSIFICADO,PRIVADO,URBANA,ABIERTA,MONOLINGUE,VESPERTINA,DIARIO(REGULAR),JUTIAPA
22-06-0020-46,22-034,JUTIAPA,YUPILTEPEQUE,LICEO YUPANO,BARRIO EL CENTRO,78820861,INMER WILFREDO VELASQUEZ DOMINGUEZ,INMER WILFREDO VELÁSQUEZ DOMÍNGUEZ,DIVERSIFICADO,PRIVADO,URBANA,ABIERTA,MONOLINGUE,DOBLE,FIN DE SEMANA,JUTIAPA
22-06-0021-46,22-034,JUTIAPA,YUPILTEPEQUE,"COLEGIO PARTICULAR MIXTO ""BRISAS DEL CHINGO""",ALDEA ESTANZUELA,30602683,INMER WILFREDO VELASQUEZ DOMINGUEZ,ESTRELLA SOLEDAD CORADO GARCIA,DIVERSIFICADO,PRIVADO,RURAL,ABIERTA,MONOLINGUE,DOBLE,FIN DE SEMANA,JUTIAPA
22-06-0027-46,22-034,JUTIAPA,YUPILTEPEQUE,"COLEGIO PARTICULAR MIXTO ""SAN FRANCISCO""",ALDEA EL AMATILLO,57476248,INMER WILFREDO VELASQUEZ DOMINGUEZ,HECTOR AMADO ASENCIO,DIVERSIFICADO,PRIVADO,RURAL,ABIERTA,MONOLINGUE,DOBLE,FIN DE SEMANA,JUTIAPA
22-06-0029-46,22-034,JUTIAPA,YUPILTEPEQUE,LICEO YUPANO,BARRIO EL INSTITUTO,42321871,INMER WILFREDO VELASQUEZ DOMINGUEZ,INMER WILFREDO VELÁSQUEZ DOMÍNGUEZ,DIVERSIFICADO,PRIVADO,URBANA,ABIERTA,MONOLINGUE,SIN JORNADA,SEMIPRESENCIAL (UN DÍA A LA SEMANA),JUTIAPA
22-06-0030-46,22-034,JUTIAPA,YUPILTEPEQUE,INSTITUTO PARTICULAR MIXTO EL JÍCARO,ALDEA EL JICARO,57407418,INMER WILFREDO VELASQUEZ DOMINGUEZ,YOSELINNE ESKARLETT MUÑOZ ZUÑIGA,DIVERSIFICADO,PRIVADO,RURAL,ABIERTA,MONOLINGUE,SIN JORNADA,SEMIPRESENCIAL (UN DÍA A LA SEMANA),JUTIAPA
22-06-0031-46,22-034,JUTIAPA,YUPILTEPEQUE,"COLEGIO PARTICULAR MIXTO ""SAN FRANCISCO""",ALDEA EL AMATILLO,57476248,INMER WILFREDO VELASQUEZ DOMINGUEZ,HECTOR AMADO ASENCIO,DIVERSIFICADO,PRIVADO,RURAL,ABIERTA,MONOLINGUE,SIN JORNADA,SEMIPRESENCIAL (UN DÍA A LA SEMANA),JUTIAPA
22-06-0033-46,22-034,JUTIAPA,YUPILTEPEQUE,"COLEGIO PARTICULAR MIXTO ""BRISAS DEL CHINGO""",ALDEA ESTANZUELA,30602683,INMER WILFREDO VELASQUEZ DOMINGUEZ,ESTRELLA SOLEDAD CORADO GARCIA,DIVERSIFICADO,PRIVADO,RURAL,ABIERTA,MONOLINGUE,SIN JORNADA,SEMIPRESENCIAL (UN DÍA A LA SEMANA),JUTIAPA
22-06-0037-46,22-034,JUTIAPA,YUPILTEPEQUE,LICEO YUPANO,BARRIO EL CENTRO,42321871,INMER WILFREDO VELASQUEZ DOMINGUEZ,INMER WILFREDO VELÁSQUEZ DOMÍNGUEZ,DIVERSIFICADO,PRIVADO,URBANA,ABIERTA,MONOLINGUE,DOBLE,FIN DE SEMANA,JUTIAPA
22-06-2267-46,22-034,JUTIAPA,YUPILTEPEQUE,INSTITUTO PARTICULAR MIXTO EL JICARO,ALDEA EL JICARO,57407418,INMER WILFREDO VELASQUEZ DOMINGUEZ,YOSELINNE ESKARLETT MUÑOZ ZUÑIGA,DIVERSIFICADO,PRIVADO,RURAL,ABIERTA,MONOLINGUE,VESPERTINA,DIARIO(REGULAR),JUTIAPA
22-06-2333-46,22-034,JUTIAPA,YUPILTEPEQUE,COLEGIO PARTICULAR MIXTO DE DIVERSIFICADO EL PORVENIR,CABECERA MUNICIPAL,40926406,INMER WILFREDO VELASQUEZ DOMINGUEZ,OSWALDO ZÚÑIGA PAREDEZ,DIVERSIFICADO,PRIVADO,URBANA,ABIERTA,MONOLINGUE,VESPERTINA,DIARIO(REGULAR),JUTIAPA
22-07-0002-46,22-020,JUTIAPA,ATESCATEMPA,"COLEGIO PARTICULAR MIXTO DE DIVERSIFICADO ""LICEO SAN CRISTOBAL""",SAN CRISTOBAL FRONTERA,78845586,MARCELINA MARTINEZ GUEVARA DE HERNANDEZ,ELMER ROMEO RAMÍREZ VALLADARES,DIVERSIFICADO,PRIVADO,RURAL,ABIERTA,MONOLINGUE,VESPERTINA,DIARIO(REGULAR),JUTIAPA
22-07-0008-46,22-020,JUTIAPA,ATESCATEMPA,INSTITUTO NACIONAL DE EDUCACION DIVERSIFICADA,BARRIO LA FEDERAL,55731706,MARCELINA MARTINEZ GUEVARA DE HERNANDEZ,EMNER OVED QUIÑONEZ BERNAL,DIVERSIFICADO,OFICIAL,URBANA,ABIERTA,MONOLINGUE,VESPERTINA,DIARIO(REGULAR),JUTIAPA
22-07-0021-46,22-020,JUTIAPA,ATESCATEMPA,ESCUELA DE CIENCIAS EMPRESARIALES ECCE,BARRIO EL CENTRO,53592568,MARCELINA MARTINEZ GUEVARA DE HERNANDEZ,MARCOS VINICIO GARCÍA HERRERA,DIVERSIFICADO,PRIVADO,URBANA,ABIERTA,MONOLINGUE,VESPERTINA,DIARIO(REGULAR),JUTIAPA
22-07-0023-46,22-020,JUTIAPA,ATESCATEMPA,"COLEGIO PRIVADO ""SAN FRANCISCO DE ASÍS""",ZONA 0 BARRIO CENTRO,30394472,MARCELINA MARTINEZ GUEVARA DE HERNANDEZ,ANA RUTH VALLE SALAZAR,DIVERSIFICADO,PRIVADO,URBANA,ABIERTA,MONOLINGUE,DOBLE,FIN DE SEMANA,JUTIAPA
22-07-0026-46,22-020,JUTIAPA,ATESCATEMPA,"COLEGIO PRIVADO ""SAN FRANCISCO DE ASIS""","ZONA 0, BARRIO EL CENTRO",30394472,MARCELINA MARTINEZ GUEVARA DE HERNANDEZ,ANA RUTH VALLE SALAZAR,DIVERSIFICADO,PRIVADO,URBANA,ABIERTA,MONOLINGUE,DOBLE,FIN DE SEMANA,JUTIAPA
22-07-0028-46,22-020,JUTIAPA,ATESCATEMPA,INSTITUTO MUNICIPAL DE EDUCACION DIVERSIFICADA,BARRIO LINDO,41515156,MARCELINA MARTINEZ GUEVARA DE HERNANDEZ,ILIANA JUDIT PADILLA PEREZ,DIVERSIFICADO,MUNICIPAL,URBANA,ABIERTA,MONOLINGUE,VESPERTINA,DIARIO(REGULAR),JUTIAPA
22-07-0029-46,22-020,JUTIAPA,ATESCATEMPA,"COLEGIO PRIVADO ""SAN FRANCISCO DE ASIS""","ZONA 0, BARRIO EL CENTRO",30394472,MARCELINA MARTINEZ GUEVARA DE HERNANDEZ,ANA RUTH VALLE SALAZAR,DIVERSIFICADO,PRIVADO,URBANA,ABIERTA,MONOLINGUE,VESPERTINA,DIARIO(REGULAR),JUTIAPA
22-07-0031-46,22-020,JUTIAPA,ATESCATEMPA,"COLEGIO PRIVADO ""SAN FRANCISCO DE ASIS""","ZONA 0, BARRIO LAS ROSAS",30394472,MARCELINA MARTINEZ GUEVARA DE HERNANDEZ,ANA RUTH VALLE SALAZAR,DIVERSIFICADO,PRIVADO,URBANA,ABIERTA,MONOLINGUE,SIN JORNADA,SEMIPRESENCIAL (UN DÍA A LA SEMANA),JUTIAPA
22-07-0033-46,22-020,JUTIAPA,ATESCATEMPA,COLEGIO PRIVADO INNOVADOR TECNOLÓGICO GUATEMALTECO,"ZONA 0, BARRIO EL CENTRO",30394472,MARCELINA MARTINEZ GUEVARA DE HERNANDEZ,ANA RUTH VALLE SALAZAR,DIVERSIFICADO,PRIVADO,URBANA,ABIERTA,MONOLINGUE,VESPERTINA,VIRTUAL A DISTANCIA,JUTIAPA
22-07-0035-46,22-020,JUTIAPA,ATESCATEMPA,"COLEGIO PARTICULAR MIXTO ""SAN CRISTÓBAL""","ALDEA SAN CRISTÓBAL, FRONTERA",45736655,MARCELINA MARTINEZ GUEVARA DE HERNANDEZ,HAIVIN ESTRADA DE ELVIRA,DIVERSIFICADO,PRIVADO,RURAL,ABIERTA,MONOLINGUE,SIN JORNADA,SEMIPRESENCIAL (UN DÍA A LA SEMANA),JUTIAPA
22-07-0330-46,22-017,JUTIAPA,ATESCATEMPA,INSTITUTO PARTICULAR MIXTO DE CIENCIAS COMERCIALES,,,SANDRA PATRICIA LOPEZ DE CAMBARA,,DIVERSIFICADO,PRIVADO,URBANA,ABIERTA,MONOLINGUE,VESPERTINA,DIARIO(REGULAR),JUTIAPA
22-07-1838-46,22-020,JUTIAPA,ATESCATEMPA,ESCUELA DE CIENCIAS EMPRESARIALES ECCE,BARRIO EL CENTRO,50421492,MARCELINA MARTINEZ GUEVARA DE HERNANDEZ,MARCOS VINICIO GARCÍA HERRERA,DIVERSIFICADO,PRIVADO,URBANA,ABIERTA,MONOLINGUE,DOBLE,FIN DE SEMANA,JUTIAPA
22-07-2070-46,22-020,JUTIAPA,ATESCATEMPA,COLEGIO PARTICULAR MIXTO DE DIVERSIFICADO LICEO SAN CRISTOBAL,ALDEA SAN CRISTOBAL FRONTERA,78845586,MARCELINA MARTINEZ GUEVARA DE HERNANDEZ,MARLON ESTUARDO PINTO PIMENTEL,DIVERSIFICADO,PRIVADO,RURAL,ABIERTA,MONOLINGUE,VESPERTINA,DIARIO(REGULAR),JUTIAPA
22-07-2198-46,22-020,JUTIAPA,ATESCATEMPA,LICEO ATESCATEMPA,"2A. AVENIDA 3-19, ZONA 1",,MARCELINA MARTINEZ GUEVARA DE HERNANDEZ,,DIVERSIFICADO,PRIVADO,URBANA,ABIERTA,MONOLINGUE,MATUTINA,DIARIO(REGULAR),JUTIAPA
22-07-2324-46,22-020,JUTIAPA,ATESCATEMPA,COLEGIO PARTICULAR MIXTO SAN CRISTOBAL,ALDEA SAN CRISTOBAL FRONTERA,78845584,MARCELINA MARTINEZ GUEVARA DE HERNANDEZ,HAIVIN ESTRADA DE ELVIRA,DIVERSIFICADO,PRIVADO,RURAL,ABIERTA,MONOLINGUE,DOBLE,FIN DE SEMANA,JUTIAPA
22-07-2440-46,22-020,JUTIAPA,ATESCATEMPA,COLEGIO PARTICULAR MIXTO SAN CRISTOBAL,ALDEA SAN CRISTOBAL FRONTERA,78845584,MARCELINA MARTINEZ GUEVARA DE HERNANDEZ,HAIVIN ESTRADA DE ELVIRA,DIVERSIFICADO,PRIVADO,RURAL,ABIERTA,MONOLINGUE,MATUTINA,DIARIO(REGULAR),JUTIAPA
22-07-2442-46,22-020,JUTIAPA,ATESCATEMPA,INSTITUTO MUNICIPAL DE DIVERSIFICADO,ALDEA CONTEPEQUE,58850849,MARCELINA MARTINEZ GUEVARA DE HERNANDEZ,ERNESTO GÓMEZ BARRERA,DIVERSIFICADO,MUNICIPAL,RURAL,ABIERTA,MONOLINGUE,MATUTINA,DIARIO(REGULAR),JUTIAPA
22-08-0005-46,22-021,JUTIAPA,JEREZ,INSTITUTO NACIONAL DE EDUCACION DIVERSIFICADA,CABECERA MUNICIPAL,51358754,INMER WILFREDO VELASQUEZ DOMINGUEZ,GLENDA DANIELA GUERRERO TORRES,DIVERSIFICADO,OFICIAL,URBANA,ABIERTA,MONOLINGUE,VESPERTINA,DIARIO(REGULAR),JUTIAPA
22-08-2114-46,22-021,JUTIAPA,JEREZ,INSTITUTO MUNICIPAL DE EDUCACION MEDIA,CABECERA MUNICIPAL,59711367,INMER WILFREDO VELASQUEZ DOMINGUEZ,ERIK YOVANY TORRES CAMPOS,DIVERSIFICADO,MUNICIPAL,URBANA,ABIERTA,MONOLINGUE,VESPERTINA,DIARIO(REGULAR),JUTIAPA
22-09-0008-46,22-019,JUTIAPA,EL ADELANTO,"COLEGIO INTEGRAL ""CIENCIA Y DESARROLLO""",BARRIO ARRIBA,47238580,ARTURO CARDONA CHINCHILLA,CARLOS ARTURO SABÁ NAJARRO,DIVERSIFICADO,PRIVADO,URBANA,ABIERTA,MONOLINGUE,VESPERTINA,DIARIO(REGULAR),JUTIAPA
22-09-0011-46,22-019,JUTIAPA,EL ADELANTO,"COLEGIO INTEGRAL ""CIENCIA Y DESARROLLO""",BARRIO ARRIBA,47238580,ARTURO CARDONA CHINCHILLA,CARLOS ARTURO SABÁ NAJARRO,DIVERSIFICADO,PRIVADO,URBANA,ABIERTA,MONOLINGUE,DOBLE,FIN DE SEMANA,JUTIAPA
22-09-0014-46,22-019,JUTIAPA,EL ADELANTO,"INED ""PROFESOR WILLIAM FRANCISCO CORADO QUIÑONEZ""",BARRIO SITIO ARRIBA,47446964,ARTURO CARDONA CHINCHILLA,JILMA JUDITH BARRERA CORADO,DIVERSIFICADO,OFICIAL,URBANA,ABIERTA,MONOLINGUE,VESPERTINA,DIARIO(REGULAR),JUTIAPA
22-09-0017-46,22-019,JUTIAPA,EL ADELANTO,COLEGIO INTEGRAL CIENCIA Y DESARROLLO,BARRIO SITIO ARRIBA,47238580,ARTURO CARDONA CHINCHILLA,CARLOS ARTURO SABÁ NAJARRO,DIVERSIFICADO,PRIVADO,URBANA,ABIERTA,MONOLINGUE,SIN JORNADA,SEMIPRESENCIAL (UN DÍA A LA SEMANA),JUTIAPA
22-10-0011-46,22-004,JUTIAPA,ZAPOTITLAN,INSTITUTO NACIONAL DE EDUCACION DIVERSIFICADA,CABECERA MUNICIPAL,41116401,MARA ALEIDA QUIÑONEZ Y QUIÑONEZ,JOSEPH MIGDALEL ZUÑIGA ORTEGA,DIVERSIFICADO,OFICIAL,URBANA,ABIERTA,MONOLINGUE,MATUTINA,DIARIO(REGULAR),JUTIAPA
22-10-0018-46,22-004,JUTIAPA,ZAPOTITLAN,INSTITUTO DE DIVERSIFICADO POR COOPERATIVA -INDICOPA-,ALDEA SAN ANTONIO EL PAPATURRO,31624788,MARA ALEIDA QUIÑONEZ Y QUIÑONEZ,ROQUEL CORADO MAZARIEGOS,DIVERSIFICADO,COOPERATIVA,RURAL,ABIERTA,MONOLINGUE,VESPERTINA,DIARIO(REGULAR),JUTIAPA
22-10-0024-46,22-004,JUTIAPA,ZAPOTITLAN,COLEGIO MIXTO BILINGÜE SANTA FE,BARRIO LA JOYA,57002673,MARA ALEIDA QUIÑONEZ Y QUIÑONEZ,WILSON QUIÑONEZ GARCÍA,DIVERSIFICADO,PRIVADO,URBANA,ABIERTA,MONOLINGUE,VESPERTINA,DIARIO(REGULAR),JUTIAPA
22-10-2159-46,22-004,JUTIAPA,ZAPOTITLAN,INSTITUTO DIVERSIFICADO POR COOPERATIVA,CABECERA MUNICIPAL,41963518,MARA ALEIDA QUIÑONEZ Y QUIÑONEZ,JULIETA ILUCIÓN QUIÑONEZ Y QUIÑONEZ,DIVERSIFICADO,COOPERATIVA,URBANA,ABIERTA,MONOLINGUE,DOBLE,DIARIO(REGULAR),JUTIAPA
22-11-0042-46,22-022,JUTIAPA,COMAPA,INSTITUTO NACIONAL DE EDUCACION DIVERSIFICADA,CABECERA MUNICIPAL,45828064,JULIO RENE HERNANDEZ GONZALEZ,LUIS SALOMON CARRILLO ARANA,DIVERSIFICADO,OFICIAL,URBANA,ABIERTA,MONOLINGUE,VESPERTINA,DIARIO(REGULAR),JUTIAPA
22-11-0060-46,22-022,JUTIAPA,COMAPA,INSTITUTO TECNICO DE EDUCACION Y DESARROLLO PROFESIONAL,ALDEA CAPARROZA,45361887,JULIO RENE HERNANDEZ GONZALEZ,CHRISTIAN AFGANY CHAVARRIA GONZÁLEZ,DIVERSIFICADO,PRIVADO,RURAL,ABIERTA,MONOLINGUE,VESPERTINA,DIARIO(REGULAR),JUTIAPA
22-11-0063-46,22-028,JUTIAPA,COMAPA,"COLEGIO PARTICULAR MIXTO ""LICEO ESTANZUELA""",ALDEA ESTANZUELA,53421606,EMERSON RAUL ORTIZ LOPEZ,SULVIA ALEJANDRA CORADO ASENCIO,DIVERSIFICADO,PRIVADO,RURAL,ABIERTA,MONOLINGUE,VESPERTINA,DIARIO(REGULAR),JUTIAPA
22-11-0067-46,22-022,JUTIAPA,COMAPA,COLEGIO PARTICULAR MIXTO NUESTRA SEÑORA DE CONCEPCION,BARRIO CATOLICO,33764307,JULIO RENE HERNANDEZ GONZALEZ,ELIZANDRO BATÉN MARTÍNEZ,DIVERSIFICADO,PRIVADO,URBANA,ABIERTA,MONOLINGUE,DOBLE,FIN DE SEMANA,JUTIAPA
22-11-0068-46,22-022,JUTIAPA,COMAPA,COLEGIO PARTICULAR MIXTO NUESTRA SEÑORA DE CONCEPCION,BARRIO CATOLICO,33764307,JULIO RENE HERNANDEZ GONZALEZ,ELIZANDRO BATÉN MARTÍNEZ,DIVERSIFICADO,PRIVADO,URBANA,ABIERTA,MONOLINGUE,VESPERTINA,DIARIO(REGULAR),JUTIAPA
22-11-0075-46,22-028,JUTIAPA,COMAPA,COLEGIO PARTICULAR MIXTO LICEO ESTANZUELA,ALDEA ESTANZUELA,53421606,EMERSON RAUL ORTIZ LOPEZ,SULVIA ALEJANDRA CORADO ASENCIO,DIVERSIFICADO,PRIVADO,RURAL,ABIERTA,MONOLINGUE,DOBLE,FIN DE SEMANA,JUTIAPA
22-11-0078-46,22-022,JUTIAPA,COMAPA,INSTITUTO PARTICULAR MIXTO DE FORMACIÓN Y DESARROLLO PROFESIONAL INDEFORP,ENTRADA AL MUNICIPIO DE COMAPA,53486062,JULIO RENE HERNANDEZ GONZALEZ,RAFAEL GONZÁLEZ ANDRINO,DIVERSIFICADO,PRIVADO,URBANA,ABIERTA,MONOLINGUE,DOBLE,FIN DE SEMANA,JUTIAPA
22-11-0079-46,22-022,JUTIAPA,COMAPA,INSTITUTO PARTICULAR MIXTO DE FORMACION Y DESARROLLO PROFESIONAL INDEFORP,ENTRADA AL MUNICIPIO DE COMAPA,53486062,JULIO RENE HERNANDEZ GONZALEZ,RAFAEL GONZÁLEZ ANDRINO,DIVERSIFICADO,PRIVADO,URBANA,ABIERTA,MONOLINGUE,DOBLE,FIN DE SEMANA,JUTIAPA
22-11-0083-46,22-028,JUTIAPA,COMAPA,"COLEGIO PARTICULAR MIXTO ""LICEO ESTANZUELA""",ALDEA ESTANZUELA,53421606,EMERSON RAUL ORTIZ LOPEZ,SULVIA ALEJANDRA CORADO ASENCIO,DIVERSIFICADO,PRIVADO,RURAL,ABIERTA,MONOLINGUE,DOBLE,FIN DE SEMANA,JUTIAPA
22-11-0086-46,22-028,JUTIAPA,COMAPA,"INSTITUTO PARTICULAR FORMACION Y DESARROLLO PROFESIONAL ""INDEFORP II""","CASERIO SAN MIGUEL, ALDEA ESCUINAPA.",53486062,EMERSON RAUL ORTIZ LOPEZ,EDWIN MARCIANO VALDÉZ ARANA,DIVERSIFICADO,PRIVADO,RURAL,ABIERTA,MONOLINGUE,DOBLE,FIN DE SEMANA,JUTIAPA
22-11-0089-46,22-022,JUTIAPA,COMAPA,"INSTITUTO PARTICULAR MIXTO DE FORMACIÓN Y DESARROLLO PROFESIONAL ""INDEFORP""",CALLE PRINCIPAL,53486062,JULIO RENE HERNANDEZ GONZALEZ,RAFAEL GONZÁLEZ ANDRINO,DIVERSIFICADO,PRIVADO,URBANA,ABIERTA,MONOLINGUE,DOBLE,FIN DE SEMANA,JUTIAPA
22-11-0091-46,22-022,JUTIAPA,COMAPA,"COLEGIO PARTICULAR MIXTO ""NUESTRA SEÑORA DE CONCEPCIÓN""",BARRIO CATÓLICO,33764307,JULIO RENE HERNANDEZ GONZALEZ,ELIZANDRO BATÉN MARTÍNEZ,DIVERSIFICADO,PRIVADO,URBANA,ABIERTA,MONOLINGUE,SIN JORNADA,SEMIPRESENCIAL (UN DÍA A LA SEMANA),JUTIAPA
22-11-0093-46,22-022,JUTIAPA,COMAPA,COLEGIO PARTICULAR MIXTO SAN FRANCISCO,"CASERO LAS PILAS, ALDEA ESCUINAPA",45039654,JULIO RENE HERNANDEZ GONZALEZ,KAREN ELIZABETH ORTÍZ LÓPEZ,DIVERSIFICADO,PRIVADO,RURAL,ABIERTA,MONOLINGUE,SIN JORNADA,SEMIPRESENCIAL (UN DÍA A LA SEMANA),JUTIAPA
22-11-0094-46,22-028,JUTIAPA,COMAPA,COLEGIO PARTICULAR MIXTO LICEO ESTANZUELA,ALDEA ESTANZUELA,53898556,EMERSON RAUL ORTIZ LOPEZ,SULVIA ALEJANDRA CORADO ASENCIO,DIVERSIFICADO,PRIVADO,RURAL,ABIERTA,MONOLINGUE,SIN JORNADA,SEMIPRESENCIAL (UN DÍA A LA SEMANA),JUTIAPA
22-11-0095-46,22-022,JUTIAPA,COMAPA,"INSTITUTO PARTICULAR DE FORMACIÓN Y DESARROLLO PROFESIONAL ""INDEFORP""",CALLE PRINCIPAL,53486062,JULIO RENE HERNANDEZ GONZALEZ,RAFAEL GONZÁLEZ ANDRINO,DIVERSIFICADO,PRIVADO,URBANA,ABIERTA,MONOLINGUE,SIN JORNADA,SEMIPRESENCIAL (UN DÍA A LA SEMANA),JUTIAPA
22-11-0096-46,22-028,JUTIAPA,COMAPA,"INSTITUTO PARTICULAR FORMACIÓN Y DESARROLLO PROFESIONAL ""INDEFORP II""","CASERÍO SAN MIGUEL, ALDEA ESCUINAPA",53486062,EMERSON RAUL ORTIZ LOPEZ,EDWIN MARCIANO VALDÉZ ARANA,DIVERSIFICADO,PRIVADO,RURAL,ABIERTA,MONOLINGUE,SIN JORNADA,SEMIPRESENCIAL (UN DÍA A LA SEMANA),JUTIAPA
22-11-2127-46,22-022,JUTIAPA,COMAPA,INSTITUTO DE MAGISTERIO POR COOPERATIVA,COMAPA,44815761,JULIO RENE HERNANDEZ GONZALEZ,OSBELI LÓPEZ LINARES,DIVERSIFICADO,COOPERATIVA,URBANA,ABIERTA,MONOLINGUE,VESPERTINA,DIARIO(REGULAR),JUTIAPA
22-11-2308-46,22-022,JUTIAPA,COMAPA,INSTITUTO PARTICULAR MIXTO DE FORMACION Y DESARROLLO PROFESIONAL INDEFORP,CALLE PRINCIPAL,53486062,JULIO RENE HERNANDEZ GONZALEZ,RAFAEL GONZÁLEZ ANDRINO,DIVERSIFICADO,PRIVADO,URBANA,ABIERTA,MONOLINGUE,VESPERTINA,DIARIO(REGULAR),JUTIAPA
22-12-0022-46,22-029,JUTIAPA,JALPATAGUA,INSTITUTO NACIONAL DE EDUCACION DIVERSIFICADA,5A. CALLE 6-22 ZONA 1,56250177,CARLOS ALBERTO LOPEZ ARCHILA,SIDIA JUDITH ALONZO SOSA,DIVERSIFICADO,OFICIAL,URBANA,ABIERTA,MONOLINGUE,VESPERTINA,DIARIO(REGULAR),JUTIAPA
22-12-0024-46,22-033,JUTIAPA,JALPATAGUA,"COLEGIO TECNOLOGICO BILINGUE ""EDISON""",7A AVENIDA 4-37 ZONA 1,77564614,CESAR AUGUSTO CUMES CERMEÑO,CLAUDIA CAROLINA LÓPEZ CABRERA,DIVERSIFICADO,PRIVADO,URBANA,ABIERTA,MONOLINGUE,DOBLE,FIN DE SEMANA,JUTIAPA
22-12-0025-46,22-033,JUTIAPA,JALPATAGUA,"COLEGIO TECNOLOGICO BILINGUE ""EDISON""",7A AVENIDA 4-37 ZONA 1,77564614,CESAR AUGUSTO CUMES CERMEÑO,CLAUDIA CAROLINA LÓPEZ CABRERA,DIVERSIFICADO,PRIVADO,URBANA,ABIERTA,MONOLINGUE,DOBLE,DIARIO(REGULAR),JUTIAPA
22-12-0026-46,22-033,JUTIAPA,JALPATAGUA,"COLEGIO TECNOLOGICO BILINGUE ""EDISON""",7A AVENIDA 4-37 ZONA 1,77564614,CESAR AUGUSTO CUMES CERMEÑO,CLAUDIA CAROLINA LÓPEZ CABRERA,DIVERSIFICADO,PRIVADO,URBANA,ABIERTA,MONOLINGUE,VESPERTINA,DIARIO(REGULAR),JUTIAPA
22-12-0034-46,22-023,JUTIAPA,JALPATAGUA,COLEGIO CRISTIANO RIOS DE AGUA VIVA,ALDEA EL COCO,50242731,NERI ROLANDO CORADO CORTEZ,YULISA ESTHER RAMIREZ CALDERON,DIVERSIFICADO,PRIVADO,RURAL,ABIERTA,MONOLINGUE,DOBLE,FIN DE SEMANA,JUTIAPA
22-12-0039-46,22-033,JUTIAPA,JALPATAGUA,COLEGIO BILINGÜE NUEVA ERA,"2A. AVE. Y 4TA. CALLE, ZONA 2",34594852,CESAR AUGUSTO CUMES CERMEÑO,SUSELI YOMARA RUANO BARAHONA,DIVERSIFICADO,PRIVADO,URBANA,ABIERTA,MONOLINGUE,VESPERTINA,DIARIO(REGULAR),JUTIAPA
22-12-0040-46,22-029,JUTIAPA,JALPATAGUA,"COLEGIO PARTICULAR MIXTO EVANGÉLICO ""SAMARIA""","5TA. CALLE, 1-93 ZONA 2",47090364,CARLOS ALBERTO LOPEZ ARCHILA,RUTH NOEMY ARÉVALO,DIVERSIFICADO,PRIVADO,URBANA,ABIERTA,MONOLINGUE,VESPERTINA,DIARIO(REGULAR),JUTIAPA
22-12-0041-46,22-033,JUTIAPA,JALPATAGUA,"COLEGIO PARTICULAR MIXTO ""SAN JOSÉ OBRERO II""","CASERIO EL CIPRES, SAN IXTAN",52933301,CESAR AUGUSTO CUMES CERMEÑO,SANTOS ARELY MÁRQUEZ LÓPEZ,DIVERSIFICADO,PRIVADO,RURAL,ABIERTA,MONOLINGUE,DOBLE,DIARIO(REGULAR),JUTIAPA
22-12-0044-46,22-029,JUTIAPA,JALPATAGUA,"COLEGIO PARTICULAR MIXTO EVANGELICO ""SAMARIA""","5TA. CALLE, 1-93 ZONA 2",47090364,CARLOS ALBERTO LOPEZ ARCHILA,RUTH NOEMY ARÉVALO,DIVERSIFICADO,PRIVADO,URBANA,ABIERTA,MONOLINGUE,DOBLE,FIN DE SEMANA,JUTIAPA
22-12-0046-46,22-033,JUTIAPA,JALPATAGUA,"COLEGIO PARTICULAR MIXTO ""SAN JOSE OBRERO II""",ALDEA SAN IXTAN,52933301,CESAR AUGUSTO CUMES CERMEÑO,ELIAS BENJAMIN MENENDEZ HERNANDEZ,DIVERSIFICADO,PRIVADO,RURAL,ABIERTA,MONOLINGUE,DOBLE,FIN DE SEMANA,JUTIAPA
22-12-0050-46,22-033,JUTIAPA,JALPATAGUA,COLEGIO BILINGUE NUEVA ERA,2A. AVENIDA Y 4TA. CALLE ZONA 2,77926857,CESAR AUGUSTO CUMES CERMEÑO,SUSELI YOMARA RUANO BARAHONA,DIVERSIFICADO,PRIVADO,URBANA,ABIERTA,MONOLINGUE,DOBLE,DIARIO(REGULAR),JUTIAPA
22-12-0051-46,22-033,JUTIAPA,JALPATAGUA,COLEGIO BILINGUE NUEVA ERA,2A. AVENIDA Y 4TA. CALLE ZONA 2,77926857,CESAR AUGUSTO CUMES CERMEÑO,ASTRID MISHELL BARRENO SARCEÑO,DIVERSIFICADO,PRIVADO,URBANA,ABIERTA,MONOLINGUE,DOBLE,FIN DE SEMANA,JUTIAPA
22-12-0052-46,22-033,JUTIAPA,JALPATAGUA,COLEGIO BILINGUE NUEVA ERA,2A. AVENIDA Y 4A. CALLE ZONA 2,77926857,CESAR AUGUSTO CUMES CERMEÑO,ASTRID MISHELL BARRENO SARCEÑO,DIVERSIFICADO,PRIVADO,URBANA,ABIERTA,MONOLINGUE,DOBLE,FIN DE SEMANA,JUTIAPA
22-12-0053-46,22-033,JUTIAPA,JALPATAGUA,"COLEGIO BILINGUE ""NUEVA ERA II""",2A. AVENIDA 3-35 ZONA 2,77926857,CESAR AUGUSTO CUMES CERMEÑO,SUSELI YOMARA RUANO BARAHONA,DIVERSIFICADO,PRIVADO,URBANA,ABIERTA,MONOLINGUE,VESPERTINA,DIARIO(REGULAR),JUTIAPA
22-12-0054-46,22-033,JUTIAPA,JALPATAGUA,COLEGIO PARTICULAR MIXTO SAN JOSÉ OBRERO I,3A. AVENIDA 5-97 ZONA 1,77564442,CESAR AUGUSTO CUMES CERMEÑO,ELIAS BENJAMIN MENENDEZ HERNANDEZ,DIVERSIFICADO,PRIVADO,URBANA,ABIERTA,MONOLINGUE,MATUTINA,DIARIO(REGULAR),JUTIAPA
22-12-0056-46,22-029,JUTIAPA,JALPATAGUA,"COLEGIO PARTICULAR MIXTO EVANGELICO ""SAMARIA""",5TA. CALLE 1-93 ZONA 2,47090364,CARLOS ALBERTO LOPEZ ARCHILA,RUTH NOEMY ARÉVALO,DIVERSIFICADO,PRIVADO,URBANA,ABIERTA,MONOLINGUE,DOBLE,FIN DE SEMANA,JUTIAPA
22-12-0057-46,22-029,JUTIAPA,JALPATAGUA,COLEGIO PARTICULAR MIXTO SAN JOSÉ OBRERO I,3A- CALLE 5-97 ZONA 1,77564442,CARLOS ALBERTO LOPEZ ARCHILA,ELIAS BENJAMIN MENENDEZ HERNANDEZ,DIVERSIFICADO,PRIVADO,URBANA,ABIERTA,MONOLINGUE,MATUTINA,DIARIO(REGULAR),JUTIAPA
22-12-0059-46,22-029,JUTIAPA,JALPATAGUA,"COLEGIO PARTICULAR MIXTO ""NUEVO AMANECER""",3A. CALLE 1-36 ZONA 2,77564472,CARLOS ALBERTO LOPEZ ARCHILA,SANDRA ELIZABETH GRAMAJO BARRERA,DIVERSIFICADO,PRIVADO,URBANA,ABIERTA,MONOLINGUE,SIN JORNADA,SEMIPRESENCIAL (UN DÍA A LA SEMANA),JUTIAPA
22-12-0061-46,22-033,JUTIAPA,JALPATAGUA,COLEGIO SAN JOSÉ OBRERO II,ALDEA SAN IXTAN,52933301,CESAR AUGUSTO CUMES CERMEÑO,MAYRA YESENIA GALICIA VALLEJOS,DIVERSIFICADO,PRIVADO,RURAL,ABIERTA,MONOLINGUE,SIN JORNADA,SEMIPRESENCIAL (UN DÍA A LA SEMANA),JUTIAPA
22-12-0063-46,22-029,JUTIAPA,JALPATAGUA,"COLEGIO PARTICULAR MIXTO EVANGÉLICO ""SAMARIA""","5A. CALLE 1-93, ZONA 2",47090364,CARLOS ALBERTO LOPEZ ARCHILA,RUTH NOEMY ARÉVALO,DIVERSIFICADO,PRIVADO,URBANA,ABIERTA,MONOLINGUE,SIN JORNADA,SEMIPRESENCIAL (UN DÍA A LA SEMANA),JUTIAPA
22-12-0437-46,22-029,JUTIAPA,JALPATAGUA,INSTITUTO TECNICO DE CIENCIAS ADMINISTRATIVAS Y SECRETARIALES MODERNO JALPATAGUENSE,3A CALLE 1-36 ZONA 2,77564472,CARLOS ALBERTO LOPEZ ARCHILA,ELISABETH BARRERA ROSALES,DIVERSIFICADO,PRIVADO,URBANA,ABIERTA,MONOLINGUE,VESPERTINA,DIARIO(REGULAR),JUTIAPA
22-12-0438-46,22-033,JUTIAPA,JALPATAGUA,"ESCUELA NACIONAL DE CIENCIAS COMERCIALES ""PROFA. CARLOTA RODENAS SANCHEZ""",5A. AVENIDA 0-00 ZONA 1,77564350,CESAR AUGUSTO CUMES CERMEÑO,CRÍSTIAN LEONIL FIGUEROA SERRANO,DIVERSIFICADO,OFICIAL,URBANA,ABIERTA,MONOLINGUE,MATUTINA,DIARIO(REGULAR),JUTIAPA
22-12-1946-46,22-033,JUTIAPA,JALPATAGUA,COLEGIO PARTICULAR MIXTO SAN JOSE OBRERO I,3A. CALLE 5-97 ZONA 1,77564442,CESAR AUGUSTO CUMES CERMEÑO,ELIAS BENJAMIN MENENDEZ HERNANDEZ,DIVERSIFICADO,PRIVADO,URBANA,ABIERTA,MONOLINGUE,VESPERTINA,DIARIO(REGULAR),JUTIAPA
22-12-1947-46,22-033,JUTIAPA,JALPATAGUA,COLEGIO PARTICULAR MIXTO SAN JOSE OBRERO II,CASERIO EL CIPRES ALDEA SAN IXTAN,52933301,CESAR AUGUSTO CUMES CERMEÑO,SANTOS ARELY MÁRQUEZ LÓPEZ,DIVERSIFICADO,PRIVADO,URBANA,ABIERTA,MONOLINGUE,MATUTINA,DIARIO(REGULAR),JUTIAPA
22-12-2084-46,22-033,JUTIAPA,JALPATAGUA,COLEGIO PARTICULAR MIXTO SAN JOSE OBRERO II,CASERIO EL CIPRES ALDEA SAN IXTAN,52933301,CESAR AUGUSTO CUMES CERMEÑO,MAYRA YESENIA GALICIA VALLEJOS,DIVERSIFICADO,PRIVADO,RURAL,ABIERTA,MONOLINGUE,DOBLE,FIN DE SEMANA,JUTIAPA
22-12-2094-46,22-029,JUTIAPA,JALPATAGUA,INSTITUTO DE MAGISTERIO POR COOPERATIVA DE JALPATAGUA,6A. AVENIDA 4-34 ZONA 1,55028787,CARLOS ALBERTO LOPEZ ARCHILA,LUIS ALFONSO RUANO ESQUIVEL,DIVERSIFICADO,COOPERATIVA,URBANA,ABIERTA,MONOLINGUE,VESPERTINA,DIARIO(REGULAR),JUTIAPA
22-12-2271-46,22-029,JUTIAPA,JALPATAGUA,COLEGIO PARTICULAR MIXTO NUEVO AMANECER (POR MADUREZ),3A. CALLE 3-29 ZONA 1,77564472,CARLOS ALBERTO LOPEZ ARCHILA,SANDRA ELIZABETH GRAMAJO BARRERA,DIVERSIFICADO,PRIVADO,URBANA,ABIERTA,MONOLINGUE,DOBLE,FIN DE SEMANA,JUTIAPA
22-12-2462-46,22-022,JUTIAPA,JALPATAGUA,COLEGIO EVANGELICO CRISTIANO'RIOS DE AGUA VIVA',ALDEA EL COCO,,JULIO RENE HERNANDEZ GONZALEZ,,DIVERSIFICADO,PRIVADO,RURAL,ABIERTA,MONOLINGUE,DOBLE,DIARIO(REGULAR),JUTIAPA
22-13-0002-46,22-035,JUTIAPA,CONGUACO,"INSTITUTO MIXTO DE EDUCACION ""CONGUAQUENSE""",CASERIO BRIOTIS,42848727,ANA AZUCENA CRUZ JIMENEZ,GREGORIO EDGAR VALIENTE MARTÍNEZ,DIVERSIFICADO,PRIVADO,URBANA,ABIERTA,MONOLINGUE,VESPERTINA,DIARIO(REGULAR),JUTIAPA
22-13-0028-46,22-036,JUTIAPA,CONGUACO,INSTITUTO NACIONAL DE EDUCACION DIVERSIFICADA,BARRIO EL CENTRO,55171050,JORGE GOMEZ PEREZ,MARÍA ELIZABETH ZÉA ALONZO,DIVERSIFICADO,OFICIAL,URBANA,ABIERTA,MONOLINGUE,VESPERTINA,DIARIO(REGULAR),JUTIAPA
22-13-0032-46,22-035,JUTIAPA,CONGUACO,LICEO SAN PEDRO,ALDEA SAN PEDRO,51223416,ANA AZUCENA CRUZ JIMENEZ,DELMY LILÍ RAMÍREZ GONZÁLEZ,DIVERSIFICADO,PRIVADO,RURAL,ABIERTA,MONOLINGUE,DOBLE,FIN DE SEMANA,JUTIAPA
22-13-0033-46,22-035,JUTIAPA,CONGUACO,LICEO SAN PEDRO,ALDEA SAN PEDRO,48967580,ANA AZUCENA CRUZ JIMENEZ,DELMY LILÍ RAMÍREZ GONZÁLEZ,DIVERSIFICADO,PRIVADO,RURAL,ABIERTA,MONOLINGUE,DOBLE,FIN DE SEMANA,JUTIAPA
22-13-0035-46,22-035,JUTIAPA,CONGUACO,INSTITUTO MIXTO DE EDUCACION CONGUAQUENSE,.,42848727,ANA AZUCENA CRUZ JIMENEZ,GREGORIO EDGAR VALIENTE MARTÍNEZ,DIVERSIFICADO,PRIVADO,RURAL,ABIERTA,MONOLINGUE,DOBLE,FIN DE SEMANA,JUTIAPA
22-13-0038-46,22-035,JUTIAPA,CONGUACO,LICEO SAN PEDRO,ALDEA SAN PEDRO,48937580,ANA AZUCENA CRUZ JIMENEZ,DELMY LILÍ RAMÍREZ GONZÁLEZ,DIVERSIFICADO,PRIVADO,RURAL,ABIERTA,MONOLINGUE,VESPERTINA,DIARIO(REGULAR),JUTIAPA
22-13-0042-46,22-035,JUTIAPA,CONGUACO,INSTITUTO NACIONAL DE EDUCACION DIVERSIFICADA,"CALLE PRINCIPAL, ALDEA SAN PEDRO",55652048,ANA AZUCENA CRUZ JIMENEZ,GUILLERMO HERNÁNDEZ REGALADO,DIVERSIFICADO,OFICIAL,RURAL,ABIERTA,MONOLINGUE,VESPERTINA,DIARIO(REGULAR),JUTIAPA
22-13-0043-46,22-036,JUTIAPA,CONGUACO,"INSTITUTO DE EDUCACION DIVERSIFICADA POR COOPERATIVA ""MIRADOR DE ORIENTE""",BARRIO EL CALVARIO DE LA CABECERA MUNICIPAL,59141926,JORGE GOMEZ PEREZ,KARIN YULIZA ORTÍZ RIVERA,DIVERSIFICADO,COOPERATIVA,URBANA,ABIERTA,MONOLINGUE,MATUTINA,DIARIO(REGULAR),JUTIAPA
22-13-0045-46,22-035,JUTIAPA,CONGUACO,INSTITUTO MIXTO DE EDUCACIÓN CONGUAQUENSE,CASERIO BRIOTIS,58252521,ANA AZUCENA CRUZ JIMENEZ,GREGORIO EDGAR VALIENTE MARTÍNEZ,DIVERSIFICADO,PRIVADO,URBANA,ABIERTA,MONOLINGUE,SIN JORNADA,SEMIPRESENCIAL (UN DÍA A LA SEMANA),JUTIAPA
22-13-0047-46,22-035,JUTIAPA,CONGUACO,LICEO SAN PEDRO,ALDEA SAN PEDRO,42147332,ANA AZUCENA CRUZ JIMENEZ,DELMY LILÍ RAMÍREZ GONZÁLEZ,DIVERSIFICADO,PRIVADO,RURAL,ABIERTA,MONOLINGUE,SIN JORNADA,SEMIPRESENCIAL (UN DÍA A LA SEMANA),JUTIAPA
22-13-0052-46,22-035,JUTIAPA,CONGUACO,LICEO CONGUAQUENSE,CASERÍO BRIOTIS,59219191,ANA AZUCENA CRUZ JIMENEZ,GREGORIO EDGAR VALIENTE MARTÍNEZ,DIVERSIFICADO,PRIVADO,RURAL,ABIERTA,MONOLINGUE,VESPERTINA,DIARIO(REGULAR),JUTIAPA
22-13-0060-46,22-035,JUTIAPA,CONGUACO,LICEO CONGUAQUENSE,CASERIO BRIOTIS,47160153,ANA AZUCENA CRUZ JIMENEZ,GREGORIO EDGAR VALIENTE MARTÍNEZ,DIVERSIFICADO,PRIVADO,RURAL,ABIERTA,MONOLINGUE,DOBLE,FIN DE SEMANA,JUTIAPA
22-13-2273-46,22-035,JUTIAPA,CONGUACO,INSTITUTO MIXTO DE EDUCACION CONGUAQUENSE,CASERIO BRIOTIS,47160153,ANA AZUCENA CRUZ JIMENEZ,GREGORIO EDGAR VALIENTE MARTÍNEZ,DIVERSIFICADO,PRIVADO,URBANA,ABIERTA,MONOLINGUE,DOBLE,FIN DE SEMANA,JUTIAPA
22-14-0001-46,22-024,JUTIAPA,MOYUTA,INSTITUTO DIVERSIFICADO MUNICIPAL,ALDEA CIUDAD PEDRO ALVARADO,42180909,CARLOS OBDULIO OROZCO REYES,CLAUDIA PATRICIA DAVILA RAMÍREZ,DIVERSIFICADO,MUNICIPAL,RURAL,ABIERTA,MONOLINGUE,VESPERTINA,DIARIO(REGULAR),JUTIAPA
22-14-0031-46,22-007,JUTIAPA,MOYUTA,INSTITUTO NACIONAL DE EDUCACION DIVERSIFICADA,ALDEA CIUDAD PEDRO DE ALVARADO,41518185,WILMER OBED RAMIREZ LINARES,MIGUEL ANGEL GALINDO ZEPEDA,DIVERSIFICADO,OFICIAL,RURAL,ABIERTA,MONOLINGUE,VESPERTINA,DIARIO(REGULAR),JUTIAPA
22-14-0046-46,22-039,JUTIAPA,MOYUTA,LICEO INTEGRAL GALILEO,BARRIO EL PACIFICO,41973984,ELDA MARITZA LINARES GALICIA DE CORTEZ,CÉSAR ANTONIO CÁCERES ORDOÑEZ,DIVERSIFICADO,PRIVADO,URBANA,ABIERTA,MONOLINGUE,VESPERTINA,DIARIO(REGULAR),JUTIAPA
22-14-0065-46,22-039,JUTIAPA,MOYUTA,ESCUELA NORMAL INTERCULTURAL,BARRIO LA REFORMA,78467520,ELDA MARITZA LINARES GALICIA DE CORTEZ,VEYRA MARILÚ BARAHONA CASTILLO,DIVERSIFICADO,OFICIAL,URBANA,ABIERTA,MONOLINGUE,MATUTINA,DIARIO(REGULAR),JUTIAPA
22-14-0068-46,22-023,JUTIAPA,MOYUTA,"COLEGIO EVANGELICO ""GAMALIEL""",ALDEA SAN ISIDRO,37088636,NERI ROLANDO CORADO CORTEZ,WALTER AMANDO LÉMUS HERNÁNDEZ,DIVERSIFICADO,PRIVADO,RURAL,ABIERTA,MONOLINGUE,DOBLE,FIN DE SEMANA,JUTIAPA
22-14-0072-46,22-039,JUTIAPA,MOYUTA,INSTITUTO TECNOLOGICO DE SURORIENTE,BARRIO EL CIELITO,59847305,ELDA MARITZA LINARES GALICIA DE CORTEZ,LILIAN AZUCENA GARCÍA MENÈNDEZ,DIVERSIFICADO,PRIVADO,URBANA,ABIERTA,MONOLINGUE,DOBLE,DIARIO(REGULAR),JUTIAPA
22-14-0073-46,22-039,JUTIAPA,MOYUTA,INTITUTO TECNOLOGICO DE SUR ORIENTE,BARRIO EL CIELITO,59847305,ELDA MARITZA LINARES GALICIA DE CORTEZ,LILIAN AZUCENA GARCÍA MENÈNDEZ,DIVERSIFICADO,PRIVADO,URBANA,ABIERTA,MONOLINGUE,DOBLE,FIN DE SEMANA,JUTIAPA
22-14-0074-46,22-007,JUTIAPA,MOYUTA,INSTITUTO DE EDUCACIÓN DIVERSIFICADA POR COOPERATIVA,ALDEA CIUDAD PEDRO ALVARADO,59419184,WILMER OBED RAMIREZ LINARES,LUIS ALEXANDER RECINOS LEMUS,DIVERSIFICADO,COOPERATIVA,RURAL,ABIERTA,MONOLINGUE,VESPERTINA,DIARIO(REGULAR),JUTIAPA
22-14-0077-46,22-039,JUTIAPA,MOYUTA,ESCUELA NORMAL INTERCULTURAL,BARRIO LA REFORMA,78467520,ELDA MARITZA LINARES GALICIA DE CORTEZ,VEYRA MARILÚ BARAHONA CASTILLO,DIVERSIFICADO,OFICIAL,URBANA,ABIERTA,MONOLINGUE,DOBLE,DIARIO(REGULAR),JUTIAPA
22-14-0078-46,22-023,JUTIAPA,MOYUTA,"INSTITUTO MIXTO DE EDUCACIÓN DE ORIENTE ""IMIDEO NÉRICI""",ALDEA LOS ACHIOTES,56943704,NERI ROLANDO CORADO CORTEZ,MILEYBIS TATIANA CORADO SURIANO,DIVERSIFICADO,PRIVADO,URBANA,ABIERTA,MONOLINGUE,VESPERTINA,DIARIO(REGULAR),JUTIAPA
22-14-0080-46,22-023,JUTIAPA,MOYUTA,"INSTITUTO MIXTO DE EDUCACIÓN DE ORIENTE ""IMIDEO NÉRICI""",ALDEA LOS ACHIOTES,56943704,NERI ROLANDO CORADO CORTEZ,MERCY MARÍA GÓMEZ RUANO,DIVERSIFICADO,PRIVADO,RURAL,ABIERTA,MONOLINGUE,DOBLE,FIN DE SEMANA,JUTIAPA
22-14-0082-46,22-023,JUTIAPA,MOYUTA,"INSTITUTO MIXTO DE EDUCACIÓN DE ORIENTE ""IMIDEO NÉRICI""",ALDEA LOS ACHIOTES,56943704,NERI ROLANDO CORADO CORTEZ,MERCY MARÍA GÓMEZ RUANO,DIVERSIFICADO,PRIVADO,RURAL,ABIERTA,MONOLINGUE,DOBLE,FIN DE SEMANA,JUTIAPA
22-14-0084-46,22-024,JUTIAPA,MOYUTA,COLEGIO PARTICULAR MIXTO SAN JOSE,CIUDAD PEDRO DE ALVARADO,78440868,CARLOS OBDULIO OROZCO REYES,IRMA YOLANDA NAVICHOQUE RECINOS,DIVERSIFICADO,PRIVADO,RURAL,ABIERTA,MONOLINGUE,NOCTURNA,DIARIO(REGULAR),JUTIAPA
22-14-0086-46,22-007,JUTIAPA,MOYUTA,COLEGIO PARTICULAR MIXTO SAN JOSE,CIUDAD PEDRO DE ALVARADO,78440868,WILMER OBED RAMIREZ LINARES,IRMA YOLANDA NAVICHOQUE RECINOS,DIVERSIFICADO,PRIVADO,RURAL,ABIERTA,MONOLINGUE,DOBLE,FIN DE SEMANA,JUTIAPA
22-14-0092-46,22-007,JUTIAPA,MOYUTA,"COLEGIO PARTICULAR MIXTO ""SAN JOSÉ""",ALDEA CIUDAD PEDRO DE ALVARADO,50541381,WILMER OBED RAMIREZ LINARES,IRMA YOLANDA NAVICHOQUE RECINOS,DIVERSIFICADO,PRIVADO,RURAL,ABIERTA,MONOLINGUE,SIN JORNADA,SEMIPRESENCIAL (UN DÍA A LA SEMANA),JUTIAPA
22-14-0093-46,22-023,JUTIAPA,MOYUTA,"INSTITUTO MIXTO DE EDUCACIÓN DE ORIENTE ""IMIDEO NÉRICI""",ALDEA LOS ACHIOTES,56943704,NERI ROLANDO CORADO CORTEZ,MERCY MARÍA GÓMEZ RUANO,DIVERSIFICADO,PRIVADO,RURAL,ABIERTA,MONOLINGUE,SIN JORNADA,SEMIPRESENCIAL (UN DÍA A LA SEMANA),JUTIAPA
22-14-0095-46,22-039,JUTIAPA,MOYUTA,INSTITUTO TECNOLÓGICO DE SURORIENTE,BARRIO EL CIELITO,51293040,ELDA MARITZA LINARES GALICIA DE CORTEZ,LILIAN AZUCENA GARCÍA MENÈNDEZ,DIVERSIFICADO,PRIVADO,URBANA,ABIERTA,MONOLINGUE,SIN JORNADA,SEMIPRESENCIAL (UN DÍA A LA SEMANA),JUTIAPA
22-14-1580-46,22-039,JUTIAPA,MOYUTA,INSTITUTO TECNOLOGICO DE SURORIENTE,BARRIO EL CIELITO,51293040,ELDA MARITZA LINARES GALICIA DE CORTEZ,LILIAN AZUCENA GARCÍA MENÈNDEZ,DIVERSIFICADO,PRIVADO,URBANA,ABIERTA,MONOLINGUE,VESPERTINA,DIARIO(REGULAR),JUTIAPA
22-14-2092-46,22-023,JUTIAPA,MOYUTA,ESCUELA NORMAL INFANTIL INTERCULTURAL,BARRIO LA REFORMA,78467520,NERI ROLANDO CORADO CORTEZ,MARÍA MAGNOLIA BOTEO MORATAYA,DIVERSIFICADO,OFICIAL,URBANA,ABIERTA,MONOLINGUE,DOBLE,DIARIO(REGULAR),JUTIAPA
22-14-2126-46,22-007,JUTIAPA,MOYUTA,COLEGIO PARTICULAR MIXTO SAN JOSE,ALDEA CIUDAD PEDRO DE ALVARADO,78440867,WILMER OBED RAMIREZ LINARES,IRMA YOLANDA NAVICHOQUE RECINOS,DIVERSIFICADO,PRIVADO,RURAL,ABIERTA,MONOLINGUE,VESPERTINA,DIARIO(REGULAR),JUTIAPA
22-14-2276-46,22-024,JUTIAPA,MOYUTA,INSTITUTO DIVERSIFICADO MUNICIPAL,ALDEA CIUDAD PEDRO DE ALVARADO,,CARLOS OBDULIO OROZCO REYES,,DIVERSIFICADO,MUNICIPAL,RURAL,ABIERTA,MONOLINGUE,DOBLE,DIARIO(REGULAR),JUTIAPA
22-15-0015-46,22-025,JUTIAPA,PASACO,INSTITUTO NACIONAL DE EDUCACION DIVERSIFICADA,BARRIO NORTE,58886654,RENE MARTINEZ ALAY,MILSA FABIOLA ASENCIO SANDOVAL,DIVERSIFICADO,OFICIAL,URBANA,ABIERTA,MONOLINGUE,VESPERTINA,DIARIO(REGULAR),JUTIAPA
22-15-0024-46,22-025,JUTIAPA,PASACO,COLEGIO INTEGRAL CIENCIA Y DESARROLLO II,ALDEA EL GARROBO,58252521,RENE MARTINEZ ALAY,IRMA ARACELY CONTRERAS SOLÓRZANO,DIVERSIFICADO,PRIVADO,RURAL,ABIERTA,MONOLINGUE,VESPERTINA,DIARIO(REGULAR),JUTIAPA
22-15-0025-46,22-025,JUTIAPA,PASACO,COLEGIO INTEGRAL CIENCIA Y DESARROLLO II,ALDEA EL GARROBO,58252521,RENE MARTINEZ ALAY,IRMA ARACELY CONTRERAS SOLÓRZANO,DIVERSIFICADO,PRIVADO,RURAL,ABIERTA,MONOLINGUE,DOBLE,FIN DE SEMANA,JUTIAPA
22-15-0026-46,22-025,JUTIAPA,PASACO,COLEGIO INTEGRAL CIENCIA Y DESARROLLO II,ALDEA EL GARROBO,58252521,RENE MARTINEZ ALAY,IRMA ARACELY CONTRERAS SOLÓRZANO,DIVERSIFICADO,PRIVADO,RURAL,ABIERTA,MONOLINGUE,DOBLE,FIN DE SEMANA,JUTIAPA
22-15-0031-46,22-025,JUTIAPA,PASACO,COLEGIO INTEGRAL CIENCIA Y DESARROLLO II,ALDEA EL GARROBO,59940686,RENE MARTINEZ ALAY,SADAM JOSUÉ RODRÍGUEZ CASTELLANOS,DIVERSIFICADO,PRIVADO,RURAL,ABIERTA,MONOLINGUE,SIN JORNADA,SEMIPRESENCIAL (UN DÍA A LA SEMANA),JUTIAPA
22-15-2185-46,22-025,JUTIAPA,PASACO,COLEGIO PARTICULAR MIXTO LA BENDICION,CUADRA ARRIBA DEL PARQUE CENTRAL,55608534,RENE MARTINEZ ALAY,JUAN ANTONIO PÉREZ GARCÍA,DIVERSIFICADO,PRIVADO,URBANA,ABIERTA,MONOLINGUE,DOBLE,DIARIO(REGULAR),JUTIAPA
22-15-2556-46,22-025,JUTIAPA,PASACO,COLEGIO PARTICULAR MIXTO BENDICION,3ª AVENIDA 08-012 ZONA 3,49989558,RENE MARTINEZ ALAY,JUAN ANTONIO PÉREZ GARCÍA,DIVERSIFICADO,PRIVADO,URBANA,ABIERTA,MONOLINGUE,MATUTINA,DIARIO(REGULAR),JUTIAPA
22-16-0004-46,22-026,JUTIAPA,SAN JOSE ACATEMPA,INSTITUTO NACIONAL DE EDUCACION DIVERSIFICADA,CABECERA MUNICIPAL,59060812,SIDDI YALAI ESCOBAR ESQUIVEL,DAMARIS CRISTINA MORÁN ESTRADA,DIVERSIFICADO,OFICIAL,URBANA,ABIERTA,MONOLINGUE,MATUTINA,DIARIO(REGULAR),JUTIAPA
22-16-0007-46,22-026,JUTIAPA,SAN JOSE ACATEMPA,"INSTITUTO PEDAGÓGICO DE EDUCACIÓN MEDIA SAN JOSÉ ""IPEMSA""",ALDEA LLANO GRANDE,54925580,SIDDI YALAI ESCOBAR ESQUIVEL,YUSMERY CHEYENDIS ESCOBAR CASTILLO,DIVERSIFICADO,PRIVADO,RURAL,ABIERTA,MONOLINGUE,VESPERTINA,DIARIO(REGULAR),JUTIAPA
22-16-0008-46,22-026,JUTIAPA,SAN JOSE ACATEMPA,"COLEGIO PARTICULAR MIXTO DE DIVERSIFICADO ""EMANUEL""",ALDEA TUNILLAS,31131879,SIDDI YALAI ESCOBAR ESQUIVEL,ALEIDA XIOMARA CASTILLO MEDRANO,DIVERSIFICADO,PRIVADO,RURAL,ABIERTA,MONOLINGUE,MATUTINA,DIARIO(REGULAR),JUTIAPA
22-16-0010-46,22-026,JUTIAPA,SAN JOSE ACATEMPA,"COLEGIO PARTICULAR MIXTO DE DIVERSIFICADO ""EMANUEL""",ALDEA TUNILLAS,31131879,SIDDI YALAI ESCOBAR ESQUIVEL,ALEIDA XIOMARA CASTILLO MEDRANO,DIVERSIFICADO,PRIVADO,RURAL,ABIERTA,MONOLINGUE,DOBLE,FIN DE SEMANA,JUTIAPA
22-16-0014-46,22-026,JUTIAPA,SAN JOSE ACATEMPA,"COLEGIO PARTICULAR MIXTO DE DIVERSIFICADO ""EMANUEL""",ALDEA TUNILLAS,13012018,SIDDI YALAI ESCOBAR ESQUIVEL,ALEIDA XIOMARA CASTILLO MEDRANO,DIVERSIFICADO,PRIVADO,RURAL,ABIERTA,MONOLINGUE,DOBLE,FIN DE SEMANA,JUTIAPA
22-16-0015-46,22-026,JUTIAPA,SAN JOSE ACATEMPA,"INSTITUTO PEDAGOGICO DE EDUCACIÓN MEDIA SAN JOSE ""IPEMSA""",ALDEA LLANO GRANDE,77908100,SIDDI YALAI ESCOBAR ESQUIVEL,WENDY MARISOL BOTEO PERNILLO,DIVERSIFICADO,PRIVADO,RURAL,ABIERTA,MONOLINGUE,DOBLE,FIN DE SEMANA,JUTIAPA
22-16-0023-46,22-026,JUTIAPA,SAN JOSE ACATEMPA,"INSTITUTO PEDAGÓGICO DE EDUCACIÓN MEDIA SAN JOSÉ ""IPEMSA""",ALDEA LLANO GRANDE,50641737,SIDDI YALAI ESCOBAR ESQUIVEL,YUSMERY CHEYENDIS ESCOBAR CASTILLO,DIVERSIFICADO,PRIVADO,RURAL,ABIERTA,MONOLINGUE,SIN JORNADA,SEMIPRESENCIAL (UN DÍA A LA SEMANA),JUTIAPA
22-16-0024-46,22-026,JUTIAPA,SAN JOSE ACATEMPA,"COLEGIO PARTICULAR MIXTO DE DIVERSIFICADO ""EMANUEL""",ALDEA TUNILLAS,31131879,SIDDI YALAI ESCOBAR ESQUIVEL,ALEIDA XIOMARA CASTILLO MEDRANO,DIVERSIFICADO,PRIVADO,RURAL,ABIERTA,MONOLINGUE,SIN JORNADA,SEMIPRESENCIAL (UN DÍA A LA SEMANA),JUTIAPA
22-16-0030-46,22-026,JUTIAPA,SAN JOSE ACATEMPA,COLEGIO PARTICULAR MIXTO BELEN,BARRIO LA JOYA,58375378,SIDDI YALAI ESCOBAR ESQUIVEL,ANGÉLICA MARÍA RAYMUNDO LIMA,DIVERSIFICADO,PRIVADO,URBANA,ABIERTA,MONOLINGUE,DOBLE,FIN DE SEMANA,JUTIAPA
22-16-0031-46,22-026,JUTIAPA,SAN JOSE ACATEMPA,COLEGIO PARTICULAR MIXTO BELEN,BARRIO LA JOYA,58374178,SIDDI YALAI ESCOBAR ESQUIVEL,ANGÉLICA MARÍA RAYMUNDO LIMA,DIVERSIFICADO,PRIVADO,URBANA,ABIERTA,MONOLINGUE,SIN JORNADA,SEMIPRESENCIAL (UN DÍA A LA SEMANA),JUTIAPA
22-17-0009-46,22-027,JUTIAPA,QUESADA,INSTITUTO NACIONAL DE EDUCACION DIVERSIFICADA,BARRIO VALLE LINDO,78678312,DANIEL ARTURO QUIÑONEZ SOTO,MARINA ELVIRA HERRERA,DIVERSIFICADO,OFICIAL,URBANA,ABIERTA,MONOLINGUE,VESPERTINA,DIARIO(REGULAR),JUTIAPA
22-17-0015-46,22-027,JUTIAPA,QUESADA,COLEGIO PARTICULAR MIXTO BILINGUE SANTA FE,ALDEA BUENA VISTA,54262545,DANIEL ARTURO QUIÑONEZ SOTO,HENRY ARMIDAS VELASQUEZ PEREZ,DIVERSIFICADO,PRIVADO,URBANA,ABIERTA,MONOLINGUE,VESPERTINA,DIARIO(REGULAR),JUTIAPA
22-17-0016-46,22-027,JUTIAPA,QUESADA,LICEO QUESADENCE,"7A. CALLE 6-71 ZONA 1, BARRIO BRISAS DEL RIO",78678435,DANIEL ARTURO QUIÑONEZ SOTO,CÉSAR FERNANDO ESCOBAR ZEPEDA,DIVERSIFICADO,PRIVADO,URBANA,ABIERTA,MONOLINGUE,MATUTINA,DIARIO(REGULAR),JUTIAPA
22-17-0023-46,22-027,JUTIAPA,QUESADA,"COLEGIO PARTICULAR MIXTO BILINGÜE ""SAN PEDRO APÓSTOL""",BARRIO LA UNION,78678277,DANIEL ARTURO QUIÑONEZ SOTO,MARLEN ROXANA ENRIQUEZ CONTRERAS,DIVERSIFICADO,PRIVADO,URBANA,ABIERTA,MONOLINGUE,VESPERTINA,DIARIO(REGULAR),JUTIAPA
22-17-0025-46,22-027,JUTIAPA,QUESADA,"COLEGIO PARTICULAR MIXTO BILINGUE ""SAN PEDRO APÓSTOL""",BARRIO LA UNION,58211872,DANIEL ARTURO QUIÑONEZ SOTO,ABEL RAMÍREZ AMÉZQUITA,DIVERSIFICADO,PRIVADO,RURAL,ABIERTA,MONOLINGUE,DOBLE,FIN DE SEMANA,JUTIAPA
22-17-0031-46,22-027,JUTIAPA,QUESADA,COLEGIO PARTICULAR MIXTO BILINGUE SANTA FE,ALDEA BUENA VISTA,52169634,DANIEL ARTURO QUIÑONEZ SOTO,HENRY ARMIDAS VELASQUEZ PEREZ,DIVERSIFICADO,PRIVADO,RURAL,ABIERTA,MONOLINGUE,DOBLE,FIN DE SEMANA,JUTIAPA
22-17-0034-46,22-027,JUTIAPA,QUESADA,LICEO QUESADENCE,"7MA. CALLE 6-71 ZONA 1, BARRIO BRISAS DEL RIO",78678435,DANIEL ARTURO QUIÑONEZ SOTO,HELLEN MARISOL ESCOBAR ZEPEDA,DIVERSIFICADO,PRIVADO,URBANA,ABIERTA,MONOLINGUE,VESPERTINA,DIARIO(REGULAR),JUTIAPA
22-17-0035-46,22-027,JUTIAPA,QUESADA,LICEO QUESADENCE,"7MA. CALLE 6-71 ZONA 1, BARRIO LAS BRISAS DEL RIO",78678435,DANIEL ARTURO QUIÑONEZ SOTO,CÉSAR FERNANDO ESCOBAR ZEPEDA,DIVERSIFICADO,PRIVADO,URBANA,ABIERTA,MONOLINGUE,DOBLE,FIN DE SEMANA,JUTIAPA
22-17-0038-46,22-027,JUTIAPA,QUESADA,"COLEGIO INTEGRAL DE COMPUTACIÓN ""EDUCARE""",7A. CALLE 4-32 ZONA 1,54529495,DANIEL ARTURO QUIÑONEZ SOTO,SENDER MAURICIO SOTO VÁSQUEZ,DIVERSIFICADO,PRIVADO,URBANA,ABIERTA,MONOLINGUE,DOBLE,FIN DE SEMANA,JUTIAPA
22-17-0039-46,22-027,JUTIAPA,QUESADA,"COLEGIO INTEGRAL DE COMPUTACIÓN ""EDUCARE""",7A. CALLE 4-32 ZONA 1,54529495,DANIEL ARTURO QUIÑONEZ SOTO,SENDER MAURICIO SOTO VÁSQUEZ,DIVERSIFICADO,PRIVADO,URBANA,ABIERTA,MONOLINGUE,DOBLE,FIN DE SEMANA,JUTIAPA
22-17-0042-46,22-027,JUTIAPA,QUESADA,LICEO QUESADENCE,"7MA. CALLE 6-71 ZONA 1, BARRIO BRISAS DEL RIO",78678435,DANIEL ARTURO QUIÑONEZ SOTO,CESAR FERNANDO ESCOBAR ZEPEDA,DIVERSIFICADO,PRIVADO,URBANA,ABIERTA,MONOLINGUE,DOBLE,FIN DE SEMANA,JUTIAPA
22-17-0046-46,22-027,JUTIAPA,QUESADA,COLEGIO PARTICULAR MIXTO BILINGÜE SANTA FE,ALDEA BUENA VISTA,49140649,DANIEL ARTURO QUIÑONEZ SOTO,HENRY ARMIDAS VELASQUEZ PEREZ,DIVERSIFICADO,PRIVADO,RURAL,ABIERTA,MONOLINGUE,SIN JORNADA,SEMIPRESENCIAL (UN DÍA A LA SEMANA),JUTIAPA
22-17-0048-46,22-027,JUTIAPA,QUESADA,COLEGIO SANTA FE,ALDEA BUENA VISTA,49140649,DANIEL ARTURO QUIÑONEZ SOTO,VINCY DANIEL ARGUETA GONZALEZ,DIVERSIFICADO,PRIVADO,RURAL,ABIERTA,MONOLINGUE,DOBLE,VIRTUAL A DISTANCIA,JUTIAPA
22-17-1839-46,22-027,JUTIAPA,QUESADA,COLEGIO INTEGRAL DE COMPUTACION EDUCARE,7A. CALLE 4-32 ZONA 1,78678217,DANIEL ARTURO QUIÑONEZ SOTO,SENDER MAURICIO SOTO VÁSQUEZ,DIVERSIFICADO,PRIVADO,URBANA,ABIERTA,MONOLINGUE,VESPERTINA,DIARIO(REGULAR),JUTIAPA
22-17-2459-46,22-028,JUTIAPA,QUESADA,COLEGIO PARTICULAR MIXTO MONTE SION,BARRIO LA UNION,59456911,EMERSON RAUL ORTIZ LOPEZ,IRMA LILLY JIMENEZ MEDRANO,DIVERSIFICADO,PRIVADO,URBANA,ABIERTA,MONOLINGUE,VESPERTINA,DIARIO(REGULAR),JUTIAPA
,,,,,,,,,,,,,,,,
,,,,,,,,,,,,,,,,
296 Establecimientos encontrados,,,,,,,,,,,,,,,,
,,,,,,,,,,,,,,,,
"Ministerio de Educación, Copyright © 2,012",,Aviso Legal | Términos y Condiciones | Contacto ,,,,,,,,,,,,,,
