,[ e-Servicios ],,,,,,,,,,,,,,,
,Búsqueda de centros educativos autorizados por el Mineduc y carreras que pueden impartir.,,,,,,,,,,,,,,,
,,,,,,,,,,,,,,,,
,  ,,,,,,,,,,,,,,,
Importante:,,,,,,,,,,,,,,,,
,,,,,,,,,,,,,,,,
"Para una mejor búsqueda puede seleccionar el departamento y municipio, con base a la ubicación del centro educativo, ingresando el código del establecimiento separado por guiones o el nombre completo o parte de él.",,,,,,,,,,,,,,,,
,,,,,,,,,,,,,,,,
"Un centro educativo puede contar con uno o más códigos de acuerdo con los servicios educativos autorizados (nivel, plan o jornada).",,,,,,,,,,,,,,,,
,,,,,,,,,,,,,,,,
"Las carreras pueden visualizarse únicamente en los códigos de centros educativos que tienen autorizado el Nivel de Educación Media, Ciclo de Educación Diversificada.",,,,,,,,,,,,,,,,
,,,,,,,,,,,,,,,,
Para visualizar las carreras autorizadas a un centro educativo seleccione el Nivel Escolar: Diversificado.,,,,,,,,,,,,,,,,
,,,,,,,,,,,,,,,,
Departamento,Municipio,,,,,,,,,,,,,,,
,,,,,,,,,,,,,,,,
Nivel Escolar,,,,,,,,,,,,,,,,
Sector,,,,,,,,,,,,,,,,
Plan,Modalidad,,,,,,,,,,,,,,,
,,,,,,,,,,,,,,,,
Código (##-##-####-##),,,,,,,,,,,,,,,,
Nombre,,,,,,,,,,,,,,,,
Dirección,,,,,,,,,,,,,,,,
,,,,,,,,,,,,,,,,
,,,,,,,,,,,,,,,,
CODIGO,DISTRITO,DEPARTAMENTO,MUNICIPIO,ESTABLECIMIENTO,DIRECCION,TELEFONO,SUPERVISOR,DIRECTOR,NIVEL,SECTOR,AREA,STATUS,MODALIDAD,JORNADA,PLAN,DEPARTAMENTAL
17-01-0064-46,17-001,PETEN,FLORES,INSTITUTO NACIONAL DE EDUCACION DIVERSIFICADA,ALDEA IXLU,40815948,RODOLFO MEDINA,VICENTE AVELAR HERNÁNDEZ,DIVERSIFICADO,OFICIAL,RURAL,ABIERTA,MONOLINGUE,VESPERTINA,DIARIO(REGULAR),PETÉN
17-01-0081-46,17-030,PETEN,FLORES,"COLEGIO DE EDUCACION MEDIA ""SAN ISIDRO""","ALDEA IXLU, FLORES",55164373,RODOLFO MEDINA,RUTILIA SALGUERO CASTRO,DIVERSIFICADO,PRIVADO,RURAL,ABIERTA,MONOLINGUE,DOBLE,FIN DE SEMANA,PETÉN
17-01-0091-46,17-030,PETEN,FLORES,"COLEGIO CRISTIANO ""EL-HASHAMAYIM""","7A. AVENIDA 1-65 ZONA 2, SANTA ELENA DE LA CRUZ SANTA ELENA DE LA CRUZ FLORES",79261812,RODOLFO MEDINA,JORGE ULICES RUANO CANO,DIVERSIFICADO,PRIVADO,URBANA,ABIERTA,MONOLINGUE,VESPERTINA,DIARIO(REGULAR),PETÉN
17-01-0106-46,17-001,PETEN,FLORES,"INSTITUTO TECNICO DE EDUCACION MEDIA DE PETEN ""ITEMP""",6TA. AVE. ENTRE 3RA. Y 4TA. CALLE ZONA 1 SANTA ELENA,50357085,RODOLFO MEDINA,GLADIS CELENI ZAMORA MORALES DE CHOC,DIVERSIFICADO,OFICIAL,URBANA,ABIERTA,MONOLINGUE,MATUTINA,DIARIO(REGULAR),PETÉN
17-01-0110-46,17-030,PETEN,FLORES,"CENTRO EDUCATIVO CRISTIANO ""GÉNESIS""",ALDEA PAXCAMAN,50174360,RODOLFO MEDINA,ALMEIDA ESTER BIN TENI,DIVERSIFICADO,PRIVADO,RURAL,ABIERTA,MONOLINGUE,VESPERTINA,DIARIO(REGULAR),PETÉN
17-01-0124-46,17-030,PETEN,FLORES,COLEGIO DE EDUCACIÓN MEDIA SAN ISIDRO,CASERIO IXLU,57817572,RODOLFO MEDINA,ORISELDA GUTIÉRREZ MOLINA,DIVERSIFICADO,PRIVADO,RURAL,ABIERTA,MONOLINGUE,VESPERTINA,DIARIO(REGULAR),PETÉN
17-01-0128-46,17-030,PETEN,FLORES,"INSTITUTO COMERCIAL ""VILLA CONCEPCION""","AVENIDA ZONA 2, DE LA PRIMERA LOTIFICACION SANTA ELENA, FLORES, PETEN",74248180,RODOLFO MEDINA,BÁRBARA MARIANELA MELGAR CEBALLOS,DIVERSIFICADO,PRIVADO,URBANA,ABIERTA,MONOLINGUE,MATUTINA,DIARIO(REGULAR),PETÉN
17-01-0136-46,17-030,PETEN,FLORES,INSTITUTO TECNOLÓGICO HOWARD W. HUNTER.,"0 CALLE 0-65 ZONA 1, CALZADA VIRGILIO RODRIGUEZ MACAL SANTA ELENA DE LA CRUZ",79262016,RODOLFO MEDINA,OLGA MARINA VÉLIZ PALENCIA,DIVERSIFICADO,PRIVADO,URBANA,ABIERTA,MONOLINGUE,DOBLE,DIARIO(REGULAR),PETÉN
17-01-0139-46,17-030,PETEN,FLORES,COLEGIO CRISTIANO CON ORIENTACION UNIVERSITARIA EL SHADDAI,8ª. AVENIDA 3-14 ANTIGUA POBLACION 2 SANTA ELENA DE LA CRUZ SANTA ELENA DE LA CRUZ FLORES,77970526,RODOLFO MEDINA,CARLOS ENRIQUE AUGUST VELIZ,DIVERSIFICADO,PRIVADO,URBANA,ABIERTA,MONOLINGUE,MATUTINA,DIARIO(REGULAR),PETÉN
17-01-0153-46,17-048,PETEN,FLORES,PROGRAMA NACIONAL DE EDUCACION ALTERNATIVA-PRONEA-,SANTA ELENA,79262583,SANTIAGO CRUZ SERRANO,SANTIAGO CRUZ SERRANO,DIVERSIFICADO,OFICIAL,RURAL,ABIERTA,MONOLINGUE,DOBLE,A DISTANCIA,PETÉN
17-01-0155-46,17-030,PETEN,FLORES,COLEGIO CRISTIANO EL HASHAMAYIM,SANTA ELENA DE LA CRUZ,79261812,RODOLFO MEDINA,JORGE ULICES RUANO CANO,DIVERSIFICADO,PRIVADO,URBANA,ABIERTA,MONOLINGUE,MATUTINA,DIARIO(REGULAR),PETÉN
17-01-0156-46,17-001,PETEN,FLORES,CENTRO DE EDUCACION EXTRAESCOLAR-CEEX-DEPARTAMENTAL,5TA.CALLE Y 3RA AV.ZONA 2 SANTA ELENA,58015134,RODOLFO MEDINA,MAYKON JOSE TE MAQUIN,DIVERSIFICADO,OFICIAL,RURAL,ABIERTA,MONOLINGUE,DOBLE,A DISTANCIA,PETÉN
17-01-0159-46,17-030,PETEN,FLORES,COLEGIO DE EDUCACION MEDIA SAN ISIDRO,ALDEA IXLU,55164373,RODOLFO MEDINA,RUTILIA SALGUERO CASTRO,DIVERSIFICADO,PRIVADO,RURAL,ABIERTA,MONOLINGUE,SIN JORNADA,SEMIPRESENCIAL (UN DÍA A LA SEMANA),PETÉN
17-01-0161-46,17-030,PETEN,FLORES,CENTRO EDUCATIVO MODELO,COLONIA MORALES,59893637,RODOLFO MEDINA,FRANCISCO VALENTIN SOZA,DIVERSIFICADO,PRIVADO,URBANA,ABIERTA,MONOLINGUE,SIN JORNADA,SEMIPRESENCIAL (UN DÍA A LA SEMANA),PETÉN
17-01-0163-46,17-030,PETEN,FLORES,"""INSTITUTO MIXTO DE EDUCACION FUNDAMENTAL"" -IMEF-","4ª. AVENIDA 3RA CALLE ZONA 2, SANTA ELENA, FLORES",41118747,RODOLFO MEDINA,ESTHER NOEMI PINELO RAMÍREZ,DIVERSIFICADO,PRIVADO,URBANA,ABIERTA,MONOLINGUE,SIN JORNADA,SEMIPRESENCIAL (UN DÍA A LA SEMANA),PETÉN
17-01-0165-46,17-030,PETEN,FLORES,"CENTRO EDUCATIVO CRISTIANO ""GÉNESIS""",ALDEA PAXCAMAN,50174360,RODOLFO MEDINA,ALMEIDA ESTER BIN TENI,DIVERSIFICADO,PRIVADO,RURAL,ABIERTA,MONOLINGUE,SIN JORNADA,SEMIPRESENCIAL (UN DÍA A LA SEMANA),PETÉN
17-01-0167-46,17-001,PETEN,FLORES,"INSTITUTO DE EDUCACIO9N BASICA Y BACHILLERATO POR MADURREZ, CAMINO A LA LIBERTAD",CENTRO DE DETENCION DEPARTAMENTAL,49663881,RODOLFO MEDINA,DAVID OTONIEL GARCIA POLANCO,DIVERSIFICADO,OFICIAL,RURAL,ABIERTA,MONOLINGUE,VESPERTINA,DIARIO(REGULAR),PETÉN
17-01-0172-46,17-001,PETEN,FLORES,INSTITUTO PRIVADO DE EDUCACION DIVERSIFICADO B0KOBA,COLONIA MODELO,533290,RODOLFO MEDINA,MYNOR ROBERTO PORTILLO ROSADO,DIVERSIFICADO,PRIVADO,URBANA,ABIERTA,MONOLINGUE,SIN JORNADA,SEMIPRESENCIAL (FIN DE SEMANA),PETÉN
17-01-0173-46,17-001,PETEN,FLORES,INSTITUTODE EDUCACION DIVERSIFICADA BOKOBA,COLONIA MODELO,53329066,RODOLFO MEDINA,MYNOR ROBERTO PORTILLO ROSADO,DIVERSIFICADO,PRIVADO,URBANA,ABIERTA,MONOLINGUE,DOBLE,FIN DE SEMANA,PETÉN
17-01-0174-46,17-001,PETEN,FLORES,CENTRO EDUCATIVO PETEN,0 CALLE-3-50 ZONA 1 CALZADA VIRGIO RODRIGUEZ MACAL,42509151,RODOLFO MEDINA,KARLA YAMILETH NAJERA ARIAS,DIVERSIFICADO,PRIVADO,URBANA,ABIERTA,MONOLINGUE,MATUTINA,DIARIO(REGULAR),PETÉN
17-01-0485-46,17-001,PETEN,FLORES,ESCUELA NORMAL RURAL NO. 5 PROFESOR JULIO EDMUNDO ROSADO PINELO,BARRIO SANTA ELENA,78425736,RODOLFO MEDINA,VAYRON ANTONIO CONTRERAS POZADAS,DIVERSIFICADO,OFICIAL,URBANA,ABIERTA,MONOLINGUE,VESPERTINA,DIARIO(REGULAR),PETÉN
17-01-1049-46,17-030,PETEN,FLORES,"""LICEO MAYA""","3A. AVE. 1-77 ZONA 1 SANTA ELENA, FLORES, PETEN",46613691,RODOLFO MEDINA,ALICIA BEATRIZ GONGORA INECO,DIVERSIFICADO,PRIVADO,URBANA,ABIERTA,MONOLINGUE,VESPERTINA,DIARIO(REGULAR),PETÉN
17-01-2434-46,17-030,PETEN,FLORES,"""LICEO MODERNO EN COMPUTACION"" (LIMCO)","CALZADA VIRGILIO RODRIGUEZ MACAL 6-40 ZONA 2 SANTA ELENA DE LA CRUZ, FLORES PETEN.",79261015,RODOLFO MEDINA,NERY GÛILBERTO RALDA MALDONADO,DIVERSIFICADO,PRIVADO,URBANA,ABIERTA,MONOLINGUE,VESPERTINA,DIARIO(REGULAR),PETÉN
17-01-3414-46,17-030,PETEN,FLORES,COLEGIO INTEGRADO DE EDUCACION PROFESIONAL DE PETEN (CIEPP),ALDEA IXLU,30628346,RODOLFO MEDINA,LUBIA ROXANA JIMÉNEZ RIVERA,DIVERSIFICADO,PRIVADO,RURAL,ABIERTA,MONOLINGUE,VESPERTINA,DIARIO(REGULAR),PETÉN
17-01-3447-46,17-001,PETEN,FLORES,ESCUELA NORMAL DE EDUCACION FISICA,COMPLEJO DEPORTIVO MAYA,36105564,RODOLFO MEDINA,ROSBEL STANLY MORALES DE LEON,DIVERSIFICADO,OFICIAL,URBANA,ABIERTA,MONOLINGUE,DOBLE,DIARIO(REGULAR),PETÉN
17-01-3949-46,17-030,PETEN,FLORES,INSTITUTO TECNOLÓGICO HOWARD W. HUNTER,"0 CALLE 0-65 ZONA 1 CALZADA VIRGILIO RODRÍGUEZ MACAL, SANTA ELENA DE LA CRUZ",79262016,RODOLFO MEDINA,OLGA MARINA VÉLIZ PALENCIA,DIVERSIFICADO,PRIVADO,URBANA,ABIERTA,MONOLINGUE,DOBLE,DIARIO(REGULAR),PETÉN
17-01-3993-46,17-001,PETEN,FLORES,CENTRO EDUCATIVO PETEN-CEP-,SANTA ELENA DE LA CRUZ,42509151,RODOLFO MEDINA,KARLA YAMILETH NÁJERA ARIAS,DIVERSIFICADO,PRIVADO,URBANA,ABIERTA,MONOLINGUE,VESPERTINA,DIARIO(REGULAR),PETÉN
17-01-4075-46,17-030,PETEN,FLORES,INSTITUTO MIXTO DE EDUCACION FUNDAMENTAL IMEF,"4ª. AVENIDA 3RA CALLE ZONA 2, SANTA ELENA, FLORES",79248505,RODOLFO MEDINA,ESTHER NOEMI PINELO RAMÍREZ,DIVERSIFICADO,PRIVADO,URBANA,ABIERTA,MONOLINGUE,DOBLE,FIN DE SEMANA,PETÉN
17-02-0003-46,17-002,PETEN,SAN JOSE,"ESCUELA ECOLOGICA ""SAN JOSE""",BARRIO NORTE,42479181,LILIA SAUDITA SUNTECUN CHAN,MARLENY ESMERALDA CHAN TESUCUN,DIVERSIFICADO,PRIVADO,URBANA,ABIERTA,MONOLINGUE,VESPERTINA,DIARIO(REGULAR),PETÉN
17-02-0011-46,17-002,PETEN,SAN JOSE,"ESCUELA PRIVADA DE MAGISTERIO ""SAN JOSÉ""",BARRIO VISTA LAGO,59882736,LILIA SAUDITA SUNTECUN CHAN,ARELI MAGALI CHAN TESUCÚN,DIVERSIFICADO,PRIVADO,URBANA,ABIERTA,MONOLINGUE,VESPERTINA,DIARIO(REGULAR),PETÉN
17-02-0013-46,17-002,PETEN,SAN JOSE,INSTITUTO NACIONAL DE EDUCACION DIVERSIFICADA,BARRIO EL PROGRESO,59882736,LILIA SAUDITA SUNTECUN CHAN,IRIS ARACELY CHAN TESUCUN,DIVERSIFICADO,OFICIAL,URBANA,ABIERTA,MONOLINGUE,MATUTINA,DIARIO(REGULAR),PETÉN
17-03-0002-46,17-003,PETEN,SAN BENITO,"CENTRO EDUCATIVO CRISTIANO CON ORIENTACION UNIVERSITARIA ""EL SHADDAI""",BARRIO EL PORVENIR 5 CALLE Y 2AV. SAN BENITO,79263476,DEYLIN ANTONIO ALVAREZ ALDANA,DAYSI FABIOLA LOPEZ SARCEÑO,DIVERSIFICADO,PRIVADO,URBANA,ABIERTA,MONOLINGUE,MATUTINA,DIARIO(REGULAR),PETÉN
17-03-0006-46,17-003,PETEN,SAN BENITO,"CENTRO EDUCATIVO ""BETHANIA""",6A. CALLE ZONA 4 BARRIO LA PAZ,78238216,DEYLIN ANTONIO ALVAREZ ALDANA,JORGE ONAN MENDEZ DIAZ,DIVERSIFICADO,PRIVADO,URBANA,ABIERTA,MONOLINGUE,VESPERTINA,DIARIO(REGULAR),PETÉN
17-03-0025-46,17-003,PETEN,SAN BENITO,INSTITUTO NACIONAL DE EDUCACION DIVERSIFICADA,COLONIA ITZA,38140750,DEYLIN ANTONIO ALVAREZ ALDANA,EDVIN FIDEL CORADO REVOLORIO,DIVERSIFICADO,OFICIAL,RURAL,ABIERTA,MONOLINGUE,VESPERTINA,DIARIO(REGULAR),PETÉN
17-03-0088-46,17-003,PETEN,SAN BENITO,CENTRO EDUCATIVO PRIVADO MIXTO DE EDUCACION BÁSICA Y DIVERSIFICADO-CEPMEBYD,"COLONIA HERMOSA, SAN BENITO, PETÉN",56903019,DEYLIN ANTONIO ALVAREZ ALDANA,NORLIN ARIEL LÓPEZ DUQUE,DIVERSIFICADO,PRIVADO,RURAL,ABIERTA,MONOLINGUE,VESPERTINA,DIARIO(REGULAR),PETÉN
17-03-0089-46,17-003,PETEN,SAN BENITO,CENTRO EDUCATIVO CRISTIANO CON ORIENTACION UNIVERSITARIA EL SHADDAI,BARRIO EL PORVENIR SAN BENITO,79263476,DEYLIN ANTONIO ALVAREZ ALDANA,DAYSI FABIOLA LOPEZ SARCEÑO,DIVERSIFICADO,PRIVADO,URBANA,ABIERTA,MONOLINGUE,DOBLE,DIARIO(REGULAR),PETÉN
17-03-0094-46,17-003,PETEN,SAN BENITO,LICEO INTEGRAL NUEVA GENERACION,BARRIO EL PEDREGAL,41821593,DEYLIN ANTONIO ALVAREZ ALDANA,MIGUEL ANGEL MEJIA FLORES,DIVERSIFICADO,PRIVADO,URBANA,ABIERTA,MONOLINGUE,VESPERTINA,DIARIO(REGULAR),PETÉN
17-03-0095-46,17-003,PETEN,SAN BENITO,COLEGIO MADRE ANTONIA LALIA HERMANAS DOMINICAS DE SAN SISTO VECCHIO,"CALZADA FRANCISCO JAVIER LÓPEZ MARROQUIN 22-21, ZONA 9 COLONIA JUAREZ, SAN BENITO, PETEN",33812286,DEYLIN ANTONIO ALVAREZ ALDANA,ANGELA MERECI LEMUS MENDOZA,DIVERSIFICADO,PRIVADO,URBANA,ABIERTA,MONOLINGUE,MATUTINA,DIARIO(REGULAR),PETÉN
17-03-0098-46,17-003,PETEN,SAN BENITO,LICEO INTEGRAL NUEVA GENERACION - LING-,BARRIO EL PEDREGAL,41821593,DEYLIN ANTONIO ALVAREZ ALDANA,MIGUEL ANGEL MEJIA FLORES,DIVERSIFICADO,PRIVADO,URBANA,ABIERTA,MONOLINGUE,DOBLE,FIN DE SEMANA,PETÉN
17-03-0099-46,17-003,PETEN,SAN BENITO,LICEO INTEGRAL NUEVA GENERACION - LING-,BARRIO EL PEDREGAL,41821593,DEYLIN ANTONIO ALVAREZ ALDANA,MIGUEL ANGEL MEJIA FLORES,DIVERSIFICADO,PRIVADO,URBANA,ABIERTA,MONOLINGUE,DOBLE,FIN DE SEMANA,PETÉN
17-03-0102-46,17-003,PETEN,SAN BENITO,COLEGIO ADVENTISTA DE PETÉN,"18 CALLE 1A. ZONA 1 SAN BENITO, PETEN",79263234,DEYLIN ANTONIO ALVAREZ ALDANA,EVELYN MARISOL HERNÁNDEZ COLLÍ,DIVERSIFICADO,PRIVADO,URBANA,ABIERTA,MONOLINGUE,MATUTINA,DIARIO(REGULAR),PETÉN
17-03-0104-46,17-003,PETEN,SAN BENITO,CENTRO EDUCATIVO CRISTIANO ADONAI,BARRIIO SAN JUAN,42549357,DEYLIN ANTONIO ALVAREZ ALDANA,EDWIN NOÉ MARROQUÍN HERNÁNDEZ,DIVERSIFICADO,PRIVADO,URBANA,ABIERTA,MONOLINGUE,DOBLE,FIN DE SEMANA,PETÉN
17-03-0111-46,17-003,PETEN,SAN BENITO,INSTITUTO MIXTO PRIVADO EDUCATIVO DE BACHILLERATO IMPEB,"BARRIO VISTA HERMOSA SAN BENITO, PETÉN",30108407,DEYLIN ANTONIO ALVAREZ ALDANA,HÉCTOR AMILCAR HERNÁNDEZ RAMÍREZ,DIVERSIFICADO,PRIVADO,RURAL,ABIERTA,MONOLINGUE,DOBLE,FIN DE SEMANA,PETÉN
17-03-0113-46,17-003,PETEN,SAN BENITO,CENTRO EDUCATIVO CRISTIANO ADONAI,BARRIO SAN JUAN,42549357,DEYLIN ANTONIO ALVAREZ ALDANA,EDWIN NOÉ MARROQUÍN HERNÁNDEZ,DIVERSIFICADO,PRIVADO,RURAL,ABIERTA,MONOLINGUE,DOBLE,FIN DE SEMANA,PETÉN
17-03-0115-46,17-003,PETEN,SAN BENITO,"LICEO DE CIENCIAS TECNICAS ""EL REDENTOR""",BARRIO 3 DE ABRIL,47981031,DEYLIN ANTONIO ALVAREZ ALDANA,MIGUEL ANGEL MEJIA FLORES,DIVERSIFICADO,PRIVADO,URBANA,ABIERTA,MONOLINGUE,DOBLE,FIN DE SEMANA,PETÉN
17-03-0120-46,17-003,PETEN,SAN BENITO,COLEGIO PRIVADO MIXTO EL FORMADOR,BARRIO 3 DE ABRIL,41674267,DEYLIN ANTONIO ALVAREZ ALDANA,JUAN CARLOS MONZON LUTIN,DIVERSIFICADO,PRIVADO,URBANA,ABIERTA,MONOLINGUE,DOBLE,FIN DE SEMANA,PETÉN
17-03-0121-46,17-030,PETEN,SAN BENITO,COLEGIO PRIVADO MIXTO EL FORMADOR,BARRIO 3 DE ABRIL,4167076,RODOLFO MEDINA,JUAN CARLOS MONZON LUTIN,DIVERSIFICADO,PRIVADO,URBANA,ABIERTA,MONOLINGUE,DOBLE,FIN DE SEMANA,PETÉN
17-03-0124-46,17-003,PETEN,SAN BENITO,INSTITUTO NACIONAL DE EDUCACION DIVERSIFICADA,"BARRIO VALLE NUEVO, SAN BENITO, PETÉN",59979542,DEYLIN ANTONIO ALVAREZ ALDANA,ALMA DELIA CHUN AREVALO,DIVERSIFICADO,OFICIAL,RURAL,ABIERTA,MONOLINGUE,MATUTINA,DIARIO(REGULAR),PETÉN
17-03-0128-46,17-003,PETEN,SAN BENITO,CENTRO EDUCATIVO CRISTIANO CON ORIENTACION UNIVERSITARIA EL SHADDAI,BARRIO EL PORVENIR,79263476,DEYLIN ANTONIO ALVAREZ ALDANA,HUSWER LANDREWS SARCEÑO MARTINEZ,DIVERSIFICADO,PRIVADO,URBANA,ABIERTA,MONOLINGUE,SIN JORNADA,SEMIPRESENCIAL (UN DÍA A LA SEMANA),PETÉN
17-03-0130-46,17-003,PETEN,SAN BENITO,INSTITUTO MIXTO PRIVADO EDUCATIVO DE BACHILLERATO IMPEB,"BARRIO VISTA HERMOSA SAN BENITO, PETÉN",30108407,DEYLIN ANTONIO ALVAREZ ALDANA,HÉCTOR AMILCAR HERNÁNDEZ RAMÍREZ,DIVERSIFICADO,PRIVADO,RURAL,ABIERTA,MONOLINGUE,SIN JORNADA,SEMIPRESENCIAL (UN DÍA A LA SEMANA),PETÉN
17-03-0131-46,17-003,PETEN,SAN BENITO,LICEO PALERMO,17 CALLE 5-62 ZONA 1,79262965,DEYLIN ANTONIO ALVAREZ ALDANA,MANUEL TRINIDAD BURGOS,DIVERSIFICADO,PRIVADO,URBANA,ABIERTA,MONOLINGUE,SIN JORNADA,SEMIPRESENCIAL (UN DÍA A LA SEMANA),PETÉN
17-03-0134-46,17-003,PETEN,SAN BENITO,CENTRO EDUCATIVO PRIVADO MIXTO DE EDUCACIÓN BÁSICA Y DIVERSIFICADO-CEPMEBYD-,BARRIIO VISTA HERMOSA,56903019,DEYLIN ANTONIO ALVAREZ ALDANA,NORLIN ARIEL LÓPEZ DUQUE,DIVERSIFICADO,PRIVADO,URBANA,ABIERTA,MONOLINGUE,VESPERTINA,DIARIO(REGULAR),PETÉN
17-03-0135-46,17-003,PETEN,SAN BENITO,CENTRO EDUCACIONAL DE CIENCIAS CONTABLES-CECON,BARRIO LA ERMITA,31272478,DEYLIN ANTONIO ALVAREZ ALDANA,MIGUEL ANGEL GÓNGORA PINELO,DIVERSIFICADO,PRIVADO,RURAL,ABIERTA,MONOLINGUE,SIN JORNADA,SEMIPRESENCIAL (UN DÍA A LA SEMANA),PETÉN
17-03-0139-46,17-003,PETEN,SAN BENITO,CENTRO EDUCATIVO POR MADUREZ PROFA. MILDRED GUADALUPE AGUILAR MELÉNDEZ,BARRIIO 3 DE ABRIL,36850553,DEYLIN ANTONIO ALVAREZ ALDANA,CARLOS ERWIN MIS REQUENA,DIVERSIFICADO,PRIVADO,URBANA,ABIERTA,MONOLINGUE,SIN JORNADA,SEMIPRESENCIAL (UN DÍA A LA SEMANA),PETÉN
17-03-0141-46,17-003,PETEN,SAN BENITO,COLEGIO PRIVADO MIXTO EL FORMADOR,BARRIO 3 DE ABRIL,41670768,DEYLIN ANTONIO ALVAREZ ALDANA,JUAN CARLOS MONZÓN LUTIN,DIVERSIFICADO,PRIVADO,URBANA,ABIERTA,MONOLINGUE,SIN JORNADA,SEMIPRESENCIAL (UN DÍA A LA SEMANA),PETÉN
17-03-0143-46,17-003,PETEN,SAN BENITO,CENTRO EDUCATIVO CRISTIANO ADONAI,BARRIO SAN JUAN,42549357,DEYLIN ANTONIO ALVAREZ ALDANA,EDWIN NOÉ MARROQUÍN HERNÁNDEZ,DIVERSIFICADO,PRIVADO,RURAL,ABIERTA,MONOLINGUE,SIN JORNADA,SEMIPRESENCIAL (UN DÍA A LA SEMANA),PETÉN
17-03-0145-46,17-003,PETEN,SAN BENITO,LICEO DE CIENCIAS TÉCNICAS EL REDENTOR,BARRIO 3 DE ABRIL,47981031,DEYLIN ANTONIO ALVAREZ ALDANA,MIGUEL ANGEL MEJIA FLORES,DIVERSIFICADO,PRIVADO,URBANA,ABIERTA,MONOLINGUE,SIN JORNADA,SEMIPRESENCIAL (UN DÍA A LA SEMANA),PETÉN
17-03-0146-46,17-003,PETEN,SAN BENITO,CENTRO EDUCACINAL DE CIENCIAS CONTABLES. CECCON,BARRIO LA ERMITA,3127247,DEYLIN ANTONIO ALVAREZ ALDANA,MIGUEL ANGEL GÓNGORA PINELO,DIVERSIFICADO,PRIVADO,URBANA,ABIERTA,MONOLINGUE,DOBLE,FIN DE SEMANA,PETÉN
17-03-2832-46,17-030,PETEN,SAN BENITO,LICEO PALERMO,16 CALLE 5-62 ZONA 1,79262965,RODOLFO MEDINA,MANUEL TRINIDAD BURGOS,DIVERSIFICADO,PRIVADO,URBANA,ABIERTA,MONOLINGUE,VESPERTINA,DIARIO(REGULAR),PETÉN
17-03-2834-46,17-030,PETEN,SAN BENITO,LICEO PALERMO,16 CALLE 7-50 ZONA 1,79262965,RODOLFO MEDINA,MANUEL TRINIDAD BURGOS,DIVERSIFICADO,PRIVADO,URBANA,ABIERTA,MONOLINGUE,DOBLE,FIN DE SEMANA,PETÉN
17-03-2837-46,17-030,PETEN,SAN BENITO,CENTRO EDUCACIONAL DE CIENCIAS CONTABLES CECCON,2A. AVE. 5-33 ZONA 1,79252567,RODOLFO MEDINA,MIGUEL ANGEL GÓNGORA PINELO,DIVERSIFICADO,PRIVADO,URBANA,ABIERTA,MONOLINGUE,VESPERTINA,DIARIO(REGULAR),PETÉN
17-03-3832-46,17-003,PETEN,SAN BENITO,CENTRO EDUCACIONAL DE CIENCIAS CONTABLES CECCON,BARRIO LA ERMITA,79262567,DEYLIN ANTONIO ALVAREZ ALDANA,MIGUEL ANGEL GÓNGORA PINELO,DIVERSIFICADO,PRIVADO,URBANA,ABIERTA,MONOLINGUE,MATUTINA,DIARIO(REGULAR),PETÉN
17-03-3992-46,17-003,PETEN,SAN BENITO,"CENTRO EDUCATIVO CRISTIANO CON ORIENTACION UNIVERSITARIA ""EL SHADDAI""",BARRIO EL PORVENIR 5 CALLE Y 2AV.,79263476,DEYLIN ANTONIO ALVAREZ ALDANA,CASTA TANAIRI MORE FLORES,DIVERSIFICADO,PRIVADO,URBANA,ABIERTA,MONOLINGUE,MATUTINA,DIARIO(REGULAR),PETÉN
17-03-3996-46,17-003,PETEN,SAN BENITO,CENTRO EDUCATIVO POR MADUREZ PROFA. MILDRED GUADALUPE AGUILAR MELENDEZ CEPMMA,BARRIO 3 DE ABRIL,36850553,DEYLIN ANTONIO ALVAREZ ALDANA,CARLOS ERWIN MIS REQUENA,DIVERSIFICADO,PRIVADO,URBANA,ABIERTA,MONOLINGUE,DOBLE,FIN DE SEMANA,PETÉN
17-03-4111-46,17-003,PETEN,SAN BENITO,CENTRO EDUCATIVO CRISTIANO CON ORIENTACION UNIVERSITARIA EL SHADDAI,BARRIO EL PORVENIR SAN BENITO,79263476,DEYLIN ANTONIO ALVAREZ ALDANA,DAYSI FABIOLA LOPEZ SARCEÑO,DIVERSIFICADO,PRIVADO,RURAL,ABIERTA,MONOLINGUE,VESPERTINA,DIARIO(REGULAR),PETÉN
17-03-4112-46,17-003,PETEN,SAN BENITO,CENTRO EDUCATIVO CRISTIANO CON ORIENTACION UNIVERSITARIA EL SHADDAI,BARRIO EL PORVENIR SAN BENITO,79263476,DEYLIN ANTONIO ALVAREZ ALDANA,HUSWER LANDREWS SARCEÑO MARTINEZ,DIVERSIFICADO,PRIVADO,RURAL,ABIERTA,MONOLINGUE,DOBLE,FIN DE SEMANA,PETÉN
17-03-4113-46,17-003,PETEN,SAN BENITO,CENTRO EDUCACIONAL DE CIENCIAS CONTABLES CECCON,"3A. AVENIDA 5-38 ZONA 1 BARRIO LA ERMITA SAN BENITO, PETEN",78425778,DEYLIN ANTONIO ALVAREZ ALDANA,MIGUEL ANGEL GÓNGORA PINELO,DIVERSIFICADO,PRIVADO,URBANA,ABIERTA,MONOLINGUE,DOBLE,FIN DE SEMANA,PETÉN
17-04-0002-46,17-004,PETEN,SAN ANDRES,INSTITUTO DE EDUCACION DIVERSIFICADO POR COOPERATIVA,ALDEA SACPUY,40080043,CARLOS MANUEL TESUCUN QUETZAL,NOE AROLDO QUIXCHAN MORALES,DIVERSIFICADO,COOPERATIVA,RURAL,ABIERTA,MONOLINGUE,VESPERTINA,DIARIO(REGULAR),PETÉN
17-04-0099-46,17-002,PETEN,SAN ANDRES,CENTRO EDUCATIVO DE FORMACION INTEGRAL- CEFI-,CASERIO CRUCE DOS AGUADAS,46837126,LILIA SAUDITA SUNTECUN CHAN,WILMER ACUÑA ALVARADO,DIVERSIFICADO,PRIVADO,RURAL,ABIERTA,MONOLINGUE,DOBLE,FIN DE SEMANA,PETÉN
17-04-0103-46,17-004,PETEN,SAN ANDRES,"COLEGIO ""LIDERES DEL MAÑANA""",BARRIO COROZAL SACPUY,31807694,CARLOS MANUEL TESUCUN QUETZAL,EDUARDO LEMUS CUNIL,DIVERSIFICADO,PRIVADO,RURAL,ABIERTA,MONOLINGUE,DOBLE,FIN DE SEMANA,PETÉN
17-04-0104-46,17-004,PETEN,SAN ANDRES,INSTITUTO DE EDUCACIÓN DIVERSIFICADA,BARRIO NORTE,48570172,CARLOS MANUEL TESUCUN QUETZAL,ONELIA ROSSIVEL CHOC MORALES,DIVERSIFICADO,PRIVADO,URBANA,ABIERTA,MONOLINGUE,VESPERTINA,DIARIO(REGULAR),PETÉN
17-04-0112-46,17-004,PETEN,SAN ANDRES,CENTRO EDUCATIVO LIDERES DEL MAÑANA,BARRIO COROZAL ALDEA SACPUY,53585684,CARLOS MANUEL TESUCUN QUETZAL,GEORGINA ELENA PANTY CANO,DIVERSIFICADO,PRIVADO,RURAL,ABIERTA,MONOLINGUE,DOBLE,FIN DE SEMANA,PETÉN
17-04-0116-46,17-002,PETEN,SAN ANDRES,INSTITUTO DE EDUCACION DIVERSIFICADA,CASERIO CRUCE DOS AGUADAS,57336718,LILIA SAUDITA SUNTECUN CHAN,MARVIN JOEL BA CHUB,DIVERSIFICADO,PRIVADO,RURAL,ABIERTA,MONOLINGUE,VESPERTINA,DIARIO(REGULAR),PETÉN
17-04-0117-46,17-004,PETEN,SAN ANDRES,LICEO SACPUY -LISAC-,"BARRIO EL CENTRO, ALDEA SACPUY SAN ANDRÉS",31193946,CARLOS MANUEL TESUCUN QUETZAL,WALKIRIA BERSABIT RAMOS PANTÍ,DIVERSIFICADO,PRIVADO,RURAL,ABIERTA,MONOLINGUE,SIN JORNADA,SEMIPRESENCIAL (UN DÍA A LA SEMANA),PETÉN
17-04-0119-46,17-002,PETEN,SAN ANDRES,CENTRO EDUCATIVO DE FORMACION INTEGRAL-CEFI-,CASERIO CRUCE DOS AGUADAS,58180976,LILIA SAUDITA SUNTECUN CHAN,WILMER ACUÑA ALVARADO,DIVERSIFICADO,PRIVADO,RURAL,ABIERTA,MONOLINGUE,SIN JORNADA,SEMIPRESENCIAL (UN DÍA A LA SEMANA),PETÉN
17-04-0122-46,17-004,PETEN,SAN ANDRES,LICEO SACPUY- LISAC-,BARRIO EL CENTRO ALDEA SACPUY SAN ANDRÉS,31193946,CARLOS MANUEL TESUCUN QUETZAL,WALKIRIA BERSABIT RAMOS PANTÍ,DIVERSIFICADO,PRIVADO,RURAL,ABIERTA,MONOLINGUE,DOBLE,FIN DE SEMANA,PETÉN
17-04-0124-46,17-004,PETEN,SAN ANDRES,COLEGIO TECNOLOGICO NUEVA GENERACION,ALDEA SACPUY,53585684,CARLOS MANUEL TESUCUN QUETZAL,AURIA ADILENE VANEGAS QUETZAL,DIVERSIFICADO,PRIVADO,RURAL,ABIERTA,MONOLINGUE,DOBLE,FIN DE SEMANA,PETÉN
17-04-3953-46,17-004,PETEN,SAN ANDRES,LICEO SACPUY -LISAC-,"BARRIO EL CENTRO, ALDEA SACPUY SAN ANDRÉS",31193946-46843572,CARLOS MANUEL TESUCUN QUETZAL,SELVIN ESAU MIGUEL RAMIREZ,DIVERSIFICADO,PRIVADO,RURAL,ABIERTA,MONOLINGUE,MATUTINA,DIARIO(REGULAR),PETÉN
17-05-0167-46,17-007,PETEN,LA LIBERTAD,INSTITUTO NACIONAL DE EDUCACION DIVERSIFICADA,ALDEA EL NARANJO,,ARIEL ESAU PELAEZ,ELMER URISER GREGORIO MONROY,DIVERSIFICADO,OFICIAL,RURAL,ABIERTA,MONOLINGUE,MATUTINA,DIARIO(REGULAR),PETÉN
17-05-0168-46,17-029,PETEN,LA LIBERTAD,INSTITUTO NACIONAL DE EDUCACION DIVERSIFICADA,NUEVA LOTIFICACION,41855731,WILBER NERY KILKAN ROSADO,HELLY ARLENE KILKÁN ROSADO,DIVERSIFICADO,OFICIAL,RURAL,ABIERTA,MONOLINGUE,VESPERTINA,DIARIO(REGULAR),PETÉN
17-05-0186-46,17-007,PETEN,LA LIBERTAD,"COLEGIO PRIVADO MIXTO ""MAYEN""","CASERIO NUEVO EDEN, LA LIBERTAD, PETÉN",30405807,ARIEL ESAU PELAEZ,MARTHA BEATRIZ MAYEN GALLARDO,DIVERSIFICADO,PRIVADO,RURAL,ABIERTA,MONOLINGUE,DOBLE,FIN DE SEMANA,PETÉN
17-05-0198-46,17-029,PETEN,LA LIBERTAD,ESCUELA NORMAL CENTRAL,BARRIO EL CENTRO LA LIBERTAD,46721701,WILBER NERY KILKAN ROSADO,ALMA AZUCENA PINELO ORTIZ,DIVERSIFICADO,PRIVADO,URBANA,ABIERTA,MONOLINGUE,VESPERTINA,DIARIO(REGULAR),PETÉN
17-05-0199-46,17-029,PETEN,LA LIBERTAD,"COLEGIO PRIVADO MIXTO, ""EL PLANTEL""",CASERIO EL PLANTEL LA LIBERTAD,41580455,WILBER NERY KILKAN ROSADO,RODOLFO AUGUSTO HERNÁNDEZ MUNGUÍA,DIVERSIFICADO,PRIVADO,RURAL,ABIERTA,MONOLINGUE,DOBLE,FIN DE SEMANA,PETÉN
17-05-0200-46,17-007,PETEN,LA LIBERTAD,"CENTRO EDUCATIVO INTEGRAL, ""FAGIOLI""","BARRIO EL CENTRO, ALDEA EL NARANJO",57816239,ARIEL ESAU PELAEZ,ASMAVET EDGAR DE LEÓN YOC,DIVERSIFICADO,PRIVADO,RURAL,ABIERTA,MONOLINGUE,DOBLE,FIN DE SEMANA,PETÉN
17-05-0211-46,17-007,PETEN,LA LIBERTAD,"""CENTRO DE EDUCACION INTEGRAL EL NARANJO""",ALDEA EL NARANJO,57283598,ARIEL ESAU PELAEZ,MIRIÁN VIRGINIA MARTÍNEZ CANTÉ,DIVERSIFICADO,PRIVADO,RURAL,ABIERTA,MONOLINGUE,VESPERTINA,DIARIO(REGULAR),PETÉN
17-05-0216-46,17-029,PETEN,LA LIBERTAD,COLEGIO SANTA CRUZ,"BARRIO SANTA CRUZ,LA LIBERTAD PETEN",79243704,WILBER NERY KILKAN ROSADO,MARTÍN RAMÍREZ SILVESTRE,DIVERSIFICADO,PRIVADO,RURAL,ABIERTA,MONOLINGUE,VESPERTINA,DIARIO(REGULAR),PETÉN
17-05-0217-46,17-007,PETEN,LA LIBERTAD,"CENTRO EDUCATIVO INTEGRAL ""FAGIOLI""","BARRIO EL CENTRO, ALDEA EL NARANJO",57816239,ARIEL ESAU PELAEZ,ASMAVET EDGAR DE LEÓN YOC,DIVERSIFICADO,PRIVADO,RURAL,ABIERTA,MONOLINGUE,VESPERTINA,DIARIO(REGULAR),PETÉN
17-05-0223-46,17-007,PETEN,LA LIBERTAD,COLEGIO MIXTO BILINGUE BRITANNIA,ALDEA EL NARANJO,58922188,ARIEL ESAU PELAEZ,LIDIA MAGALY DE PAZ REYES,DIVERSIFICADO,PRIVADO,RURAL,ABIERTA,MONOLINGUE,VESPERTINA,DIARIO(REGULAR),PETÉN
17-05-0224-46,17-007,PETEN,LA LIBERTAD,"COLEGIO PRIVADO MIXTO ""MAYEN""","CASERIO NUEVO EDEN, LA LIBERTAD, PETÉN",30405807,ARIEL ESAU PELAEZ,MARTHA BEATRIZ MAYEN GALLARDO,DIVERSIFICADO,PRIVADO,RURAL,ABIERTA,MONOLINGUE,VESPERTINA,DIARIO(REGULAR),PETÉN
17-05-0232-46,17-029,PETEN,LA LIBERTAD,LICEO MIXTO MODERNO SANTA FE,BARRIO EL CENTRO,55705962,WILBER NERY KILKAN ROSADO,DELMY GABRIELA LUNA SIERRA,DIVERSIFICADO,PRIVADO,URBANA,ABIERTA,MONOLINGUE,VESPERTINA,DIARIO(REGULAR),PETÉN
17-05-0234-46,17-029,PETEN,LA LIBERTAD,LICEO MIXTO MODERNO SANTA FE,BARRIO EL CENTRO,45309965,WILBER NERY KILKAN ROSADO,DELMY GABRIELA LUNA SIERRA,DIVERSIFICADO,PRIVADO,URBANA,ABIERTA,MONOLINGUE,VESPERTINA,DIARIO(REGULAR),PETÉN
17-05-0238-46,17-029,PETEN,LA LIBERTAD,"LICEO INTEGRAL CIENCIA Y VERDAD ""CIEV""",BARRIO EL ESTADIO,31697436,WILBER NERY KILKAN ROSADO,CESIA EUNICE MAGALLÓN MARROQUÍN,DIVERSIFICADO,PRIVADO,URBANA,ABIERTA,MONOLINGUE,VESPERTINA,DIARIO(REGULAR),PETÉN
17-05-0249-46,17-006,PETEN,LA LIBERTAD,"COLEGIO MIXTO PRIVADO ""MARTHA MARÍA""","CASERIO NUEVA VISTA HERMOSA, KILOMETRO 35",45734290,ROERICO DE LA CRUZ ICAL,JUAN ANTONIO LEMUS LÓPEZ,DIVERSIFICADO,PRIVADO,RURAL,ABIERTA,MONOLINGUE,VESPERTINA,DIARIO(REGULAR),PETÉN
17-05-0250-46,17-007,PETEN,LA LIBERTAD,COLEGIO MIXTO BILINGUE BRITANNIA,BARRIO ONCE DE NOVIEMBRE ALDEA EL NARANJO,58922188,ARIEL ESAU PELAEZ,LIDIA MAGALY DE PAZ REYES,DIVERSIFICADO,PRIVADO,RURAL,ABIERTA,MONOLINGUE,DOBLE,FIN DE SEMANA,PETÉN
17-05-0257-46,17-008,PETEN,LA LIBERTAD,COLEGIO MIXTO DE EDUCACIÓN MEDIA -CMEM- EL INNOVADOR,"CASERIO GUATELINDA SAN DIEGO, LA LIBERTAD, PETÉN",50060406,MARTIR FABIÁN MANGANDID,JOSUÉ LUDIM ESCOBAR INTERIANO,DIVERSIFICADO,PRIVADO,RURAL,ABIERTA,MONOLINGUE,VESPERTINA,DIARIO(REGULAR),PETÉN
17-05-0258-46,17-007,PETEN,LA LIBERTAD,"COLEGIO MIXTO BILIGUE ""BRITANNIA""",ALDEA EL NARANJO,51617598,ARIEL ESAU PELAEZ,LIDIA MAGALY DE PAZ REYES,DIVERSIFICADO,PRIVADO,RURAL,ABIERTA,MONOLINGUE,DOBLE,FIN DE SEMANA,PETÉN
17-05-0260-46,17-007,PETEN,LA LIBERTAD,"""CENTRO DE EDUCACION INTEGRAL EL NARANJO""",ALDEA EL NARANJO,57283598,ARIEL ESAU PELAEZ,MIRIÁN VIRGINIA MARTÍNEZ CANTÉ,DIVERSIFICADO,PRIVADO,RURAL,ABIERTA,BILINGUE,DOBLE,FIN DE SEMANA,PETÉN
17-05-0261-46,17-006,PETEN,LA LIBERTAD,INSTITUTO MIXTO DE EDUCACION BILINGUE INTERCUL,BARRIO SANTA CRUZ,30989090,ROERICO DE LA CRUZ ICAL,MARTÍN RAMÍREZ SILVESTRE,DIVERSIFICADO,PRIVADO,RURAL,ABIERTA,MONOLINGUE,VESPERTINA,DIARIO(REGULAR),PETÉN
17-05-0271-46,17-047,PETEN,LA LIBERTAD,"COLEGIO MIXTO PRIBADO ""A RABI BASAJ""(JESUCRISTO VIVE POR SIEMPRE)",CASERIO EL CEIBO,45031691,VILMA ARACELY GARCIA CRISOSTOMO,CLADIA ELIZABETH POCO OCHAETA,DIVERSIFICADO,PRIVADO,RURAL,ABIERTA,MONOLINGUE,VESPERTINA,DIARIO(REGULAR),PETÉN
17-05-0280-46,17-008,PETEN,LA LIBERTAD,"CENTRO EDUCATIVO ""MIGUEL ANGEL FLORIAN""",BARRIO EL CENTRO CASERIO LAS RUINAS,49480844,MARTIR FABIÁN MANGANDID,LESLY YOLITA FLORIAN ZUÑIGA,DIVERSIFICADO,PRIVADO,RURAL,ABIERTA,MONOLINGUE,VESPERTINA,DIARIO(REGULAR),PETÉN
17-05-0298-46,17-008,PETEN,LA LIBERTAD,INSTITUTO NACIONAL DE EDUCACIÓN DIVERSIFICADA- INED-,CASERIO LAS RUINAS,33254332,MARTIR FABIÁN MANGANDID,ADA VIZOLINA PÉREZ MORALES,DIVERSIFICADO,OFICIAL,RURAL,ABIERTA,MONOLINGUE,VESPERTINA,DIARIO(REGULAR),PETÉN
17-05-0299-46,17-008,PETEN,LA LIBERTAD,"COLEGIO DE EDUCACION INTEGRAL CON ORIENTACION UNIVERSITARIA, ""EL PODER DEL SABER""","CASERIO GUATELINDA SAN DIEGO LA LIBERTAD, PETEN",57564332,MARTIR FABIÁN MANGANDID,WILIAN UVALDO MÉRIDA MUY,DIVERSIFICADO,PRIVADO,RURAL,ABIERTA,MONOLINGUE,DOBLE,FIN DE SEMANA,PETÉN
17-05-0301-46,17-008,PETEN,LA LIBERTAD,"COLEGIO MIXTO DE EDUCACIÓN MEDIA -CMEM- ""EL INNOVADOR""",GUATELINDA SAN DIEGO,50060406,MARTIR FABIÁN MANGANDID,JOSUÉ LUDIM ESCOBAR INTERIANO,DIVERSIFICADO,PRIVADO,RURAL,ABIERTA,MONOLINGUE,DOBLE,FIN DE SEMANA,PETÉN
17-05-0305-46,17-006,PETEN,LA LIBERTAD,ESCUELA NORMAL CON ORIENTACION AMBIENTAL,BARRIO EL CENTRO,45734290,ROERICO DE LA CRUZ ICAL,CARLOS ALEJANDRO DURÁN RAMÍREZ,DIVERSIFICADO,PRIVADO,URBANA,ABIERTA,MONOLINGUE,DOBLE,FIN DE SEMANA,PETÉN
17-05-0308-46,17-007,PETEN,LA LIBERTAD,"CENTRO EDUCATIVO ""SAN PEDRO"", FE Y ALEGRÍA, NO. 37.",ALDEA EL NARANJO,42105736,ARIEL ESAU PELAEZ,RAQUEL MILIÁN Y MILIÁN,DIVERSIFICADO,PRIVADO,RURAL,ABIERTA,MONOLINGUE,MATUTINA,DIARIO(REGULAR),PETÉN
17-05-0309-46,17-007,PETEN,LA LIBERTAD,CENTRO EDUCATIVO SAN PEDRO FE Y ALEGRIA NO.41,"CASERIO LAGUNITAS, LA LIBERTAD, PETEN",59514752,ARIEL ESAU PELAEZ,EVELIA FLORIDALMA MILIÁN Y MILIÁN,DIVERSIFICADO,PRIVADO,RURAL,ABIERTA,MONOLINGUE,VESPERTINA,DIARIO(REGULAR),PETÉN
17-05-0310-46,17-029,PETEN,LA LIBERTAD,INSTITUTO INDIGENA PARA EL DESARROLLO RURAL INTEGRAL INDRI,CANTON CRUCE LA ESPERANZA,51510194,WILBER NERY KILKAN ROSADO,ALICIA ISABEL COOCH BÁ,DIVERSIFICADO,PRIVADO,RURAL,ABIERTA,BILINGUE,DOBLE,DIARIO(REGULAR),PETÉN
17-05-0319-46,17-007,PETEN,LA LIBERTAD,"""CENTRO DE EDUCACION INTEGRAL EL NARANJO""",ALDEA EL NARANJO,53663885,ARIEL ESAU PELAEZ,MIRIÁN VIRGINIA MARTÍNEZ CANTÉ,DIVERSIFICADO,PRIVADO,RURAL,ABIERTA,MONOLINGUE,MATUTINA,DIARIO(REGULAR),PETÉN
17-05-0321-46,17-006,PETEN,LA LIBERTAD,CENTRO EDUCATIVO GUADALUPANO,BARRIO EL CENTRO,30366955,ROERICO DE LA CRUZ ICAL,HENRY ROLANDO MATUS SÁNCHEZ,DIVERSIFICADO,PRIVADO,URBANA,ABIERTA,MONOLINGUE,DOBLE,FIN DE SEMANA,PETÉN
17-05-0326-46,17-008,PETEN,LA LIBERTAD,COLEGIO DE EDUCACION INTEGRAL CON ORIENTACION UNIVERSITARIA EL PODER DEL SABER,ALDEA GUATELINDA SAN DIEGO,57264881,MARTIR FABIÁN MANGANDID,WILIAN UVALDO MÉRIDA MUY,DIVERSIFICADO,PRIVADO,RURAL,ABIERTA,MONOLINGUE,SIN JORNADA,FIN DE SEMANA,PETÉN
17-05-0330-46,17-029,PETEN,LA LIBERTAD,COLEGIO SANTA CRUZ,"BARRIO SANTA CRUZ, LA LIBERTAD, PETEN",53407688,WILBER NERY KILKAN ROSADO,MARTÍN RAMÍREZ SILVESTRE,DIVERSIFICADO,PRIVADO,URBANA,ABIERTA,MONOLINGUE,SIN JORNADA,SEMIPRESENCIAL (UN DÍA A LA SEMANA),PETÉN
17-05-0332-46,17-007,PETEN,LA LIBERTAD,INSTITUTO NACIONAL DE EDUCACION DIVERSIFICADA INED,CASERIO POZO AZUL,55841567,ARIEL ESAU PELAEZ,EDRAS DONALDO PORTILLO GÓMEZ,DIVERSIFICADO,OFICIAL,RURAL,ABIERTA,MONOLINGUE,VESPERTINA,DIARIO(REGULAR),PETÉN
17-05-0333-46,17-007,PETEN,LA LIBERTAD,CENTRO EDUCATIVO INTEGRAL FAGIOLI,"BARRIO EL CENTRO, ALDEA EL NARANJO LA LIBERTAD, PETÉN",57816239,ARIEL ESAU PELAEZ,ASMAVET EDGAR DE LEÓN YOC,DIVERSIFICADO,PRIVADO,RURAL,ABIERTA,MONOLINGUE,SIN JORNADA,SEMIPRESENCIAL (FIN DE SEMANA),PETÉN
17-05-0335-46,17-007,PETEN,LA LIBERTAD,"""CENTRO DE EDUCACION INTEGRAL EL NARANJO""",ALDEA EL NARANJO,53663885,ARIEL ESAU PELAEZ,MIRIÁN VIRGINIA MARTÍNEZ CANTÉ,DIVERSIFICADO,PRIVADO,RURAL,ABIERTA,MONOLINGUE,SIN JORNADA,SEMIPRESENCIAL (UN DÍA A LA SEMANA),PETÉN
17-05-0337-46,17-029,PETEN,LA LIBERTAD,ESCUELA NORMAL CON ORIENTACION AMBIENTAL-ENCA-,BARRIIO EL CENTRO,45734290,WILBER NERY KILKAN ROSADO,CARLOS ALEJANDRO DURÁN RAMÍREZ,DIVERSIFICADO,PRIVADO,URBANA,ABIERTA,MONOLINGUE,SIN JORNADA,SEMIPRESENCIAL (UN DÍA A LA SEMANA),PETÉN
17-05-0340-46,17-006,PETEN,LA LIBERTAD,CENTRO EDUCATIVO GUADALUPANO,"BARRIO EL ,CENTRO",30366955,ROERICO DE LA CRUZ ICAL,HENRY ROLANDO MATUS SÁNCHEZ,DIVERSIFICADO,PRIVADO,URBANA,ABIERTA,MONOLINGUE,SIN JORNADA,SEMIPRESENCIAL (UN DÍA A LA SEMANA),PETÉN
17-05-0342-46,17-008,PETEN,LA LIBERTAD,COLEGIO MIXTO DE EDUCACION MEDIA -CMEM- EL INNOVADOR,"CASERIO GUATELINDA SAN DIEGO, LA LIBERTAD",50060406,MARTIR FABIÁN MANGANDID,JOSUÉ LUDIM ESCOBAR INTERIANO,DIVERSIFICADO,PRIVADO,RURAL,ABIERTA,MONOLINGUE,SIN JORNADA,SEMIPRESENCIAL (UN DÍA A LA SEMANA),PETÉN
17-05-0343-46,17-007,PETEN,LA LIBERTAD,"CENTRO EDUCATIVO ""FE Y ALEGRIA"" NO.37.",ALDEA EL NARANJO,42105736,ARIEL ESAU PELAEZ,RAQUEL MILIÁN Y MILIÁN,DIVERSIFICADO,PRIVADO,RURAL,ABIERTA,MONOLINGUE,DOBLE,SEMIPRESENCIAL,PETÉN
17-05-0355-46,17-008,PETEN,LA LIBERTAD,"COLEGO MIXTO DE EDUCACION MEDIA ""EL INNOVADOR""",CASERIO GUATELINDA SAN DIEGO,30319006,MARTIR FABIÁN MANGANDID,JOSUÉ LUDIM ESCOBAR INTERIANO,DIVERSIFICADO,PRIVADO,RURAL,ABIERTA,MONOLINGUE,DOBLE,FIN DE SEMANA,PETÉN
17-05-3658-46,17-029,PETEN,LA LIBERTAD,ESCUELA NORMAL CON ORIENTACION AMBIENTAL,"BARRIO EL CENTRO LA LIBERTAD, PETÉN",45734290,WILBER NERY KILKAN ROSADO,CARLOS ALEJANDRO DURÁN RAMÍREZ,DIVERSIFICADO,PRIVADO,URBANA,ABIERTA,MONOLINGUE,VESPERTINA,DIARIO(REGULAR),PETÉN
17-05-4008-46,17-029,PETEN,LA LIBERTAD,INSTITUTO TECNOLOGICO EN RECURSOS NATURALES SAKLUM,"CABECERA MUNICIPAL, LA LIBERTAD, PETEN",49802646,WILBER NERY KILKAN ROSADO,AMALIA POOB CHOC,DIVERSIFICADO,PRIVADO,RURAL,ABIERTA,MONOLINGUE,DOBLE,DIARIO(REGULAR),PETÉN
17-05-4057-46,17-029,PETEN,LA LIBERTAD,COLEGIO SANTA CRUZ,BARRIO SANTA CRUZ,79243704,WILBER NERY KILKAN ROSADO,MARTÍN RAMÍREZ SILVESTRE,DIVERSIFICADO,PRIVADO,RURAL,ABIERTA,MONOLINGUE,DOBLE,FIN DE SEMANA,PETÉN
17-06-0023-46,17-009,PETEN,SAN FRANCISCO,INSTITUTO NACIONAL DE EDUCACION DIVERSIFICADA,"BARRIO SAN RAFAEL, SAN FRANCISCO PETEN",48142576,ALVIS ORLANDO CORADO CARRILLO,MIRNA LORENA RAMÍREZ TORRES,DIVERSIFICADO,OFICIAL,URBANA,ABIERTA,MONOLINGUE,VESPERTINA,DIARIO(REGULAR),PETÉN
17-06-0031-46,17-009,PETEN,SAN FRANCISCO,INSTITUTO DIVERSIFICADO POR COOPERATIVA DE ENSEÑANZA,"BARRIO SAN RAFAEL, SAN FRANCISCO PETEN",48142576,ALVIS ORLANDO CORADO CARRILLO,MIRNA LORENA RAMÍREZ TORRES,DIVERSIFICADO,COOPERATIVA,URBANA,ABIERTA,MONOLINGUE,VESPERTINA,DIARIO(REGULAR),PETÉN
17-06-0033-46,17-009,PETEN,SAN FRANCISCO,"CENTRO EDUCATIVO ""MAYAB""",3RA.CALLE 10 AVENIDA ESQUINA ZONA 1 SAN FRANCISCO PETEN,79274545,ALVIS ORLANDO CORADO CARRILLO,ROYNALD ALEXANDER TRUJILLO MENÉNDEZ,DIVERSIFICADO,PRIVADO,URBANA,ABIERTA,MONOLINGUE,VESPERTINA,DIARIO(REGULAR),PETÉN
17-06-0037-46,17-009,PETEN,SAN FRANCISCO,INSTITUTO TÉCNICO DE CAPACITACIÓN Y PRODUCTIVIDAD -INTECAP-,"KM. 477 CASERÍO SANTA CRUZ SAN FRANCISCO, PETÉN",77402100,ALVIS ORLANDO CORADO CARRILLO,THELMA MARÍA PECHE TESUCÚN,DIVERSIFICADO,PRIVADO,RURAL,ABIERTA,MONOLINGUE,DOBLE,DIARIO(REGULAR),PETÉN
17-06-0040-46,17-009,PETEN,SAN FRANCISCO,INSTITUTO TÉCNICO MUNICIPAL DE FORMACIÓN,"BARRIO SAN RAFAEL, SAN FRANCISCO PETEN",33956152,ALVIS ORLANDO CORADO CARRILLO,JUAN ALBERTO SANTOS LÁZARO,DIVERSIFICADO,PRIVADO,URBANA,ABIERTA,MONOLINGUE,SIN JORNADA,SEMIPRESENCIAL (UN DÍA A LA SEMANA),PETÉN
17-06-0121-46,17-009,PETEN,SAN FRANCISCO,"INSTITUTO NACIONAL DIVERSIFICADO DE BACHILLERATO INDUSTRIAL ""LIC. RODERICO SANTOS SEGURA TRUJILLO""",BARRIO CONCORDIA,79274363,ALVIS ORLANDO CORADO CARRILLO,JOSÉ JOEL LÓPEZ ALAY,DIVERSIFICADO,OFICIAL,URBANA,ABIERTA,MONOLINGUE,VESPERTINA,DIARIO(REGULAR),PETÉN
17-07-0010-46,17-011,PETEN,SANTA ANA,INSTITUTO NACIONAL DE EDUCACION DIVERSIFICADA,ALDEA LOS ANGELES,45936536,GUSTAVO ADOLFO REYNOSO HERRERA,JERONIMO PRERA HERNANDEZ,DIVERSIFICADO,OFICIAL,RURAL,ABIERTA,MONOLINGUE,MATUTINA,DIARIO(REGULAR),PETÉN
17-07-0037-46,17-011,PETEN,SANTA ANA,"CENTRO EDUCATIVO INTEGRAL ""MANANTIAL DE SABIDURIA-CEIMSA-""","BARRIO EL CENTRO, SANTA ANA, PETEN",40698999,GUSTAVO ADOLFO REYNOSO HERRERA,ASCENCIÓN LÓPEZ HERNÁNDEZ,DIVERSIFICADO,PRIVADO,URBANA,ABIERTA,MONOLINGUE,MATUTINA,DIARIO(REGULAR),PETÉN
17-07-0041-46,17-011,PETEN,SANTA ANA,COLEGIO CRISTIANO ARBOL DE VIDA,ALDEA LOS ANGELES,77923502,GUSTAVO ADOLFO REYNOSO HERRERA,ENMA JUDITH PAZ CRUZ,DIVERSIFICADO,PRIVADO,RURAL,ABIERTA,MONOLINGUE,VESPERTINA,DIARIO(REGULAR),PETÉN
17-07-0043-46,17-011,PETEN,SANTA ANA,LICEO EDUCATIVO SANTA ANA -LICESA-,BARRIO EL CENTRO,32608217,GUSTAVO ADOLFO REYNOSO HERRERA,MARVIN MARCONNY LOPEZ OVANDO,DIVERSIFICADO,PRIVADO,URBANA,ABIERTA,MONOLINGUE,DOBLE,FIN DE SEMANA,PETÉN
17-07-0045-46,17-011,PETEN,SANTA ANA,CENTRO EDUCATIVO INTEGRAL MANANTIAL DE SABIDURIA -CEIMSA-,5A.AV.ZONA 1 BARRIO EL CENTRO,51689548,GUSTAVO ADOLFO REYNOSO HERRERA,WILMER RUÍZ CORADO,DIVERSIFICADO,PRIVADO,URBANA,ABIERTA,MONOLINGUE,DOBLE,FIN DE SEMANA,PETÉN
17-07-0048-46,17-011,PETEN,SANTA ANA,COLEGIO CRISTIANO ARBOL DE VIDA,ALDE LOS ANGELES,77923502,GUSTAVO ADOLFO REYNOSO HERRERA,ENMA JUDITH PAZ CRUZ,DIVERSIFICADO,PRIVADO,RURAL,ABIERTA,BILINGUE,VESPERTINA,DIARIO(REGULAR),PETÉN
17-07-0051-46,17-011,PETEN,SANTA ANA,"CENTRO EDUCATIVO MUNICIPAL ""OR JOJMA""",ALDEA EL MANGO,40010707,GUSTAVO ADOLFO REYNOSO HERRERA,CONCEPCIÓN ORTIZ GARCIA,DIVERSIFICADO,PRIVADO,RURAL,ABIERTA,MONOLINGUE,DOBLE,FIN DE SEMANA,PETÉN
17-07-0057-46,17-011,PETEN,SANTA ANA,"CENTRO EDUCATIVO MUNICIPAL ""OR JOJMA""",ALDEA EL MANGO,40010707,GUSTAVO ADOLFO REYNOSO HERRERA,CONCEPCIÓN ORTIZ GARCIA,DIVERSIFICADO,PRIVADO,RURAL,ABIERTA,MONOLINGUE,SIN JORNADA,SEMIPRESENCIAL (UN DÍA A LA SEMANA),PETÉN
17-07-2205-46,17-011,PETEN,SANTA ANA,"""ESCUELA DE MAGISTERIO""","BARRIO EL CENTRO, SANTA ANA, PETÉN",46329499,GUSTAVO ADOLFO REYNOSO HERRERA,ENHILL SAMUEL OCHAETA CHÁVEZ,DIVERSIFICADO,PRIVADO,URBANA,ABIERTA,MONOLINGUE,VESPERTINA,DIARIO(REGULAR),PETÉN
17-07-3887-46,17-011,PETEN,SANTA ANA,"INSTITUTO MUNICIPAL DE EDUCACIÓN DIVERSIFICADA ""SEÑOR CARLOS HUMBERTO GARRIDO CATALÁN""","BARRIO EL CENTRO, SANTA ANA, PETEN",40646888,GUSTAVO ADOLFO REYNOSO HERRERA,LILIAN ARACELY CARDONA CRUZ,DIVERSIFICADO,MUNICIPAL,URBANA,ABIERTA,MONOLINGUE,MATUTINA,DIARIO(REGULAR),PETÉN
17-08-0001-46,17-012,PETEN,DOLORES,"LICEO EDUCATIVO ""ARTE Y CULTURA""",CABECERA MUNICIPAL DE DOLORES,33006381,HÉCTOR DAVID MAYÉN MILIÁN,LISBETH GISSELLA DÁVILA OVANDO,DIVERSIFICADO,PRIVADO,URBANA,ABIERTA,MONOLINGUE,VESPERTINA,DIARIO(REGULAR),PETÉN
17-08-0003-46,17-014,PETEN,DOLORES,COLEGIO MIXTO PRIVADO SAN PEDRO MARTIR DE VERONA,ALDEA CALZADA MOPAN,33331080,MARIO AROLDO GUZMAN ALDANA,MANUEL CRUZ PEDRO,DIVERSIFICADO,PRIVADO,RURAL,ABIERTA,MONOLINGUE,VESPERTINA,DIARIO(REGULAR),PETÉN
17-08-0004-46,17-012,PETEN,DOLORES,"COLEGIO ""IXTANCHÉ""","BARRIO EL CENTRO, DOLORES, PETEN",58251277,HÉCTOR DAVID MAYÉN MILIÁN,OLGA ICAL YAQUE,DIVERSIFICADO,PRIVADO,URBANA,ABIERTA,MONOLINGUE,VESPERTINA,DIARIO(REGULAR),PETÉN
17-08-0072-46,17-012,PETEN,DOLORES,"LICEO EDUCATIVO ""ARTE Y CULTURA""",CABECERA MUNICIPAL DE DOLORES,33006381,HÉCTOR DAVID MAYÉN MILIÁN,LISBETH GISSELLA DÁVILA OVANDO,DIVERSIFICADO,PRIVADO,URBANA,ABIERTA,MONOLINGUE,DOBLE,FIN DE SEMANA,PETÉN
17-08-0088-46,17-014,PETEN,DOLORES,"CENTRO EDUCATIVO ""MOPÁN"" -CEMOP-","ALDEA CALZADA MOPÁN, DOLORES, PETÉN",79277391,MARIO AROLDO GUZMAN ALDANA,DEISY ADALÍ NAJARRO ZUÑIGA,DIVERSIFICADO,PRIVADO,RURAL,ABIERTA,MONOLINGUE,VESPERTINA,DIARIO(REGULAR),PETÉN
17-08-0095-46,17-012,PETEN,DOLORES,COLEGIO MIXTO PRIVADO NUESTRA SEÑORA DE LOS DOLORES,BARRIO EL CENTRO,32620218,HÉCTOR DAVID MAYÉN MILIÁN,ESTUARDO TOMÁS CORZO ALDANA,DIVERSIFICADO,PRIVADO,URBANA,ABIERTA,MONOLINGUE,VESPERTINA,DIARIO(REGULAR),PETÉN
17-08-0098-46,17-012,PETEN,DOLORES,"COLEGIO ""IXTANCHE""","BARRIO EL CENTRO, BARRIO EL CENTRO, DOLORES, PETEN",58251277,HÉCTOR DAVID MAYÉN MILIÁN,OLGA ICAL YAQUE,DIVERSIFICADO,PRIVADO,URBANA,ABIERTA,MONOLINGUE,DOBLE,FIN DE SEMANA,PETÉN
17-08-0105-46,17-012,PETEN,DOLORES,"CENTRO EDUCATIVO ""RABI ANIBAL E. ALVAREZ MORALES""",BARRIO EL MIRADOR,57663555,HÉCTOR DAVID MAYÉN MILIÁN,MARLENY ELIZABETH HERRERA HEREDIA,DIVERSIFICADO,PRIVADO,URBANA,ABIERTA,MONOLINGUE,DOBLE,FIN DE SEMANA,PETÉN
17-08-0108-46,17-014,PETEN,DOLORES,"CENTRO EDUCATIVO ""MOPAN"" -CEMOP-",ALDEA CALZADA MOPAN,49723637,MARIO AROLDO GUZMAN ALDANA,DEISY ADALÍ NAJARRO ZUÑIGA,DIVERSIFICADO,PRIVADO,RURAL,ABIERTA,MONOLINGUE,DOBLE,FIN DE SEMANA,PETÉN
17-08-0111-46,17-014,PETEN,DOLORES,"CENTRO EDUCATIVO ""MOPAN"" -CEMOP-",ALDEA CALZADA MOPAN,49723637,MARIO AROLDO GUZMAN ALDANA,DEISY ADALÍ NAJARRO ZUÑIGA,DIVERSIFICADO,PRIVADO,RURAL,ABIERTA,MONOLINGUE,SIN JORNADA,SEMIPRESENCIAL (UN DÍA A LA SEMANA),PETÉN
17-08-0112-46,17-012,PETEN,DOLORES,"COLEGIO ""IXTANCHÉ""","BARRIO EL CENTRO, MUNICIPIO DE DOLORES, PETEN.",58251277,HÉCTOR DAVID MAYÉN MILIÁN,OLGA ICAL YAQUE,DIVERSIFICADO,PRIVADO,URBANA,ABIERTA,MONOLINGUE,SIN JORNADA,SEMIPRESENCIAL (UN DÍA A LA SEMANA),PETÉN
17-08-0113-46,17-012,PETEN,DOLORES,"CENTRO EDUCATIVO ""RABÍ ANIBAL E. ALVAREZ MORALES""",BARRIO EL MIRADOR,55570117,HÉCTOR DAVID MAYÉN MILIÁN,EVERTH NEFTALÍ QUIXCHÁN RODRÍGUEZ,DIVERSIFICADO,PRIVADO,URBANA,ABIERTA,MONOLINGUE,SIN JORNADA,SEMIPRESENCIAL (UN DÍA A LA SEMANA),PETÉN
17-08-0124-46,17-012,PETEN,DOLORES,INED,BARIO NUEVO DEL CARMEN,48968647,HÉCTOR DAVID MAYÉN MILIÁN,URIEL LÓPEZ GARCÍA,DIVERSIFICADO,OFICIAL,RURAL,ABIERTA,MONOLINGUE,VESPERTINA,DIARIO(REGULAR),PETÉN
17-08-3107-46,17-012,PETEN,DOLORES,LICEO EDUCATIVO ARTE Y CULTURA,BARRIO EL CENTRO,33006381,HÉCTOR DAVID MAYÉN MILIÁN,LISBETH GISSELLA DÁVILA OVANDO,DIVERSIFICADO,PRIVADO,URBANA,ABIERTA,MONOLINGUE,VESPERTINA,DIARIO(REGULAR),PETÉN
17-08-3207-46,17-012,PETEN,DOLORES,"COLEGIO ""SAN MARTIN DE PORRES""",CABECERA MUNICIPAL DE DOLORES,79266095,HÉCTOR DAVID MAYÉN MILIÁN,LOIDA DÁMARIS HOIL BERTRUY,DIVERSIFICADO,PRIVADO,URBANA,ABIERTA,MONOLINGUE,INTERMEDIA,DIARIO(REGULAR),PETÉN
17-09-0002-46,17-016,PETEN,SAN LUIS,"LICEO COMERCIAL ""NUEVA ENSEÑANZA""",BARRIO EL PARAISO,79266780,OCTAVIO LONE GUERRA,EDILSAR DE JESUS PAN BOL,DIVERSIFICADO,PRIVADO,URBANA,ABIERTA,MONOLINGUE,DOBLE,FIN DE SEMANA,PETÉN
17-09-0004-46,17-015,PETEN,SAN LUIS,COLEGIO MIXTO PRIVADO SAN PEDRO MARTIR DE VERONA,BARRIO LA GASOLINERA ALDEA CHACTE,32589750,DAMIAN AC CAHUEC,BERNARDINO MÉNDEZ YAQUE,DIVERSIFICADO,PRIVADO,RURAL,ABIERTA,MONOLINGUE,VESPERTINA,DIARIO(REGULAR),PETÉN
17-09-0005-46,17-016,PETEN,SAN LUIS,INSTITUTO PRIVADO FUENTE DEL SABER,CABECERA MUNICIPAL,40379592,OCTAVIO LONE GUERRA,ROSA MELITZA MOZCOSO VELA,DIVERSIFICADO,PRIVADO,URBANA,ABIERTA,MONOLINGUE,DOBLE,FIN DE SEMANA,PETÉN
17-09-0122-46,17-015,PETEN,SAN LUIS,INSTITUTO NACIONAL DE EDUCACION DIVERSIFICADA,ALDEA CHACTE,38289379,DAMIAN AC CAHUEC,FRANCISCO CUZ CAAL,DIVERSIFICADO,OFICIAL,RURAL,ABIERTA,MONOLINGUE,VESPERTINA,DIARIO(REGULAR),PETÉN
17-09-0144-46,17-010,PETEN,SAN LUIS,INSTITUTO DIVERSIFICADO POR COOPERATIVA ITZAMNA,ALDEA CHINCHILA,46449918,EDWIN HUMBERTO MONTERO ALDANA,ANTONIA LISETH MATEO PÉREZ,DIVERSIFICADO,COOPERATIVA,RURAL,ABIERTA,MONOLINGUE,VESPERTINA,DIARIO(REGULAR),PETÉN
17-09-0156-46,17-016,PETEN,SAN LUIS,COLEGIO MIXTO PRIVADO EBEN EZER,CASERIO CAIN,,OCTAVIO LONE GUERRA,JOSÉ CURIALES BARRERA,DIVERSIFICADO,PRIVADO,RURAL,ABIERTA,MONOLINGUE,DOBLE,FIN DE SEMANA,PETÉN
17-09-0317-46,17-017,PETEN,SAN LUIS,"COLEGIO MIXTO PRIVADO EL HORIZONTE ""COMPEH""",BARRIO EL HORIZONTE ALDEA MACHAQUILAITO,49885420,RENE XUC PACHAM,ELÍAS BOLÓN TUX,DIVERSIFICADO,PRIVADO,RURAL,ABIERTA,MONOLINGUE,VESPERTINA,DIARIO(REGULAR),PETÉN
17-09-0319-46,17-017,PETEN,SAN LUIS,"COLEGIO MIXTO PRIVADO EL HORIZONTE ""COMPEH""",BARRIO EL HORIZONTE ALDEA MACHAQUILAITO,49885420,RENE XUC PACHAM,ELÍAS BOLÓN TUX,DIVERSIFICADO,PRIVADO,RURAL,ABIERTA,MONOLINGUE,DOBLE,FIN DE SEMANA,PETÉN
17-09-0322-46,17-015,PETEN,SAN LUIS,COLEGIO MIXTO PRIVADO SAN PEDRO MARTIR DE VERONA,ALDEA CHACTE,49006414,DAMIAN AC CAHUEC,BERNARDINO MÉNDEZ YAQUE,DIVERSIFICADO,PRIVADO,RURAL,ABIERTA,MONOLINGUE,DOBLE,FIN DE SEMANA,PETÉN
17-09-0327-46,17-016,PETEN,SAN LUIS,COLEGIO MIXTO PRIVADO SAN LUIS,BARRIO VISTA HERMOSA,42772186,OCTAVIO LONE GUERRA,AIDA ARELY SALAZAR BERNAL,DIVERSIFICADO,PRIVADO,URBANA,ABIERTA,MONOLINGUE,SIN JORNADA,SEMIPRESENCIAL (UN DÍA A LA SEMANA),PETÉN
17-09-0329-46,17-016,PETEN,SAN LUIS,INSTITUTO PRIVADO FUENTE DEL SABER,BARRIO TIKAJAL,40379492,OCTAVIO LONE GUERRA,ROSA MELITZA MOZCOSO VELA,DIVERSIFICADO,PRIVADO,URBANA,ABIERTA,MONOLINGUE,SIN JORNADA,SEMIPRESENCIAL (UN DÍA A LA SEMANA),PETÉN
17-09-0331-46,17-016,PETEN,SAN LUIS,INSTITUTO PRIVADO FUENTE DEL SABER,BARRIO TIKAJAL,40379592,OCTAVIO LONE GUERRA,ROSA MELITZA MOZCOSO VELA,DIVERSIFICADO,PRIVADO,URBANA,ABIERTA,MONOLINGUE,DOBLE,FIN DE SEMANA,PETÉN
17-09-0332-46,17-017,PETEN,SAN LUIS,COLEGIO MIXTO PRIVADO EL HORIZONTE-COMPEH-,BARRIO EL HORIZONTE ALDEA MACHAQUILAITO,49885420,RENE XUC PACHAM,ELÍAS BOLÓN TUX,DIVERSIFICADO,PRIVADO,RURAL,ABIERTA,MONOLINGUE,SIN JORNADA,SEMIPRESENCIAL (UN DÍA A LA SEMANA),PETÉN
17-09-0333-46,17-016,PETEN,SAN LUIS,LICEO COMERCIAL NUEVA ENSEÑANZA,BARRIO EL PARAISO,79267780,OCTAVIO LONE GUERRA,EDILSAR DE JESUS PAN BOL,DIVERSIFICADO,PRIVADO,URBANA,ABIERTA,MONOLINGUE,SIN JORNADA,SEMIPRESENCIAL (UN DÍA A LA SEMANA),PETÉN
17-09-2453-46,17-016,PETEN,SAN LUIS,LICEO COMERCIAL NUEVA ENSEÑANZA,BARRIO EL PARAISO,79266780,OCTAVIO LONE GUERRA,SABRINA MARISOL COY CHUB,DIVERSIFICADO,PRIVADO,URBANA,ABIERTA,MONOLINGUE,MATUTINA,DIARIO(REGULAR),PETÉN
17-09-4145-46,17-016,PETEN,SAN LUIS,CENTRO EDUCATIVO MAYA ASUNCIÓN,CABECERA MUNICIPAL,40475589,OCTAVIO LONE GUERRA,ALICIA MARÍA PRIVADO CATALÁN,DIVERSIFICADO,PRIVADO,URBANA,ABIERTA,MONOLINGUE,MATUTINA,DIARIO(REGULAR),PETÉN
17-09-4156-46,17-016,PETEN,SAN LUIS,"""INSTITUTO PRIVADO FUENTE DEL SABER""",CABECERA MUNICIPAL,40379592,OCTAVIO LONE GUERRA,ROSA MELITZA MOZCOSO VELA,DIVERSIFICADO,PRIVADO,URBANA,ABIERTA,MONOLINGUE,VESPERTINA,DIARIO(REGULAR),PETÉN
17-10-0178-46,17-018,PETEN,SAYAXCHE,"ESCUELA DE CIENCIAS COMERCIALES ""SAN ANTONIO DE PADUA""",BARRIO EL CENTRO SAYAXCHE,79286043,HUGO RENÉ MACZ POP,JULIAN CARTER CASTELLANOS,DIVERSIFICADO,PRIVADO,URBANA,ABIERTA,MONOLINGUE,VESPERTINA,DIARIO(REGULAR),PETÉN
17-10-0179-46,17-018,PETEN,SAYAXCHE,"ESCUELA DE CIENCIAS COMERCIALES ""SAN ANTONIO DE PADUA""",BARRIO EL CENTRO,58041848,HUGO RENÉ MACZ POP,JULIÁN GUSTAVO LUCERO REQUENA,DIVERSIFICADO,PRIVADO,URBANA,ABIERTA,MONOLINGUE,DOBLE,FIN DE SEMANA,PETÉN
17-10-0184-46,17-024,PETEN,SAYAXCHE,INSTITUTO PRIVADO VESPERTINO PROF. JOSE OTILIO FLORES CARBAJAL,ALDEA TIERRA BLANCA,31179875,RODERICO DE LA CRUZ ICAL,LESLY ELIZABETH MORÁN LEIVA,DIVERSIFICADO,PRIVADO,RURAL,ABIERTA,MONOLINGUE,DOBLE,FIN DE SEMANA,PETÉN
17-10-0193-46,17-020,PETEN,SAYAXCHE,CENTRO EDUCATIVO CANCUEN,ALDEA EL PATO,30588161,ALFONZO CLAUDIO SALES,KYNDLY OYUKI REVOLORIO MONZÒN,DIVERSIFICADO,PRIVADO,RURAL,ABIERTA,MONOLINGUE,VESPERTINA,DIARIO(REGULAR),PETÉN
17-10-0197-46,17-024,PETEN,SAYAXCHE,"INSTITUTO PRIVADO MIXTO DE EDUCACION MEDIA CON ORIENTACION EN COMPUTACION, FE Y ENSEÑANZA",ALDEA TIERRA BLANCA SECTOR 4 ALDEA TIERRA BLANCA,35672140,RODERICO DE LA CRUZ ICAL,DESIDERIO VELASQUEZ JIMENEZ,DIVERSIFICADO,PRIVADO,RURAL,ABIERTA,BILINGUE,VESPERTINA,DIARIO(REGULAR),PETÉN
17-10-0207-46,17-019,PETEN,SAYAXCHE,"COLEGIO PRIVADO MIXTO ""JACOBO ARBENZ GUZMAN""",ALDEA LAS POZAS,30442151,NAZARIO BONIFACIO POP ICAL,AUGUSTO GARCÍA RIVERA,DIVERSIFICADO,PRIVADO,RURAL,ABIERTA,MONOLINGUE,VESPERTINA,DIARIO(REGULAR),PETÉN
17-10-0243-46,17-020,PETEN,SAYAXCHE,"INSTITUTO PRIVADO MIXTO "" LA REYNITA""",ALDEA LA REYNITA,79286513,ALFONZO CLAUDIO SALES,MARIA EDITA LEIVA BARRERA,DIVERSIFICADO,PRIVADO,RURAL,ABIERTA,MONOLINGUE,VESPERTINA,DIARIO(REGULAR),PETÉN
17-10-0248-46,17-019,PETEN,SAYAXCHE,"COLEGIO PRIVADO MIXTO ""JACOBO ARBENZ GUZMAN""",ALDEA LAS POZAS,30442151,NAZARIO BONIFACIO POP ICAL,AUGUSTO GARCÍA RIVERA,DIVERSIFICADO,PRIVADO,RURAL,ABIERTA,MONOLINGUE,VESPERTINA,DIARIO(REGULAR),PETÉN
17-10-0249-46,17-019,PETEN,SAYAXCHE,COLEGIO PRIVADO MIXTO JACOBO ARBENZ GUZMAN,ALDEA LAS POZAS,49312597,NAZARIO BONIFACIO POP ICAL,TOMAS GARCÍA RIVERA,DIVERSIFICADO,PRIVADO,RURAL,ABIERTA,MONOLINGUE,DOBLE,FIN DE SEMANA,PETÉN
17-10-0252-46,17-018,PETEN,SAYAXCHE,"INSTITUTO PARTICULAR MIXTO, PLAN FIN DE SEMANA, LICENCIADO VALENTIN DEL VALLE GONGORA""",ALDEA RANCHO ALEGRE,37510203,HUGO RENÉ MACZ POP,GLADIS ODILY MARTINEZ RAMOS,DIVERSIFICADO,PRIVADO,RURAL,ABIERTA,MONOLINGUE,DOBLE,FIN DE SEMANA,PETÉN
17-10-0253-46,17-018,PETEN,SAYAXCHE,INSTITUTO PARTICULAR MIXTO PLAN FIN DE SEMANA VALENTIN DEL VALLE GONGORA,BARRIO EL CENTRO ALDEA RANCHO ALEGRE,57276870,HUGO RENÉ MACZ POP,GLADIS ODILY MARTINEZ RAMOS,DIVERSIFICADO,PRIVADO,RURAL,ABIERTA,MONOLINGUE,VESPERTINA,DIARIO(REGULAR),PETÉN
17-10-0256-46,17-020,PETEN,SAYAXCHE,INSTITUTO NACIONAL DE EDUCACIÓN DIVERSIFICADA -INED-,COOPERATIVA UNION SAN JUAN ENTRE RIOS,32875394,ALFONZO CLAUDIO SALES,NOE ASICONA CABA,DIVERSIFICADO,OFICIAL,RURAL,ABIERTA,MONOLINGUE,VESPERTINA,DIARIO(REGULAR),PETÉN
17-10-0262-46,17-018,PETEN,SAYAXCHE,"INSTITUTO PRIVADO MIXTO VESPERTINO ""PROF. JOSE OTILIO FLORES CARBAJAL""",BARRIO EL CENTRO,31179873,HUGO RENÉ MACZ POP,ANY YAMILETH FLORES LEIVA,DIVERSIFICADO,PRIVADO,URBANA,ABIERTA,MONOLINGUE,DOBLE,DIARIO(REGULAR),PETÉN
17-10-0271-46,17-020,PETEN,SAYAXCHE,COLEGIO MIXTO PRIVADO STEVE JOVS,ALDEA EL PATO,30588161,ALFONZO CLAUDIO SALES,WENDY KARINA GONZALEZ SANTIAGO,DIVERSIFICADO,PRIVADO,RURAL,ABIERTA,MONOLINGUE,DOBLE,FIN DE SEMANA,PETÉN
17-10-0274-46,17-019,PETEN,SAYAXCHE,CENTRO EDUCATIVO PRIVADO MIXTO VISION INTEGRAL -CEVI-,ALDEA LAS POZAS,57292514,NAZARIO BONIFACIO POP ICAL,PEDRO FRANCISCO XÉ CAÁL,DIVERSIFICADO,PRIVADO,RURAL,ABIERTA,MONOLINGUE,DOBLE,FIN DE SEMANA,PETÉN
17-10-0337-46,17-019,PETEN,SAYAXCHE,CENTRO EDUCATIVO PRIVADO MIXTO VISION INTEGRAL - CEVI-,ALDEA LAS POZAS,57292514,NAZARIO BONIFACIO POP ICAL,PEDRO FRANCISCO XÉ CAÁL,DIVERSIFICADO,PRIVADO,RURAL,ABIERTA,MONOLINGUE,VESPERTINA,DIARIO(REGULAR),PETÉN
17-10-0339-46,17-019,PETEN,SAYAXCHE,COLEGIO PRIVADO MIXTO SAN JUAN,CASERIO SAN JUAN ACUL,32394109,NAZARIO BONIFACIO POP ICAL,FREDY ANTONIO CUELLAR RODRUIGUEZ,DIVERSIFICADO,PRIVADO,RURAL,ABIERTA,MONOLINGUE,VESPERTINA,DIARIO(REGULAR),PETÉN
17-10-0341-46,17-019,PETEN,SAYAXCHE,"COLEGIO PRIVADO MIXTO ""SAN JUAN""",CASERIO SAN JUAN ACUL,45877124,NAZARIO BONIFACIO POP ICAL,FREDY ANTONIO CUÉLLAR RODRÍGUEZ,DIVERSIFICADO,PRIVADO,RURAL,ABIERTA,MONOLINGUE,DOBLE,FIN DE SEMANA,PETÉN
17-10-0345-46,17-024,PETEN,SAYAXCHE,"INSTITUTO PRIVADO MIXTO LA ""CEIBITA""",CASERIO LA CEIBITA,31179875,RODERICO DE LA CRUZ ICAL,ANY YAMILETH FLORES LEIVA,DIVERSIFICADO,PRIVADO,RURAL,ABIERTA,MONOLINGUE,DOBLE,FIN DE SEMANA,PETÉN
17-10-0346-46,17-020,PETEN,SAYAXCHE,INSTITUTO PRIVADO MIXTO LA REINITA,ALDEA LA REINITA,47181318,ALFONZO CLAUDIO SALES,MARIA EDITA LEIVA BARRERA,DIVERSIFICADO,PRIVADO,RURAL,ABIERTA,MONOLINGUE,DOBLE,FIN DE SEMANA,PETÉN
17-10-0354-46,17-018,PETEN,SAYAXCHE,COLEGIO DE CIENCIAS COMERCIALES SAN ANTONIO DE PADUA,BARRIO EL CENTRO,30366279,HUGO RENÉ MACZ POP,JULIÁN GUSTAVO LUCERO REQUENA,DIVERSIFICADO,PRIVADO,URBANA,ABIERTA,MONOLINGUE,DOBLE,FIN DE SEMANA,PETÉN
17-10-0357-46,17-019,PETEN,SAYAXCHE,CENTRO EDUCATIVO PRIVADO MIXTO VISION INTEGRAL -CEVI,ALDEA LAS POZAS,57292514,NAZARIO BONIFACIO POP ICAL,PEDRO FRANCISCO XÉ CAÁL,DIVERSIFICADO,PRIVADO,RURAL,ABIERTA,MONOLINGUE,SIN JORNADA,SEMIPRESENCIAL (UN DÍA A LA SEMANA),PETÉN
17-10-0359-46,17-018,PETEN,SAYAXCHE,"INSTITUTO PARTICULAR MIXTO, PLAN FIN DE SEMANA, LICENCIADO VALENTIN DEL VALLE GÓNGORA"", . VALENTIN DEL VALLE GONGORA",ALDEA RANCHO ALEGRE,37510203,HUGO RENÉ MACZ POP,GLADIS ODILY MARTINEZ RAMOS,DIVERSIFICADO,PRIVADO,RURAL,ABIERTA,MONOLINGUE,SIN JORNADA,SEMIPRESENCIAL (UN DÍA A LA SEMANA),PETÉN
17-10-0361-46,17-018,PETEN,SAYAXCHE,"INSTITUTO PRIVADO MIXTO VESPERTINO ""PROF. JOSE OTILIO FLORES CARBAJAL",BARRIO EL CENTRO,31179873,HUGO RENÉ MACZ POP,ANY YAMILETH FLORES LEIVA,DIVERSIFICADO,PRIVADO,URBANA,ABIERTA,MONOLINGUE,SIN JORNADA,SEMIPRESENCIAL (UN DÍA A LA SEMANA),PETÉN
17-10-0363-46,17-020,PETEN,SAYAXCHE,COLEGIO MIXTO PRIVADO ETEVE JOBS,ALDEA EL PATO,30588161,ALFONZO CLAUDIO SALES,WENDY KARINA GONZALEZ SANTIAGO,DIVERSIFICADO,PRIVADO,RURAL,ABIERTA,MONOLINGUE,SIN JORNADA,SEMIPRESENCIAL (UN DÍA A LA SEMANA),PETÉN
17-10-0365-46,17-019,PETEN,SAYAXCHE,COLEGIO PRIVADO MIXTO JACOBO ARBENZ GUZMÁN,ALDEA LAS POZAS,30442151,NAZARIO BONIFACIO POP ICAL,TOMAS GARCÍA RIVERA,DIVERSIFICADO,PRIVADO,RURAL,ABIERTA,MONOLINGUE,SIN JORNADA,SEMIPRESENCIAL (UN DÍA A LA SEMANA),PETÉN
17-10-0367-46,17-024,PETEN,SAYAXCHE,"INSTITUTO PRIVADO MIXTO VESPERTINO ""PROF JOSÉ OTILIO FLORES CARBAJAL""",ALDEA TIERRA BLANCA,47181718,RODERICO DE LA CRUZ ICAL,LESLY ELIZABETH MORÁN LEIVA,DIVERSIFICADO,PRIVADO,RURAL,ABIERTA,MONOLINGUE,SIN JORNADA,SEMIPRESENCIAL (UN DÍA A LA SEMANA),PETÉN
17-10-0369-46,17-020,PETEN,SAYAXCHE,INSTITUTO PRIVADO MIXTO LA REINITA,CASERIO LA REINITA,47181718,ALFONZO CLAUDIO SALES,MARIA EDITA LEIVA BARRERA,DIVERSIFICADO,PRIVADO,RURAL,ABIERTA,MONOLINGUE,SIN JORNADA,SEMIPRESENCIAL (UN DÍA A LA SEMANA),PETÉN
17-10-0371-46,17-019,PETEN,SAYAXCHE,"COLEGIO PRIVADO MIXTO""SAN JUAN""",CASERIO SAN JUAN ACUL,33377199,NAZARIO BONIFACIO POP ICAL,FREDY ANTONIO CUÉLLAR RODRÍGUEZ,DIVERSIFICADO,PRIVADO,RURAL,ABIERTA,MONOLINGUE,SIN JORNADA,SEMIPRESENCIAL (FIN DE SEMANA),PETÉN
17-10-2965-46,17-018,PETEN,SAYAXCHE,INSTITUTO PRIVADO MIXTO PROF. JOSE OTILIO FLORES CARBAJAL,BARRIO EL CENTRO SAYAXCHE,31179873,HUGO RENÉ MACZ POP,ANY YAMILETH FLORES LEIVA,DIVERSIFICADO,PRIVADO,URBANA,ABIERTA,MONOLINGUE,VESPERTINA,DIARIO(REGULAR),PETÉN
17-10-3492-46,17-018,PETEN,SAYAXCHE,"ESCUELA NORMAL BILINGÜE INTERCULTURAL/ TZOLEB´ AAL TIJONEL Q´EQCHI´ ""DR. DEMETRIO COJTÍ CUXIL""",BARRIO LA DEMOCRACIA,59672196,HUGO RENÉ MACZ POP,ELMER RODERICO PONCE DIAZ,DIVERSIFICADO,OFICIAL,RURAL,ABIERTA,BILINGUE,MATUTINA,DIARIO(REGULAR),PETÉN
17-10-3696-46,17-018,PETEN,SAYAXCHE,INSTITUTO PRIVADO MIXTO PROF. JOSE OTILIO FLORES CARBAJAL,BARRIO EL CENTRO,31179873,HUGO RENÉ MACZ POP,ANY YAMILETH FLORES LEIVA,DIVERSIFICADO,PRIVADO,URBANA,ABIERTA,MONOLINGUE,DOBLE,FIN DE SEMANA,PETÉN
17-11-0039-46,17-021,PETEN,MELCHOR DE MENCOS,INSTITUTO NACIONAL DE EDUCACION DIVERSIFICADA,BARRIO SANTA ELENA,40275580,PABLO LORENZO ZETINO,NILDA LISBETT MANZANERO COCON,DIVERSIFICADO,OFICIAL,RURAL,ABIERTA,MONOLINGUE,VESPERTINA,DIARIO(REGULAR),PETÉN
17-11-0040-46,17-021,PETEN,MELCHOR DE MENCOS,INSTITUTO NACIONAL DE EDUCACION DIVERSIFICADA,ALDEA EL CRUZADERO,32491214,PABLO LORENZO ZETINO,EDGAR OMAR GONZÁLES,DIVERSIFICADO,OFICIAL,URBANA,ABIERTA,MONOLINGUE,VESPERTINA,DIARIO(REGULAR),PETÉN
17-11-0056-46,17-021,PETEN,MELCHOR DE MENCOS,"CENTRO EDUCATIVO ""CIENCIA Y TECNOLOGIA"" -CECT-",BARRIO EL CENTRO,30233323,PABLO LORENZO ZETINO,MAYRA LORENA CHAN HÉRCULES,DIVERSIFICADO,PRIVADO,URBANA,ABIERTA,MONOLINGUE,VESPERTINA,DIARIO(REGULAR),PETÉN
17-11-0066-46,17-021,PETEN,MELCHOR DE MENCOS,"CENTRO EDUCATIVO ""CIENCIA Y TECNOLOGÍA"" -CECT-",BARRIO EL CENTRO,40910489,PABLO LORENZO ZETINO,WILLIAMS ADELSO HERNANDEZ LOBOS,DIVERSIFICADO,PRIVADO,URBANA,ABIERTA,MONOLINGUE,NOCTURNA,DIARIO(REGULAR),PETÉN
17-11-0070-46,17-021,PETEN,MELCHOR DE MENCOS,"CENTRO EDUCATIVO ""CIENCIA Y TECNOLOGIA"" -CECT-",BARRIO EL CENTRO,40910489,PABLO LORENZO ZETINO,WILLIAMS ADELSO HERNANDEZ LOBOS,DIVERSIFICADO,PRIVADO,URBANA,ABIERTA,MONOLINGUE,MATUTINA,DIARIO(REGULAR),PETÉN
17-11-0082-46,17-021,PETEN,MELCHOR DE MENCOS,"CENTRO EDUCATIVO ""CIENCIA Y TECNOLOGIA"" -CECT-",BARRIO EL CENTRO,30233323,PABLO LORENZO ZETINO,MAYRA LORENA CHAN HÉRCULES,DIVERSIFICADO,PRIVADO,URBANA,ABIERTA,MONOLINGUE,DOBLE,DIARIO(REGULAR),PETÉN
17-11-0084-46,17-021,PETEN,MELCHOR DE MENCOS,"CENTRO EDUCATIVO ""CIENCIA Y TECNOLOGIA"" -CECT-",BARRIO EL CENTRO,40910489,PABLO LORENZO ZETINO,WILLIAMS ADELSO HERNANDEZ LOBOS,DIVERSIFICADO,PRIVADO,URBANA,ABIERTA,MONOLINGUE,DOBLE,FIN DE SEMANA,PETÉN
17-11-0087-46,17-021,PETEN,MELCHOR DE MENCOS,"CENTRO EDUCATIVO BILINGÜE ""VALPARAISO DE JESUS""",BARRIO FALLABÓN,30246158,PABLO LORENZO ZETINO,ROSIMBEL LOYO SALAZAR,DIVERSIFICADO,PRIVADO,URBANA,ABIERTA,MONOLINGUE,SIN JORNADA,SEMIPRESENCIAL (UN DÍA A LA SEMANA),PETÉN
17-11-0089-46,17-021,PETEN,MELCHOR DE MENCOS,"CENTRO EDUCATIVO ""CIENCIA Y TECNOLOGIA""-CECT-",BARRIO EL CENTRO,40910489,PABLO LORENZO ZETINO,WILLIAMS ADELSO HERNANDEZ LOBOS,DIVERSIFICADO,PRIVADO,URBANA,ABIERTA,MONOLINGUE,SIN JORNADA,SEMIPRESENCIAL (UN DÍA A LA SEMANA),PETÉN
17-11-2838-46,17-021,PETEN,MELCHOR DE MENCOS,CENTRO EDUCATIVO DE CAPACITACION PROFESIONAL CECAP,BARRIO EL CENTRO,58150129,PABLO LORENZO ZETINO,EDGAR RUDEL MAURICIO BOL,DIVERSIFICADO,PRIVADO,URBANA,ABIERTA,MONOLINGUE,NOCTURNA,DIARIO(REGULAR),PETÉN
17-11-3898-46,17-021,PETEN,MELCHOR DE MENCOS,"CENTRO EDUCATIVO BILINGÜE ""VALPARAISO DE JESUS""",BARRIO FALLABON,30246158,PABLO LORENZO ZETINO,KENYA ARLIN PÉREZ VENTURA,DIVERSIFICADO,PRIVADO,URBANA,ABIERTA,MONOLINGUE,DOBLE,FIN DE SEMANA,PETÉN
17-11-4154-46,17-021,PETEN,MELCHOR DE MENCOS,"CENTRO EDUCATIVO BILINGÜE ""VALPARAISO DE JESUS""",BARRIO FALLABÓN,30246158,PABLO LORENZO ZETINO,ROSIMBEL LOYO SALAZAR,DIVERSIFICADO,PRIVADO,URBANA,ABIERTA,MONOLINGUE,VESPERTINA,DIARIO(REGULAR),PETÉN
17-12-0002-46,17-023,PETEN,POPTUN,"COLEGIO MIXTO PRIVADO ""SAN PEDRO MARTIR DE VERONA""","3RA CALLE ""A"" 7-13 ZONA 1",41511141,EDY GENIS MORATAYA,RAMÓN FRANCISCO CASTELLANOS MATUS,DIVERSIFICADO,PRIVADO,URBANA,ABIERTA,MONOLINGUE,DOBLE,FIN DE SEMANA,PETÉN
17-12-0083-46,17-022,PETEN,POPTUN,INSTITUTO NACIONAL DE EDUCACION DIVERSIFICADA,"BARRIO SANTA BARBARA, ALDEA MACHAQUILA",50576860,JUAN FRANCISCO OLIVA ESTRADA,YUMILITH MELISSA PALMA TOBAR,DIVERSIFICADO,OFICIAL,RURAL,ABIERTA,MONOLINGUE,VESPERTINA,DIARIO(REGULAR),PETÉN
17-12-0084-46,17-023,PETEN,POPTUN,INSTITUTO NACIONAL DE EDUCACION DIVERSIFICADA,BARRIO IXOBEL,55756489,EDY GENIS MORATAYA,JACKELINE CRISTINA AQUINO GIRÓN,DIVERSIFICADO,OFICIAL,RURAL,ABIERTA,MONOLINGUE,VESPERTINA,DIARIO(REGULAR),PETÉN
17-12-0113-46,17-022,PETEN,POPTUN,INSTITUTO DE CIENCIAS AGROFORESTALES Y VIDA SILVESTRE (ICAVIS),"UBICADO EN EL MUNICIPIO DE POPTUN, PETEN",41117575,JUAN FRANCISCO OLIVA ESTRADA,EDGAR ESTUARDO TEC SAMAYOA,DIVERSIFICADO,PRIVADO,URBANA,ABIERTA,MONOLINGUE,VESPERTINA,DIARIO(REGULAR),PETÉN
17-12-0114-46,17-023,PETEN,POPTUN,"CENTRO EDUCATIVO INTEGRAL CRISTIANO ""CEIC""",2A. AVENIDA 3-84 ZONA 3,79276209,EDY GENIS MORATAYA,FELMAN ARINEL MARTÍNEZ LÓPEZ,DIVERSIFICADO,PRIVADO,URBANA,ABIERTA,MONOLINGUE,VESPERTINA,DIARIO(REGULAR),PETÉN
17-12-0119-46,17-023,PETEN,POPTUN,INSTITUTO DE CAPACITACION ADVENTISTA DEL PETEN,ALDEA LAS LAJAS,40690158,EDY GENIS MORATAYA,SHIRLEY DANELLY LOPEZ HERNANDEZ,DIVERSIFICADO,PRIVADO,RURAL,ABIERTA,MONOLINGUE,DOBLE,DIARIO(REGULAR),PETÉN
17-12-0127-46,17-023,PETEN,POPTUN,"LICEO CRISTIANO CON ORIENTACIÓN UNIVERSITARIA ""EL SHADDAI""","BULEVAR 25 DE JUNIO Y 9 AVENIDA ZONA 1, BARRIO SAN FRANCISCO",79278625,EDY GENIS MORATAYA,FERMINA CÓRDOVA PELÁES,DIVERSIFICADO,PRIVADO,URBANA,ABIERTA,MONOLINGUE,VESPERTINA,DIARIO(REGULAR),PETÉN
17-12-0129-46,17-023,PETEN,POPTUN,"LICEO CRISTIANO CON ORIENTACIÓN UNIVERSITARIA ""EL SHADDAI""","BULEVAR 25 DE JUNIO Y 9 AVENIDA ZONA 1, BARRIO SAN FRANCISCO.",79278625,EDY GENIS MORATAYA,ODWED ANTONIO ALVAREZ ARENAS,DIVERSIFICADO,PRIVADO,URBANA,ABIERTA,MONOLINGUE,MATUTINA,DIARIO(REGULAR),PETÉN
17-12-0133-46,17-023,PETEN,POPTUN,"LICEO CRISTIANO CON ORIENTACION UNIVERSITARIA ""EL SHADDAI""","BULEVAR 25 DE JUNIO Y 9A. AVENIDA ZONA 1, BARRIO SAN FRANCISCO.",79278625,EDY GENIS MORATAYA,GLADYS AZUCENA GÓMEZ SALAS,DIVERSIFICADO,PRIVADO,URBANA,ABIERTA,MONOLINGUE,DOBLE,FIN DE SEMANA,PETÉN
17-12-0145-46,17-023,PETEN,POPTUN,"LICEO CRISTIANO CON ORIENTACION UNIVERSITARIA ""EL SHADDAI""",BOULEVARD 25 DE JUNIO 9AV ZONA 1 BARRIO SAN FRANCISCO,79278625,EDY GENIS MORATAYA,FERMINA CÓRDOVA PELÁES,DIVERSIFICADO,PRIVADO,URBANA,ABIERTA,MONOLINGUE,DOBLE,DIARIO(REGULAR),PETÉN
17-12-0149-46,17-022,PETEN,POPTUN,"CENTRO DE ESTUDIOS PREUNIVERSITARIOS ""MONTE SION""",10M.AV.ZONA 3 BARRIO SANTA MARIA,49139861,JUAN FRANCISCO OLIVA ESTRADA,HENRY FRANCISCO RUIZ BARRIOS,DIVERSIFICADO,PRIVADO,URBANA,ABIERTA,MONOLINGUE,VESPERTINA,DIARIO(REGULAR),PETÉN
17-12-0152-46,17-022,PETEN,POPTUN,CENTRO DE ESTUDIOS PREUNIVERSITARIOS MONTE SION,BARRIO SANTA MARIA,42221946,JUAN FRANCISCO OLIVA ESTRADA,HENRY FRANCISCO RUIZ BARRIOS,DIVERSIFICADO,PRIVADO,URBANA,ABIERTA,MONOLINGUE,DOBLE,DIARIO(REGULAR),PETÉN
17-12-0156-46,17-022,PETEN,POPTUN,COLEGIO MIXTO PRIVADO SAN PEDRO MARTIR DE VERONA,3RA.CALLE A 7-13-NONA 1,79277745,JUAN FRANCISCO OLIVA ESTRADA,FRANCISCO CASTELLANOS MATUS,DIVERSIFICADO,PRIVADO,URBANA,ABIERTA,MONOLINGUE,DOBLE,DIARIO(REGULAR),PETÉN
17-12-0173-46,17-023,PETEN,POPTUN,"COLEGIO MIXTO PRIVADO ""SAN PEDRO MARTIR DE VERONA""",3RA.CALLE A.7-13 ZONA 1,41511141,EDY GENIS MORATAYA,RAMÓN FRANCISCO CASTELLANOS MATUS,DIVERSIFICADO,PRIVADO,URBANA,ABIERTA,MONOLINGUE,MATUTINA,DIARIO(REGULAR),PETÉN
17-12-0174-46,17-023,PETEN,POPTUN,"COLEGIO MIXTO PRIVADO ""SAN PEDRO MARTIR DE VERONA""",3RACALLE A.7-13-ZONA 1,42190516,EDY GENIS MORATAYA,RAMÓN FRANCISCO CASTELLANOS MATUS,DIVERSIFICADO,PRIVADO,URBANA,ABIERTA,MONOLINGUE,SIN JORNADA,SEMIPRESENCIAL (UN DÍA A LA SEMANA),PETÉN
17-12-0176-46,17-023,PETEN,POPTUN,"LICEO CRISTIANO CON ORIENTACION UNIVERSITARIA EL ""SHADDAI""",BOULEVARD 25 DE JUNIO Y 9A.AV. ZONA I BARRIO SAN FRANCISCO,79278626,EDY GENIS MORATAYA,GLADYS AZUCENA GÓMEZ SALAS,DIVERSIFICADO,PRIVADO,URBANA,ABIERTA,MONOLINGUE,SIN JORNADA,SEMIPRESENCIAL (UN DÍA A LA SEMANA),PETÉN
17-12-0178-46,17-023,PETEN,POPTUN,"""LICEO CIENCIA Y DESARROLLO"" CON ORIENTACIÓN TÉCNICA Y CIENTÍFICA",POPTUN,35962859,EDY GENIS MORATAYA,CARLOS HUMBERTO MARROQUIN MARTINEZ,DIVERSIFICADO,PRIVADO,URBANA,ABIERTA,MONOLINGUE,SIN JORNADA,SEMIPRESENCIAL (UN DÍA A LA SEMANA),PETÉN
17-12-0397-46,17-023,PETEN,POPTUN,ESCUELA NACIONAL DE CIENCIAS COMERCIALES,AVENIDA 15 DE SEPTIEMBRE 0-41 ZONA 2,79278072,EDY GENIS MORATAYA,JOSEFINA FRANCO SALAS,DIVERSIFICADO,OFICIAL,URBANA,ABIERTA,MONOLINGUE,VESPERTINA,DIARIO(REGULAR),PETÉN
17-12-0398-46,17-023,PETEN,POPTUN,INSTITUTO DE CAPACITACION ADVENTISTA DEL PETEN,POPTUN,40690158,EDY GENIS MORATAYA,SHIRLEY DANELLY LOPEZ HERNANDEZ,DIVERSIFICADO,PRIVADO,RURAL,ABIERTA,MONOLINGUE,MATUTINA,DIARIO(REGULAR),PETÉN
17-12-1046-46,17-023,PETEN,POPTUN,"COLEGIO MIXTO PRIVADO ""SAN PEDRO MARTIR DE VERONA""",3A. CALLE A 7-13 ZONA 1,41511141,EDY GENIS MORATAYA,RAMÓN FRANCISCO CASTELLANOS MATUS,DIVERSIFICADO,PRIVADO,URBANA,ABIERTA,MONOLINGUE,VESPERTINA,DIARIO(REGULAR),PETÉN
17-12-2962-46,17-023,PETEN,POPTUN,"""LICEO CIENCIA Y DESARROLLO""CON ORIENTACIÓN TÉCNICA Y CIENTÍFICA",POPTUN,35962859,EDY GENIS MORATAYA,CARLOS HUMBERTO MARROQUIN MARTINEZ,DIVERSIFICADO,PRIVADO,URBANA,ABIERTA,MONOLINGUE,DOBLE,FIN DE SEMANA,PETÉN
17-12-3712-46,17-022,PETEN,POPTUN,INSTITUTO DIVERSIFICADO POR COOPERATIVA,ALDEA MACHAQUILA,78674770,JUAN FRANCISCO OLIVA ESTRADA,VALENTÍN CHUB CUCUL,DIVERSIFICADO,COOPERATIVA,RURAL,ABIERTA,MONOLINGUE,VESPERTINA,DIARIO(REGULAR),PETÉN
17-12-4099-46,17-023,PETEN,POPTUN,"CENTRO EDUCATIVO ""EL BOSQUE""",7A. AVENIDA BARRIO EL BOSQUE ZONA 2,79276100,EDY GENIS MORATAYA,RUDY FERNANDO BOLAÑOS ALDANA,DIVERSIFICADO,PRIVADO,URBANA,ABIERTA,MONOLINGUE,VESPERTINA,DIARIO(REGULAR),PETÉN
17-13-0099-46,17-026,PETEN,LAS CRUCES,"COLEGIO PRIVADO MIXTO ""JESÚS EL DIVINO MAESTRO"" -JEDIMA-",ALDEA BETHANIA,45287229,CARMEN NÉDITA NATARENO PADILLA,GREYSI GUADALUPE PAZ LÓPEZ,DIVERSIFICADO,PRIVADO,RURAL,ABIERTA,MONOLINGUE,VESPERTINA,DIARIO(REGULAR),PETÉN
17-13-0100-46,17-026,PETEN,LAS CRUCES,"COLEGIO PRIVADO MIXTO "" JESÚS EL DIVINO MAESTRO"" -JEDIMA-","ALDEA BETHANIA LAS CRUCES, PETEN",45287229,CARMEN NÉDITA NATARENO PADILLA,GREYSI GUADALUPE PAZ LÓPEZ,DIVERSIFICADO,PRIVADO,RURAL,ABIERTA,MONOLINGUE,VESPERTINA,DIARIO(REGULAR),PETÉN
17-13-0103-46,17-025,PETEN,LAS CRUCES,"COLEGIO PRIVADO MIXTO ""JEDIMA""","ALDEA PALESTINA, LAS CRUCES, PETEN",48045807,FIDEL OMAR HERNÁNDEZ RAMÍREZ,ELIDA ELIZABETH PEREZ AZ,DIVERSIFICADO,PRIVADO,RURAL,ABIERTA,MONOLINGUE,VESPERTINA,DIARIO(REGULAR),PETÉN
17-13-0105-46,17-025,PETEN,LAS CRUCES,COLEGIO ADVENTISTA GETSEMANI,ZONA 1,30376084,FIDEL OMAR HERNÁNDEZ RAMÍREZ,DÁLIDA ANAYANZA HERNÁNDEZ RAMÍREZ,DIVERSIFICADO,PRIVADO,RURAL,ABIERTA,MONOLINGUE,VESPERTINA,DIARIO(REGULAR),PETÉN
17-13-0107-46,17-025,PETEN,LAS CRUCES,INSTITUTO MUNICIPAL DE EDUCACION MEDIA,ZONA 1,50160941,FIDEL OMAR HERNÁNDEZ RAMÍREZ,WILSON ESTUARDO PINEDA GONZALEZ,DIVERSIFICADO,MUNICIPAL,RURAL,ABIERTA,MONOLINGUE,VESPERTINA,DIARIO(REGULAR),PETÉN
17-13-0112-46,17-025,PETEN,LAS CRUCES,INSTITUTO MUNICIPAL DE EDUCACION MEDIA,ALDEA PALESTINA,58082806,FIDEL OMAR HERNÁNDEZ RAMÍREZ,NIRMA YINETH ESTRADA DONIS,DIVERSIFICADO,MUNICIPAL,RURAL,ABIERTA,MONOLINGUE,VESPERTINA,DIARIO(REGULAR),PETÉN
17-13-0117-46,17-025,PETEN,LAS CRUCES,"COLEGIO DE CIENCIAS COMERCIALES ""LAS CRUCES""",2 AVE. 2 CALLE ZONA 1,53323553,FIDEL OMAR HERNÁNDEZ RAMÍREZ,PEDRO OCIEL JAIME RIVAS,DIVERSIFICADO,PRIVADO,URBANA,ABIERTA,MONOLINGUE,DOBLE,FIN DE SEMANA,PETÉN
17-13-0119-46,17-045,PETEN,LAS CRUCES,"COLEGIO DE CIENCIAS COMERCIALES ""LAS CRUCES""",2 AVE. 2 CALLE ZONA 1,53323553,FIDEL OMAR HERNANDEZ RAMIREZ,PEDRO OCIEL JAIME RIVAS,DIVERSIFICADO,PRIVADO,URBANA,ABIERTA,MONOLINGUE,VESPERTINA,DIARIO(REGULAR),PETÉN
17-13-0125-46,17-026,PETEN,LAS CRUCES,INSTITUTO NACIONAL DE EDUCACIÓN DIVERSIFICADA,COOPERATIVA UNION MAYA ITZA,31618299,CARMEN NÉDITA NATARENO PADILLA,JESÚS POOB BELIX,DIVERSIFICADO,OFICIAL,RURAL,ABIERTA,MONOLINGUE,MATUTINA,DIARIO(REGULAR),PETÉN
17-13-0126-46,17-026,PETEN,LAS CRUCES,COLEGIO PRIVADO MIXTO JESUS EL DIVINO MAESTRO,ALDEA BETHANIA,45287229,CARMEN NÉDITA NATARENO PADILLA,GREYSI GUADALUPE PAZ LÓPEZ,DIVERSIFICADO,PRIVADO,RURAL,ABIERTA,MONOLINGUE,DOBLE,FIN DE SEMANA,PETÉN
17-13-0131-46,17-043,PETEN,LAS CRUCES,IMEBI,CASERIO VISTA HERMOS,79262582,DOMINGA GARCIA RAYMUNDO,LADISLAO SALVADOR HERNÁNDEZ LUCAS,DIVERSIFICADO,PRIVADO,RURAL,ABIERTA,MONOLINGUE,VESPERTINA,DIARIO(REGULAR),PETÉN
17-13-0135-46,17-026,PETEN,LAS CRUCES,CENTRO EDUCATIVO YAXTUNILHA,3A.CALLE ZONA 3,30854215,CARMEN NÉDITA NATARENO PADILLA,NIDIA ESTER GALICIA ALVARADO,DIVERSIFICADO,PRIVADO,URBANA,ABIERTA,MONOLINGUE,MATUTINA,DIARIO(REGULAR),PETÉN
17-13-0136-46,17-026,PETEN,LAS CRUCES,CENTRO EDUCATIVO YAXTUNILHA,3RA.CALLE ZONA 3,30854215,CARMEN NÉDITA NATARENO PADILLA,NIDIA ESTER GALICIA ALVARADO,DIVERSIFICADO,PRIVADO,URBANA,ABIERTA,MONOLINGUE,MATUTINA,DIARIO(REGULAR),PETÉN
17-13-0137-46,17-025,PETEN,LAS CRUCES,INSTITUTO DIVERSIFICADO POR COOPERATIVA DE ENSEÑANZA,ZONA 3 LAS CRUCES,49187080,FIDEL OMAR HERNÁNDEZ RAMÍREZ,RUTH ABIGAIL MENDEZ AGUILAR,DIVERSIFICADO,COOPERATIVA,URBANA,ABIERTA,MONOLINGUE,VESPERTINA,DIARIO(REGULAR),PETÉN
17-13-0138-46,17-026,PETEN,LAS CRUCES,"COLEGIO PRIVADO MIXTO ""EL BUEN PASTOR""",CASERIO RETALTECO,40122056,CARMEN NÉDITA NATARENO PADILLA,EDNER NEFTALÍ DE LEÓN CALMO,DIVERSIFICADO,PRIVADO,RURAL,ABIERTA,MONOLINGUE,VESPERTINA,DIARIO(REGULAR),PETÉN
17-13-0145-46,17-025,PETEN,LAS CRUCES,"COLEGIO PRIVADO MIXTO ""SUPERA CION Y ESPERANZA""",ALDEA PALESTINA,36051122,FIDEL OMAR HERNÁNDEZ RAMÍREZ,MARIA CALENDELARIA GARCIA BATRES,DIVERSIFICADO,PRIVADO,RURAL,ABIERTA,MONOLINGUE,VESPERTINA,DIARIO(REGULAR),PETÉN
17-13-0148-46,17-025,PETEN,LAS CRUCES,COLEGIO DE CIENCIAS COMERCIALES LAS CRUCES,"12 AV. 2DA, CALLE ZONA 1",79273890,FIDEL OMAR HERNÁNDEZ RAMÍREZ,PEDRO OCIEL JAIME RIVAS,DIVERSIFICADO,PRIVADO,RURAL,ABIERTA,MONOLINGUE,SIN JORNADA,SEMIPRESENCIAL (UN DÍA A LA SEMANA),PETÉN
17-13-0150-46,17-045,PETEN,LAS CRUCES,COLEGIO PRIVADO MIXTO EL BUEN PASTOR,CASERIO RETALTECO,40122056,FIDEL OMAR HERNANDEZ RAMIREZ,EDNER NEFTALÍ DE LEÓN CALMO,DIVERSIFICADO,PRIVADO,RURAL,ABIERTA,MONOLINGUE,SIN JORNADA,SEMIPRESENCIAL (UN DÍA A LA SEMANA),PETÉN
17-13-0152-46,17-025,PETEN,LAS CRUCES,COLEGIO PRIVADO MIXTO JESUS EL DIVINO MAESTRO-JEDIMA-,CASERIO BETHANIA,40311962,FIDEL OMAR HERNÁNDEZ RAMÍREZ,GREYSI GUADALUPE PAZ LÓPEZ,DIVERSIFICADO,PRIVADO,RURAL,ABIERTA,MONOLINGUE,SIN JORNADA,SEMIPRESENCIAL (UN DÍA A LA SEMANA),PETÉN
17-13-0154-46,17-025,PETEN,LAS CRUCES,COLEGIO PRIVADO MIXTO JESUS EL DIVINO MAESTRO,ALDEA BETHANIA,40311962,FIDEL OMAR HERNÁNDEZ RAMÍREZ,GREYSI GUADALUPE PAZ LÓPEZ,DIVERSIFICADO,PRIVADO,RURAL,ABIERTA,MONOLINGUE,DOBLE,FIN DE SEMANA,PETÉN
17-13-0157-46,17-025,PETEN,LAS CRUCES,COLEGIO ADVENTISTA GETSEMANÍ,"1RA. CALLE 8VA. AVENIDA, ZONA 1",40720870,FIDEL OMAR HERNÁNDEZ RAMÍREZ,DALIDA ANAYANZA HERNANDEZ RAMIREZ,DIVERSIFICADO,PRIVADO,URBANA,ABIERTA,MONOLINGUE,MATUTINA,DIARIO(REGULAR),PETÉN
17-14-0024-46,17-013,PETEN,EL CHAL,LICEO EDUCATIVO SALEM,CABECERA MUNICIPAL,49194715,BRAULIO AMILCAR CHAN TESUCUN,BEATRIZ ARMINDA ESQUIVEL RUANO,DIVERSIFICADO,PRIVADO,URBANA,ABIERTA,MONOLINGUE,VESPERTINA,DIARIO(REGULAR),PETÉN
17-14-0028-46,17-013,PETEN,EL CHAL,ESCUELA DE COMERCIO,CABECERA MUNICIPAL,41878066,BRAULIO AMILCAR CHAN TESUCUN,ARACELY GUTIERREZ ESQUIVEL,DIVERSIFICADO,PRIVADO,URBANA,ABIERTA,MONOLINGUE,VESPERTINA,DIARIO(REGULAR),PETÉN
17-14-0032-46,17-013,PETEN,EL CHAL,"CENTRO EDUCATIVO TECNICO PORTILLO ""CETPORT""",CABECERA MUNICIPAL,57851111,BRAULIO AMILCAR CHAN TESUCUN,YURI ADALÍ CORNELIO RAMIREZ,DIVERSIFICADO,PRIVADO,URBANA,ABIERTA,MONOLINGUE,VESPERTINA,DIARIO(REGULAR),PETÉN
17-14-0034-46,17-013,PETEN,EL CHAL,INSTITUTO NACIONAL DE EDUCACION DIVERSIFICADA- INED-,CABECERA MUNICIPAL,48079374,BRAULIO AMILCAR CHAN TESUCUN,ERIKA YANETH BREGANZA PALACIOS,DIVERSIFICADO,OFICIAL,URBANA,ABIERTA,MONOLINGUE,VESPERTINA,DIARIO(REGULAR),PETÉN
17-14-0080-46,17-013,PETEN,EL CHAL,COLEGIO EDUCATIVO DIVERSIFICADO LAS FLORES -CEDIF-,COOPERATIVA LAS FLORES,56984314,BRAULIO AMILCAR CHAN TESUCUN,ELVIN ALEXANDER LÓPEZ INTERIANO,DIVERSIFICADO,PRIVADO,RURAL,ABIERTA,MONOLINGUE,DOBLE,FIN DE SEMANA,PETÉN
17-14-0084-46,17-013,PETEN,EL CHAL,"CENTRO EDUCATIVO TÉCNICO PORTILLO ""CETPORT""",EL CHAL,57851111,BRAULIO AMILCAR CHAN TESUCUN,YURI ADALÍ CORNELIO RAMIREZ,DIVERSIFICADO,PRIVADO,URBANA,ABIERTA,MONOLINGUE,DOBLE,FIN DE SEMANA,PETÉN
17-14-0086-46,17-013,PETEN,EL CHAL,LICEO EDUCATIVO SALEM,AREA CENTRAL-EL CHAL,58895449,BRAULIO AMILCAR CHAN TESUCUN,BEATRIZ ARMINDA ESQUIVEL RUANO,DIVERSIFICADO,PRIVADO,URBANA,ABIERTA,MONOLINGUE,DOBLE,FIN DE SEMANA,PETÉN
17-14-0089-46,17-013,PETEN,EL CHAL,INSTITUTO NACIONAL DE EDUCACION DIVERSIFICADA -INED-,CASERIO AGRICULTORES UNIDOS,47311925,BRAULIO AMILCAR CHAN TESUCUN,ABELINO CASTRO SAMAYOA,DIVERSIFICADO,OFICIAL,RURAL,ABIERTA,MONOLINGUE,VESPERTINA,DIARIO(REGULAR),PETÉN
17-14-0090-46,17-013,PETEN,EL CHAL,INSTITUTO NACIONAL DE EDUCACION DIVERSIFICADO-INED-,CASERIO SANTA AMELIA,42727176,BRAULIO AMILCAR CHAN TESUCUN,INGRIS MARILIS TELÓN DUARTE,DIVERSIFICADO,OFICIAL,RURAL,ABIERTA,MONOLINGUE,VESPERTINA,DIARIO(REGULAR),PETÉN
17-14-0099-46,17-013,PETEN,EL CHAL,"LICEO EDUCATIVO SALEM ""LICES""",BARRIO EL PARAISO,49194715,BRAULIO AMILCAR CHAN TESUCUN,BEATRIZ ARMINDA ESQUIVEL RUANO,DIVERSIFICADO,PRIVADO,URBANA,ABIERTA,MONOLINGUE,SIN JORNADA,FIN DE SEMANA,PETÉN
17-14-0100-46,17-013,PETEN,EL CHAL,CENTRO EDUCATIVO TECNICO PORTILLO- CETPORT-,EL CHAL,57851111,BRAULIO AMILCAR CHAN TESUCUN,YURI ADALÍ CORNELIO RAMIREZ,DIVERSIFICADO,PRIVADO,URBANA,ABIERTA,MONOLINGUE,SIN JORNADA,SEMIPRESENCIAL (UN DÍA A LA SEMANA),PETÉN
17-14-0102-46,17-013,PETEN,EL CHAL,COLEGIO EDUCATIVO DIVERSIFICADO LAS FLORES -CEDIF-,COOPERATIVA LAS FLOREZ,56984314,BRAULIO AMILCAR CHAN TESUCUN,ELVIN ALEXANDER LÓPEZ INTERIANO,DIVERSIFICADO,PRIVADO,RURAL,ABIERTA,MONOLINGUE,SIN JORNADA,SEMIPRESENCIAL (UN DÍA A LA SEMANA),PETÉN
,,,,,,,,,,,,,,,,
,,,,,,,,,,,,,,,,
270 Establecimientos encontrados,,,,,,,,,,,,,,,,
,,,,,,,,,,,,,,,,
"Ministerio de Educación, Copyright © 2,012",,Aviso Legal | Términos y Condiciones | Contacto ,,,,,,,,,,,,,,
