,[ e-Servicios ],,,,,,,,,,,,,,,
,Búsqueda de centros educativos autorizados por el Mineduc y carreras que pueden impartir.,,,,,,,,,,,,,,,
,,,,,,,,,,,,,,,,
,  ,,,,,,,,,,,,,,,
Importante:,,,,,,,,,,,,,,,,
,,,,,,,,,,,,,,,,
"Para una mejor búsqueda puede seleccionar el departamento y municipio, con base a la ubicación del centro educativo, ingresando el código del establecimiento separado por guiones o el nombre completo o parte de él.",,,,,,,,,,,,,,,,
,,,,,,,,,,,,,,,,
"Un centro educativo puede contar con uno o más códigos de acuerdo con los servicios educativos autorizados (nivel, plan o jornada).",,,,,,,,,,,,,,,,
,,,,,,,,,,,,,,,,
"Las carreras pueden visualizarse únicamente en los códigos de centros educativos que tienen autorizado el Nivel de Educación Media, Ciclo de Educación Diversificada.",,,,,,,,,,,,,,,,
,,,,,,,,,,,,,,,,
Para visualizar las carreras autorizadas a un centro educativo seleccione el Nivel Escolar: Diversificado.,,,,,,,,,,,,,,,,
,,,,,,,,,,,,,,,,
Departamento,Municipio,,,,,,,,,,,,,,,
,,,,,,,,,,,,,,,,
Nivel Escolar,,,,,,,,,,,,,,,,
Sector,,,,,,,,,,,,,,,,
Plan,Modalidad,,,,,,,,,,,,,,,
,,,,,,,,,,,,,,,,
Código (##-##-####-##),,,,,,,,,,,,,,,,
Nombre,,,,,,,,,,,,,,,,
Dirección,,,,,,,,,,,,,,,,
,,,,,,,,,,,,,,,,
,,,,,,,,,,,,,,,,
CODIGO,DISTRITO,DEPARTAMENTO,MUNICIPIO,ESTABLECIMIENTO,DIRECCION,TELEFONO,SUPERVISOR,DIRECTOR,NIVEL,SECTOR,AREA,STATUS,MODALIDAD,JORNADA,PLAN,DEPARTAMENTAL
11-01-0027-46,11-017,RETALHULEU,RETALHULEU,"CENTRO EDUCATIVO ""JUAN PABLO II""","7A. CALLE 4-47, ZONA 1",77710490,MIGUEL ANGEL ARMAS ROCHA,PEDRO EDUARDO CHAVEZ ESCOBAR,DIVERSIFICADO,PRIVADO,URBANA,ABIERTA,MONOLINGUE,DOBLE,FIN DE SEMANA,RETALHULEU
11-01-0074-46,11-004,RETALHULEU,RETALHULEU,COLEGIO PARTICULAR MIXTO D ANTONI,2A CALLE 3-02 ZONA 5 COLONIA MARIA TERESA,57457838,MIGUEL ANGEL ARMAS ROCHA,LUDIM CELESTINA MÉNDEZ PÚ,DIVERSIFICADO,PRIVADO,URBANA,ABIERTA,MONOLINGUE,MATUTINA,DIARIO(REGULAR),RETALHULEU
11-01-0076-46,11-014,RETALHULEU,RETALHULEU,INSTITUTO OFICIAL DIVERSIFICADO CON ORIENTACION EN COMPUTACION,1A AVE. 4-08 ZONA 2,77712637,JULIO CÉSAR HERRERA ROLDÁN,CARLOS HUMBERTO SOLOGAISTOA MONTERROSO,DIVERSIFICADO,OFICIAL,URBANA,ABIERTA,MONOLINGUE,VESPERTINA,DIARIO(REGULAR),RETALHULEU
11-01-0078-46,11-016,RETALHULEU,RETALHULEU,INSTITUTO PRIVADO MIXTO DE EDUCACION DIVERSIFICADA LICEO RETALTECO,3A AVE. 6-49 ZONA 1,77716637,MARIO RENE RIVERA ARGUETA,,DIVERSIFICADO,PRIVADO,URBANA,ABIERTA,MONOLINGUE,NOCTURNA,DIARIO(REGULAR),RETALHULEU
11-01-0080-46,11-004,RETALHULEU,RETALHULEU,COLEGIO MIXTO RETALHULEU,6A AVE. 3-40 ZONA 1,77710086,MIGUEL ANGEL ARMAS ROCHA,JULIO CÉSAR HERRERA ROLDAN,DIVERSIFICADO,PRIVADO,URBANA,ABIERTA,MONOLINGUE,VESPERTINA,DIARIO(REGULAR),RETALHULEU
11-01-0081-46,11-014,RETALHULEU,RETALHULEU,INSTITUTO NORMAL MIXTO CARLOS DUBON,3A CALLE 6-49 ZONA 4,56334519,JULIO CÉSAR HERRERA ROLDÁN,SERGIO RAMÓN LÓPEZ SOLÍS,DIVERSIFICADO,OFICIAL,URBANA,ABIERTA,MONOLINGUE,MATUTINA,DIARIO(REGULAR),RETALHULEU
11-01-0082-46,11-014,RETALHULEU,RETALHULEU,INSTITUTO NACIONAL MIXTO NOCTURNO DE EDUCACION MEDIA,3A CALLE 6-49 ZONA 4,53494788,JULIO CÉSAR HERRERA ROLDÁN,JUAN DE DIOS RODAS HERNÁNDEZ,DIVERSIFICADO,OFICIAL,URBANA,ABIERTA,MONOLINGUE,NOCTURNA,DIARIO(REGULAR),RETALHULEU
11-01-0084-46,11-004,RETALHULEU,RETALHULEU,"CENTRO EDUCATIVO ""JUAN PABLO II""","7A. CALLE 4-47, ZONA 1",77710490,MIGUEL ANGEL ARMAS ROCHA,PEDRO EDUARDO CHAVEZ ESCOBAR,DIVERSIFICADO,PRIVADO,URBANA,ABIERTA,MONOLINGUE,VESPERTINA,DIARIO(REGULAR),RETALHULEU
11-01-0101-46,11-014,RETALHULEU,RETALHULEU,INSTITUTO NACIONAL DE EDUCACION DIVERSIFICADA,CENTRO URBANO PARCELAMIENTO CABALLO BLANCO,36241279,JULIO CÉSAR HERRERA ROLDÁN,EMERSON IVAN GRIJALVA CORONADO,DIVERSIFICADO,OFICIAL,RURAL,ABIERTA,MONOLINGUE,MATUTINA,DIARIO(REGULAR),RETALHULEU
11-01-0110-46,11-019,RETALHULEU,RETALHULEU,INSTITUTO TECNICO DE CAPACITACION Y PRODUCTIVIDAD -INTECAP-,KM. 192 CARRETERA A CHAMPERICO,76008600,LISBETH SURAMA LOPEZ CALVILLO,ERNESTO JOAQUÍN LÓPEZ SARTI,DIVERSIFICADO,PRIVADO,URBANA,ABIERTA,MONOLINGUE,DOBLE,DIARIO(REGULAR),RETALHULEU
11-01-0120-46,11-017,RETALHULEU,RETALHULEU,COLEGIO CENTRO EDUCATIVO RETALTECO DE FORMACION INTEGRAL,8A. AVENIDA. 8-01 ZONA 1,59842385,MIGUEL ANGEL ARMAS ROCHA,JORGE LUIS DÍAZ DE LEÓN,DIVERSIFICADO,PRIVADO,URBANA,ABIERTA,MONOLINGUE,DOBLE,FIN DE SEMANA,RETALHULEU
11-01-0126-46,11-004,RETALHULEU,RETALHULEU,INSTITUTO IBEROAMERICANO DE ESTUDIOS AVANZADOS DE RETALHULEU,5A. AVENIDA 6-49 ZONA 1,,MIGUEL ANGEL ARMAS ROCHA,MIGUEL ANGEL PISQUIY QUIXTAN,DIVERSIFICADO,PRIVADO,URBANA,ABIERTA,MONOLINGUE,VESPERTINA,DIARIO(REGULAR),RETALHULEU
11-01-0127-46,11-004,RETALHULEU,RETALHULEU,INSTITUTO IBEROAMERICANO DE ESTUDIOS AVANZADOS DE RETALHULEU,5A. AVENIDA 6-49 ZONA 1,,MIGUEL ANGEL ARMAS ROCHA,MIGUEL ANGEL PISQUIY QUIXTAN,DIVERSIFICADO,PRIVADO,URBANA,ABIERTA,MONOLINGUE,MATUTINA,DIARIO(REGULAR),RETALHULEU
11-01-0133-46,11-017,RETALHULEU,RETALHULEU,COLEGIO MIXTO IDEAS,"9A. AVENIDA A, 2-05 RESIDENCIALES ANA LUCIA, ZONA 4",77713771,MIGUEL ANGEL ARMAS ROCHA,ABRAHAM ISAÍAS VELÁSQUEZ LÓPEZ,DIVERSIFICADO,PRIVADO,URBANA,ABIERTA,MONOLINGUE,DOBLE,FIN DE SEMANA,RETALHULEU
11-01-0137-46,11-017,RETALHULEU,RETALHULEU,INSTITUTO PRIVADO MIXTO POETA EDUARDO ORELLANA MATTA,"LOTIFICACION PERU, ZONA 4",30931824,MIGUEL ANGEL ARMAS ROCHA,SILVIA RODRÍGUEZ CAYAX,DIVERSIFICADO,PRIVADO,URBANA,ABIERTA,MONOLINGUE,DOBLE,FIN DE SEMANA,RETALHULEU
11-01-0140-46,11-017,RETALHULEU,RETALHULEU,INSTITUTO PRIVADO BASICO Y BACHILLERATO POR MADUREZ DESARROLLO INTEGRADOR,"3A. CALLE 6-49, ZONA 1",,MIGUEL ANGEL ARMAS ROCHA,LUIS ROBERTO ANGEL ALDANA,DIVERSIFICADO,PRIVADO,URBANA,ABIERTA,MONOLINGUE,DOBLE,FIN DE SEMANA,RETALHULEU
11-01-0142-46,11-017,RETALHULEU,RETALHULEU,INSTITUTO IBEROAMERICANO DE ESTUDIOS AVANZADOS DE RETALHULEU,5A. AVENIDA 6-49 ZONA 1,,MIGUEL ANGEL ARMAS ROCHA,MIGUEL ANGEL PISQUIY QUIXTÁN,DIVERSIFICADO,PRIVADO,URBANA,ABIERTA,MONOLINGUE,DOBLE,FIN DE SEMANA,RETALHULEU
11-01-0153-46,11-004,RETALHULEU,RETALHULEU,COLEGIO EVANGELICO MIXTO SINAI,"5A. CALLE, INGRESO A LA COLONIA EL PEDREGAL I, ZONA 6",77715189,MIGUEL ANGEL ARMAS ROCHA,LORENA AMANDA PASTOR BARRIOS,DIVERSIFICADO,PRIVADO,URBANA,ABIERTA,MONOLINGUE,MATUTINA,DIARIO(REGULAR),RETALHULEU
11-01-0155-46,11-004,RETALHULEU,RETALHULEU,COLEGIO EVANGELICO MIXTO SINAI,"5A. CALLE, INGRESO A LA COLONIA EL PEDREGAL I, ZONA 6",77715189,MIGUEL ANGEL ARMAS ROCHA,LORENA AMANDA PASTOR BARRIOS,DIVERSIFICADO,PRIVADO,URBANA,ABIERTA,MONOLINGUE,DOBLE,DIARIO(REGULAR),RETALHULEU
11-01-0159-46,11-016,RETALHULEU,RETALHULEU,INSTITUTO IBEROAMERICANO DE ESTUDIOS AVANZADOS DE RETALHULEU,5A. AVENIDA 6-49 ZONA 1,,MARIO RENE RIVERA ARGUETA,MIGUEL ANGEL PISQUY QUIXTAN,DIVERSIFICADO,PRIVADO,URBANA,ABIERTA,MONOLINGUE,DOBLE,A DISTANCIA,RETALHULEU
11-01-0164-46,11-004,RETALHULEU,RETALHULEU,COLEGIO LICEO DEL SUR BILINGUE LISBI,11 CALLE 5-01 ZONA 2,77717134,MIGUEL ANGEL ARMAS ROCHA,ERICA ILIANA CASTILLO RECINOS,DIVERSIFICADO,PRIVADO,URBANA,ABIERTA,MONOLINGUE,MATUTINA,DIARIO(REGULAR),RETALHULEU
11-01-0167-46,11-017,RETALHULEU,RETALHULEU,COLEGIO PARTICULAR MIXTO PAULO COELHO,"7A. CALLE 4-84, ZONA 1",77283648,MIGUEL ANGEL ARMAS ROCHA,EVELYN MARIVEL PÉREZ ENRÍQUEZ,DIVERSIFICADO,PRIVADO,URBANA,ABIERTA,MONOLINGUE,DOBLE,FIN DE SEMANA,RETALHULEU
11-01-0168-46,11-004,RETALHULEU,RETALHULEU,COLEGIO TECNOLOGICO CABALLO BLANCO,ALDEA CABALLO BLANCO,55426137,MIGUEL ANGEL ARMAS ROCHA,EDGAR STUARDO RIVERA CANO,DIVERSIFICADO,PRIVADO,RURAL,ABIERTA,MONOLINGUE,MATUTINA,DIARIO(REGULAR),RETALHULEU
11-01-0170-46,11-017,RETALHULEU,RETALHULEU,COLEGIO MIXTO CENTROAMERICANO,"5A. CALLE 5-05, ZONA 6",77713657,MIGUEL ANGEL ARMAS ROCHA,NORMA KARINA YEÉ OLIVA,DIVERSIFICADO,PRIVADO,URBANA,ABIERTA,MONOLINGUE,DOBLE,FIN DE SEMANA,RETALHULEU
11-01-0171-46,11-017,RETALHULEU,RETALHULEU,COLEGIO MIXTO CENTROAMERICANO,"5A. CALLE 5-05, ZONA 6",77713657,MIGUEL ANGEL ARMAS ROCHA,NORMA KARINA YEÉ OLIVA,DIVERSIFICADO,PRIVADO,URBANA,ABIERTA,MONOLINGUE,DOBLE,FIN DE SEMANA,RETALHULEU
11-01-0188-46,11-017,RETALHULEU,RETALHULEU,COLEGIO CRISTIANO INTEGRAL ISRAEL,"1A. CALLE 8-90, CANTON TABLEROS, ZONA 5",42265485,MIGUEL ANGEL ARMAS ROCHA,HIOVANY ALEJANDRO ALVAREZ HERRERA,DIVERSIFICADO,PRIVADO,URBANA,ABIERTA,MONOLINGUE,DOBLE,FIN DE SEMANA,RETALHULEU
11-01-0193-46,11-004,RETALHULEU,RETALHULEU,COLEGIO PARTICULAR MIXTO PAULO COELHO,5A. AVENIDA 7-55 ZONA 1,77283648,MIGUEL ANGEL ARMAS ROCHA,LINDA JASMÍN LÓPEZ AGUILAR,DIVERSIFICADO,PRIVADO,URBANA,ABIERTA,MONOLINGUE,MATUTINA,DIARIO(REGULAR),RETALHULEU
11-01-0199-46,11-017,RETALHULEU,RETALHULEU,COLEGIO MIXTO LICEO RETALTECO,3A. AVENIDA 6-49 ZONA 1,77710580,MIGUEL ANGEL ARMAS ROCHA,JORGE FELIX VÁSQUEZ ORDOÑEZ,DIVERSIFICADO,PRIVADO,URBANA,ABIERTA,MONOLINGUE,DOBLE,FIN DE SEMANA,RETALHULEU
11-01-0201-46,11-017,RETALHULEU,RETALHULEU,COLEGIO MIXTO RETALHULEU,6A. AVENIDA 3-40 ZONA 1,77710086,MIGUEL ANGEL ARMAS ROCHA,SALVADOR LIMA GARCÍA,DIVERSIFICADO,PRIVADO,URBANA,ABIERTA,MONOLINGUE,DOBLE,FIN DE SEMANA,RETALHULEU
11-01-0206-46,11-017,RETALHULEU,RETALHULEU,COLEGIO MIXTO LUIS CARDONA Y ARAGON,"4A. AVENIDA 8-03, ZONA 1",42207257,MIGUEL ANGEL ARMAS ROCHA,ANGEL IGNACIO VASQUEZ GARCIA,DIVERSIFICADO,PRIVADO,URBANA,ABIERTA,MONOLINGUE,DOBLE,FIN DE SEMANA,RETALHULEU
11-01-0212-46,11-004,RETALHULEU,RETALHULEU,COLEGIO TECNOLOGICO BLAISE PASCAL,2A CALLE 5-80 ZONA 1,77714747,MIGUEL ANGEL ARMAS ROCHA,YÉNIFFER ANALY MAKEPEACE RUIZ,DIVERSIFICADO,PRIVADO,URBANA,ABIERTA,MONOLINGUE,MATUTINA,DIARIO(REGULAR),RETALHULEU
11-01-0215-46,11-004,RETALHULEU,RETALHULEU,"CENTRO EDUCATIVO ""NUESTRO MUNDO""","7A. CALLE 8-72, ZONA 1",77710773,MIGUEL ANGEL ARMAS ROCHA,LIGIA MARÍA CONCEPCIÓN ALVAREZ MOLINA,DIVERSIFICADO,PRIVADO,URBANA,ABIERTA,MONOLINGUE,MATUTINA,DIARIO(REGULAR),RETALHULEU
11-01-0218-46,11-004,RETALHULEU,RETALHULEU,CENTRO EDUCATIVO RETALTECO DE FORMACIÓN INTEGRAL,8VA. AVENIDA 8-01 ZONA 1,59842385,MIGUEL ANGEL ARMAS ROCHA,JORGE LUIS DÍAZ DE LEÓN,DIVERSIFICADO,PRIVADO,URBANA,ABIERTA,MONOLINGUE,MATUTINA,DIARIO(REGULAR),RETALHULEU
11-01-0223-46,11-004,RETALHULEU,RETALHULEU,COLEGIO MIXTO IDEAS,"9A. AVENIDA ""A"" ANA LUCIA ZONA 4, RETALHULEU",77713771,MIGUEL ANGEL ARMAS ROCHA,SALVADOR LIMA GARCÍA,DIVERSIFICADO,PRIVADO,URBANA,ABIERTA,MONOLINGUE,VESPERTINA,DIARIO(REGULAR),RETALHULEU
11-01-0225-46,11-004,RETALHULEU,RETALHULEU,INSTITUTO PRIVADO MIXTO EDUARDO ORELLANA MATTA,LOTIFICACION PERU ZONA 4,30931824,MIGUEL ANGEL ARMAS ROCHA,SILVIA RODRÍGUEZ CAYAX,DIVERSIFICADO,PRIVADO,URBANA,ABIERTA,MONOLINGUE,VESPERTINA,DIARIO(REGULAR),RETALHULEU
11-01-0226-46,11-004,RETALHULEU,RETALHULEU,INSTITUTO PRIVADO MIXTO EDUARDO ORELLANA MATTA,LOTIFICACION PERU ZONA 4,34791862,MIGUEL ANGEL ARMAS ROCHA,SILVIA RODRÍGUEZ CAYAX,DIVERSIFICADO,PRIVADO,URBANA,ABIERTA,MONOLINGUE,MATUTINA,DIARIO(REGULAR),RETALHULEU
11-01-0230-46,11-004,RETALHULEU,RETALHULEU,INSTITUTO PRIVADO MIXTO EDUARDO ORELLANA MATTA,15A. CALLE LOTIFICACION PERU ZONA 4,77716393,MIGUEL ANGEL ARMAS ROCHA,SILVIA RODRIGUEZ CAYAX,DIVERSIFICADO,PRIVADO,URBANA,ABIERTA,MONOLINGUE,NOCTURNA,DIARIO(REGULAR),RETALHULEU
11-01-0232-46,11-004,RETALHULEU,RETALHULEU,COLEGIO MIXTO LICEO RETALTECO,3A. AVENIDA 6-49 ZONA 1,77710580,MIGUEL ANGEL ARMAS ROCHA,JORGE VICTORIO VÁSQUEZ GARCÍA,DIVERSIFICADO,PRIVADO,URBANA,ABIERTA,MONOLINGUE,MATUTINA,DIARIO(REGULAR),RETALHULEU
11-01-0237-46,11-017,RETALHULEU,RETALHULEU,LICEO TECNOLÓGICO JAVIER MARTINEZ,"7A. CALLE, 2-54, ZONA 1 RETALHULEU",34077993,MIGUEL ANGEL ARMAS ROCHA,EBER NEÍM CIFUENTES GRAMAJO,DIVERSIFICADO,PRIVADO,RURAL,ABIERTA,MONOLINGUE,DOBLE,FIN DE SEMANA,RETALHULEU
11-01-0240-46,11-017,RETALHULEU,RETALHULEU,COLEGIO TECNOLÓGICO CABALLO BLANCO,"AREA URBANA, ALDEA CABALLO BLANCO RETALHULEU",41349740,MIGUEL ANGEL ARMAS ROCHA,LOURDES YANIRA RAMOS MOLINA,DIVERSIFICADO,PRIVADO,RURAL,ABIERTA,MONOLINGUE,DOBLE,FIN DE SEMANA,RETALHULEU
11-01-0242-46,11-004,RETALHULEU,RETALHULEU,INSTITUTO DE EDUCACIÓN ARTÍSTICA DEL SUR IDEAS,"9A. AVENIDA A 2-05, RESIDENCIALES ANA LUCIA, ZONA 4 RETALHULEU",77713771,MIGUEL ANGEL ARMAS ROCHA,ABRAHAM ISAÍAS VELÁSQUEZ LÓPEZ,DIVERSIFICADO,PRIVADO,URBANA,ABIERTA,MONOLINGUE,DOBLE,DIARIO(REGULAR),RETALHULEU
11-01-0249-46,11-017,RETALHULEU,RETALHULEU,"CENTRO EDUCATIVO RETALTECO DE FORMACIÓN Y CAPACITACIÓN ""DON BOSCO""",4A. AVENIDA 3-03 ZONA 1,42712419,MIGUEL ANGEL ARMAS ROCHA,WAGNER EMILIO LÓPEZ,DIVERSIFICADO,PRIVADO,URBANA,ABIERTA,MONOLINGUE,DOBLE,FIN DE SEMANA,RETALHULEU
11-01-0250-46,11-017,RETALHULEU,RETALHULEU,"CENTRO EDUCATIVO DE FORMACIÓN Y CAPACITACIÓN ""DON BOSCO""",4A. AVENIDA 3-03 ZONA 1,42172807,MIGUEL ANGEL ARMAS ROCHA,WAGNER EMILIO LÓPEZ,DIVERSIFICADO,PRIVADO,URBANA,ABIERTA,MONOLINGUE,DOBLE,FIN DE SEMANA,RETALHULEU
11-01-0253-46,11-017,RETALHULEU,RETALHULEU,COLEGIO MIXTO TECNOLÓGICO SAN AGUSTÍN,1A. CALLE 4-05 CALZADA NAVIDAD ZONA 4,77713125,MIGUEL ANGEL ARMAS ROCHA,SINDY LINETH YOC GAMBOA,DIVERSIFICADO,PRIVADO,URBANA,ABIERTA,MONOLINGUE,DOBLE,FIN DE SEMANA,RETALHULEU
11-01-0255-46,11-017,RETALHULEU,RETALHULEU,CENTRO EDUCATIVO NUEVA CANDELARIA,ALDEA NUEVA CANDELARIA,59265598,MIGUEL ANGEL ARMAS ROCHA,OSVALDO ZACARÍAS ICHEL,DIVERSIFICADO,PRIVADO,RURAL,ABIERTA,MONOLINGUE,DOBLE,FIN DE SEMANA,RETALHULEU
11-01-0257-46,11-017,RETALHULEU,RETALHULEU,COLEGIO MIXTO SUPERACIÓN,3A. AVENIDA DEL RASTRO Y 4A. CALLE ZONA 4,30094458,MIGUEL ANGEL ARMAS ROCHA,PEDRO MANUEL LUCAS CHANTÉ,DIVERSIFICADO,PRIVADO,URBANA,ABIERTA,MONOLINGUE,DOBLE,FIN DE SEMANA,RETALHULEU
11-01-0258-46,11-017,RETALHULEU,RETALHULEU,COLEGIO MIXTO SUPERACIÓN,7A. AVENIDA 4-68 ZONA 1,30090452,MIGUEL ANGEL ARMAS ROCHA,ENMA CRISTINA MARROQUÍN REYES,DIVERSIFICADO,PRIVADO,URBANA,ABIERTA,MONOLINGUE,DOBLE,FIN DE SEMANA,RETALHULEU
11-01-0267-46,11-017,RETALHULEU,RETALHULEU,"COLEGIO EVANGÉLICO MIXTO ""SINAI"" II",2A. CALLE 5-16 ZONA 4,77715340,MIGUEL ANGEL ARMAS ROCHA,EVELYN ELIZABETH MALDONADO PACHECO,DIVERSIFICADO,PRIVADO,URBANA,ABIERTA,MONOLINGUE,DOBLE,FIN DE SEMANA,RETALHULEU
11-01-0271-46,11-017,RETALHULEU,RETALHULEU,"COLEGIO TECNOLÓGICO ""BLAISE PASCAL""",2A. CALLE 5-82 ZONA 1,41503836,MIGUEL ANGEL ARMAS ROCHA,YÉNIFFER ANALY MAKEPEACE RUIZ,DIVERSIFICADO,PRIVADO,URBANA,ABIERTA,MONOLINGUE,DOBLE,FIN DE SEMANA,RETALHULEU
11-01-0272-46,11-017,RETALHULEU,RETALHULEU,"COLEGIO TECNOLÓGICO ""BLAISE PASCAL""",2A. CALLE 5-82 ZONA 1,41503836,MIGUEL ANGEL ARMAS ROCHA,YÉNIFFER ANALY MAKEPEACE RUIZ,DIVERSIFICADO,PRIVADO,URBANA,ABIERTA,MONOLINGUE,DOBLE,FIN DE SEMANA,RETALHULEU
11-01-0276-46,11-017,RETALHULEU,RETALHULEU,"COLEGIO ""SANTA TERESA""",ALDEA CABALLO BLANCO,41498467,MIGUEL ANGEL ARMAS ROCHA,HÉCTOR ARMANDO TOC,DIVERSIFICADO,PRIVADO,URBANA,ABIERTA,MONOLINGUE,DOBLE,FIN DE SEMANA,RETALHULEU
11-01-0293-46,11-017,RETALHULEU,RETALHULEU,"COLEGIO ""JOSÉ BATRES MONTÚFAR""",3RA. AVENIDA 6-92 ZONA 2 LOTIFICACION EL RIO,56220514,MIGUEL ANGEL ARMAS ROCHA,EDELMIRA SANTOS SÁNCHEZ MORÁN,DIVERSIFICADO,PRIVADO,URBANA,ABIERTA,MONOLINGUE,DOBLE,FIN DE SEMANA,RETALHULEU
11-01-0294-46,11-004,RETALHULEU,RETALHULEU,"COLEGIO PRIVADO MIXTO ""NUEVA GENERACIÓN""",5-03 ZONA 4 CALZADA NAVIDAD,77718842,MIGUEL ANGEL ARMAS ROCHA,SHEILY PAULINA GUOX LÓPEZ,DIVERSIFICADO,PRIVADO,URBANA,ABIERTA,MONOLINGUE,MATUTINA,DIARIO(REGULAR),RETALHULEU
11-01-0296-46,11-017,RETALHULEU,RETALHULEU,"COLEGIO PRIVADO MIXTO ""NUEVA GENERACIÓN""",5-03 ZONA 4 CALZADA NAVIDAD,77718842,MIGUEL ANGEL ARMAS ROCHA,SHEILY PAULINA GUOX LÓPEZ,DIVERSIFICADO,PRIVADO,URBANA,ABIERTA,MONOLINGUE,DOBLE,FIN DE SEMANA,RETALHULEU
11-01-0300-46,11-017,RETALHULEU,RETALHULEU,"COLEGIO EVANGÉLICO MIXTO ""SINAÍ""","5A. CALLE INGRESO AL PEDREGAL I, ZONA6",77715189,MIGUEL ANGEL ARMAS ROCHA,OLGA MAVIL CAYAX PÉREZ,DIVERSIFICADO,PRIVADO,URBANA,ABIERTA,MONOLINGUE,DOBLE,FIN DE SEMANA,RETALHULEU
11-01-0304-46,11-004,RETALHULEU,RETALHULEU,COLEGIO MIXTO EN COMPUTACIÓN LA MERCED,4TA. AVE. 4-58 ZONA 1,77718857,MIGUEL ANGEL ARMAS ROCHA,MARJORY VANESSA CABRERA ELÍAS,DIVERSIFICADO,PRIVADO,URBANA,ABIERTA,MONOLINGUE,MATUTINA,DIARIO(REGULAR),RETALHULEU
11-01-0306-46,11-017,RETALHULEU,RETALHULEU,COLEGIO MIXTO EN COMPUTACIÓN LA MERCED,"3A. AVENIDA 5-36, ZONA 1",55634460,MIGUEL ANGEL ARMAS ROCHA,MARJORY VANESSA CABRERA ELÍAS,DIVERSIFICADO,PRIVADO,URBANA,ABIERTA,MONOLINGUE,DOBLE,FIN DE SEMANA,RETALHULEU
11-01-0308-46,11-017,RETALHULEU,RETALHULEU,COLEGIO MIXTO EN COMPUTACIÓN LA MERCED,"3A. AVENIDA 5-36, ZONA 1",55634460,MIGUEL ANGEL ARMAS ROCHA,MARJORY VANESSA CABRERA ELÍAS,DIVERSIFICADO,PRIVADO,URBANA,ABIERTA,MONOLINGUE,DOBLE,FIN DE SEMANA,RETALHULEU
11-01-0316-46,11-004,RETALHULEU,RETALHULEU,"COLEGIO EDUCATIVO PRIVADO MIXTO DE FORMACIÓN Y CAPACITACIÓN ""MIGUEL ÁNGEL ASTURIAS""","SECTOR EL INFIERNITO, PARCELAMIENTO CABALLO BLANCO, RETALHULEU",46162724,MIGUEL ANGEL ARMAS ROCHA,EDUARDO GÓMEZ GONZÁLEZ,DIVERSIFICADO,PRIVADO,URBANA,ABIERTA,MONOLINGUE,MATUTINA,DIARIO(REGULAR),RETALHULEU
11-01-0320-46,11-017,RETALHULEU,RETALHULEU,"COLEGIO EDUCATIVO PRIVADO MIXTO DE FORMACIÓN Y CAPACITACIÓN ""MIGUEL ÁNGEL ASTURIAS""","SECTOR EL INFIERNITO, PARCELAMIENTO CABALLO BLANCO, RETALHULEU",46162724,MIGUEL ANGEL ARMAS ROCHA,EDUARDO GÓMEZ GONZÁLEZ,DIVERSIFICADO,PRIVADO,URBANA,ABIERTA,MONOLINGUE,DOBLE,FIN DE SEMANA,RETALHULEU
11-01-0321-46,11-017,RETALHULEU,RETALHULEU,"COLEGIO EVANGÉLICO MIXTO "" PALABRA VIVA """,2DA. AV. 6-90 ZONA 5 AVENIDA FUNDABIEN,57101865,MIGUEL ANGEL ARMAS ROCHA,OLIMPIA DEL PILAR CARDOZA REYES,DIVERSIFICADO,PRIVADO,URBANA,ABIERTA,MONOLINGUE,DOBLE,FIN DE SEMANA,RETALHULEU
11-01-0327-46,11-017,RETALHULEU,RETALHULEU,"COLEGIO EVANGÉLICO MIXTO "" PALABRA VIVA """,2DA. AV. 6-90 ZONA 5 AVENIDA FUNDABIEN,57101865,MIGUEL ANGEL ARMAS ROCHA,OLIMPIA DEL PILAR CARDOZA REYES,DIVERSIFICADO,PRIVADO,URBANA,ABIERTA,MONOLINGUE,DOBLE,FIN DE SEMANA,RETALHULEU
11-01-0338-46,11-004,RETALHULEU,RETALHULEU,"COLEGIO EVANGÉLICO MIXTO "" PALABRA VIVA """,2DA. AV. 6-90 ZONA 5 AVENIDA FUNDABIEN,57101865,MIGUEL ANGEL ARMAS ROCHA,OLIMPIA DEL PILAR CARDOZA REYES,DIVERSIFICADO,PRIVADO,URBANA,ABIERTA,MONOLINGUE,MATUTINA,DIARIO(REGULAR),RETALHULEU
11-01-0340-46,11-004,RETALHULEU,RETALHULEU,"COLEGIO EVANGÉLICO MIXTO "" PALABRA VIVA """,2DA. AV. 6-90 ZONA 5 AVENIDA FUNDABIEN,57101865,MIGUEL ANGEL ARMAS ROCHA,OLIMPIA DEL PILAR CARDOZA REYES,DIVERSIFICADO,PRIVADO,URBANA,ABIERTA,MONOLINGUE,VESPERTINA,DIARIO(REGULAR),RETALHULEU
11-01-0357-46,11-017,RETALHULEU,RETALHULEU,"COLEGIO PRIVADO MIXTO ""LUIS CARDOZA Y ARAGÓN""","1A. CALLE 8-71, ZONA 1",42227251,MIGUEL ANGEL ARMAS ROCHA,ANGEL IGNACIO VASQUEZ GARCIA,DIVERSIFICADO,PRIVADO,URBANA,ABIERTA,MONOLINGUE,MATUTINA,DIARIO(REGULAR),RETALHULEU
11-01-0365-46,11-017,RETALHULEU,RETALHULEU,COLEGIO MIXTO IDEAS,"9A. AVENIDA ""A"", 2-05, RESIDENCIALES ""ANA LUCIA"", ZONA 4",77385209,MIGUEL ANGEL ARMAS ROCHA,ABRAHAM ISAÍAS VELÁSQUEZ LÓPEZ,DIVERSIFICADO,PRIVADO,URBANA,ABIERTA,MONOLINGUE,MATUTINA,DIARIO(REGULAR),RETALHULEU
11-01-0366-46,11-017,RETALHULEU,RETALHULEU,COLEGIO MIXTO IDEAS,"9A. AVENIDA ""A"", 2-05, RESIDENCIALES ""ANA LUCIA"", ZONA 4",79385209,MIGUEL ANGEL ARMAS ROCHA,ABRAHAM ISAÍAS VELÁSQUEZ LÓPEZ,DIVERSIFICADO,PRIVADO,URBANA,ABIERTA,MONOLINGUE,DOBLE,FIN DE SEMANA,RETALHULEU
11-01-0372-46,11-004,RETALHULEU,RETALHULEU,COLEGIO PRIVADO MIXTO NUEVA GENERACIÓN,5-03 ZONA 4 CALZADA NAVIDAD,77718842,MIGUEL ANGEL ARMAS ROCHA,ANGEL OSWALDO RAMIREZ CABRERA,DIVERSIFICADO,PRIVADO,URBANA,ABIERTA,MONOLINGUE,DOBLE,DIARIO(REGULAR),RETALHULEU
11-01-0376-46,11-017,RETALHULEU,RETALHULEU,COLEGIO TECNOLÓGICO JAN KOMENSKY,5TA CALLE 6-80 ZONA 1,32159539,MIGUEL ANGEL ARMAS ROCHA,AXEL OTONIEL XICARÁ CONTRERAS,DIVERSIFICADO,PRIVADO,URBANA,ABIERTA,MONOLINGUE,DOBLE,FIN DE SEMANA,RETALHULEU
11-01-0383-46,11-017,RETALHULEU,RETALHULEU,"COLEGIO MIXTO ""LUIS FERNANDO ESQUIVEL SANCHEZ""",4A. AVENIDA 3-03 ZONA 1,42172532,MIGUEL ANGEL ARMAS ROCHA,PATRICIA ELIZABETH DE LEÓN SAMAYOA,DIVERSIFICADO,PRIVADO,URBANA,ABIERTA,MONOLINGUE,DOBLE,FIN DE SEMANA,RETALHULEU
11-01-0384-46,11-017,RETALHULEU,RETALHULEU,"COLEGIO MIXTO ""LUIS FERNANDO ESQUIVEL SANCHEZ""",4A. AVENIDA 3-03 ZONA 1,42172532,MIGUEL ANGEL ARMAS ROCHA,PATRICIA ELIZABETH DE LEÓN SAMAYOA,DIVERSIFICADO,PRIVADO,URBANA,ABIERTA,MONOLINGUE,DOBLE,FIN DE SEMANA,RETALHULEU
11-01-0387-46,11-017,RETALHULEU,RETALHULEU,"COLEGIO PRIVADO MIXTO ""CABALLO BLANCO""",CENTRO URBANO PARCELAMIENTO CABALLO BLANCO,41333379,MIGUEL ANGEL ARMAS ROCHA,HÉCTOR JULIÁN RODAS MAZARIEGOS,DIVERSIFICADO,PRIVADO,URBANA,ABIERTA,MONOLINGUE,DOBLE,FIN DE SEMANA,RETALHULEU
11-01-0388-46,11-017,RETALHULEU,RETALHULEU,"COLEGIO PRIVADO MIXTO ""CABALLO BLANCO""",CENTRO URBANO PARCELAMIENTO CABALLO BLANCO,41333379,MIGUEL ANGEL ARMAS ROCHA,HÉCTOR JULIÁN RODAS MAZARIEGOS,DIVERSIFICADO,PRIVADO,URBANA,ABIERTA,MONOLINGUE,DOBLE,FIN DE SEMANA,RETALHULEU
11-01-0389-46,11-004,RETALHULEU,RETALHULEU,"COLEGIO MIXTO ""LA PAZ""",1A. AVENIDA 2-17 ZONA 1,53137309,MIGUEL ANGEL ARMAS ROCHA,EMILY KARINA PAZ INTERIANO,DIVERSIFICADO,PRIVADO,URBANA,ABIERTA,MONOLINGUE,VESPERTINA,DIARIO(REGULAR),RETALHULEU
11-01-0393-46,11-004,RETALHULEU,RETALHULEU,COLEGIO PARTICULAR MIXTO PAULO COELHO,5A. AVENIDA 7-55 ZONA 1,77283648,MIGUEL ANGEL ARMAS ROCHA,WERNER MISAEL TIPAZ FLORES,DIVERSIFICADO,PRIVADO,URBANA,ABIERTA,MONOLINGUE,VESPERTINA,DIARIO(REGULAR),RETALHULEU
11-01-0397-46,11-017,RETALHULEU,RETALHULEU,CENTRO EDUCATIVO NUEVA CANDELARIA,ALDEA NUEVA CANDELARIA,58073087,MIGUEL ANGEL ARMAS ROCHA,OSVALDO ZACARÍAS ICHEL,DIVERSIFICADO,PRIVADO,RURAL,ABIERTA,MONOLINGUE,DOBLE,FIN DE SEMANA,RETALHULEU
11-01-0400-46,11-017,RETALHULEU,RETALHULEU,COLEGIO MIXTO TECNOLÓGICO SAN AGUSTÍN,"1A. CALLE 4-05 ZONA 4, CALZADA NAVIDAD",77713125,MIGUEL ANGEL ARMAS ROCHA,GLENDY SORAYDA MORENO POP,DIVERSIFICADO,PRIVADO,URBANA,ABIERTA,MONOLINGUE,VESPERTINA,DIARIO(REGULAR),RETALHULEU
11-01-0402-46,11-014,RETALHULEU,RETALHULEU,INSTITUTO NACIONAL DE EDUCACIÓN DIVERSIFICADA,"BARRIO MONTERREY, ZONA 4",40754551,JULIO CÉSAR HERRERA ROLDÁN,MARVIN LEONEL ALONZO SÁNCHEZ,DIVERSIFICADO,OFICIAL,URBANA,ABIERTA,MONOLINGUE,NOCTURNA,DIARIO(REGULAR),RETALHULEU
11-01-0404-46,11-017,RETALHULEU,RETALHULEU,"COLEGIO PRIVADO URBANO MIXTO ""BILINGUE PARAÍSO""",3A. AVENIDA 7-69 ZONA 2,77718861,MIGUEL ANGEL ARMAS ROCHA,JORGE ROBERTO ARREAGA PAZ,DIVERSIFICADO,PRIVADO,URBANA,ABIERTA,MONOLINGUE,DOBLE,FIN DE SEMANA,RETALHULEU
11-01-0409-46,11-017,RETALHULEU,RETALHULEU,COLEGIO CRISTIANO BELÉN,ALDEA LA GUITARRA,50172946,MIGUEL ANGEL ARMAS ROCHA,KEILY DALILA LÓPEZ SIGÜENZA,DIVERSIFICADO,PRIVADO,RURAL,ABIERTA,MONOLINGUE,DOBLE,FIN DE SEMANA,RETALHULEU
11-01-0413-46,11-017,RETALHULEU,RETALHULEU,COLEGIO EXPERIMENTAL DISTRITO DE ALTO RENDIMIENTO DAR LA TRINIDAD,"0 CALLE ZONA 4, CANTÓN OCOSITO",54147820,MIGUEL ANGEL ARMAS ROCHA,CLARA ANNABELLA OLIVEROS CORADO,DIVERSIFICADO,PRIVADO,RURAL,ABIERTA,MONOLINGUE,VESPERTINA,DIARIO(REGULAR),RETALHULEU
11-01-0418-46,11-017,RETALHULEU,RETALHULEU,INSTITUTO TECNOLÓGICO DE EDUCACIÓN BILINGUE INTERCULTURAL,"LOTIFICACIÓN EL BOSQUE, ZONA 6",58385426,MIGUEL ANGEL ARMAS ROCHA,IRMA YOLANDA SÁNCHEZ SÚM DE MULUL,DIVERSIFICADO,MUNICIPAL,URBANA,ABIERTA,BILINGUE,VESPERTINA,DIARIO(REGULAR),RETALHULEU
11-01-0419-46,11-004,RETALHULEU,RETALHULEU,COLEGIO TECNOLÓGICO BLAISE PASCAL,2A. CALLE 5-80 ZONA 1,42966666,MIGUEL ANGEL ARMAS ROCHA,YENIFFER ANALY MAKEPEACE RUÍZ,DIVERSIFICADO,PRIVADO,URBANA,ABIERTA,MONOLINGUE,MATUTINA,DIARIO(REGULAR),RETALHULEU
11-01-0420-46,11-017,RETALHULEU,RETALHULEU,COLEGIO TECNOLÓGICO BLAISE PASCAL,2A. CALLE 5-80 ZONA 1,42966666,MIGUEL ANGEL ARMAS ROCHA,YENIFFER ANALY MAKEPEACE RUÍZ,DIVERSIFICADO,PRIVADO,URBANA,ABIERTA,MONOLINGUE,DOBLE,FIN DE SEMANA,RETALHULEU
11-01-0422-46,11-004,RETALHULEU,RETALHULEU,COLEGIO SMART KIDS GARDEN,10 AVENIDA 5-88 ZONA 4 BARRIO MONTERREY,77253238,MIGUEL ANGEL ARMAS ROCHA,GRISELDA ALEJANDRA OSORIO GÓMEZ,DIVERSIFICADO,PRIVADO,URBANA,ABIERTA,MONOLINGUE,MATUTINA,DIARIO(REGULAR),RETALHULEU
11-01-0425-46,11-017,RETALHULEU,RETALHULEU,"COLEGIO PRIVADO MIXTO DE EDUCACIÓN MEDIA ""PROF. JULIO CÉSAR ACOSTA BARRASCOUT""",7A. AVENIDA 8-96 ZONA 1,50238057,MIGUEL ANGEL ARMAS ROCHA,CLAUDIA LORENA GARCIA IXCHOP,DIVERSIFICADO,PRIVADO,URBANA,ABIERTA,MONOLINGUE,MATUTINA,DIARIO(REGULAR),RETALHULEU
11-01-0435-46,11-004,RETALHULEU,RETALHULEU,INSTITUTO DE COMPUTACIÓN INFORMÁTICA,"RUTA 6W 10A. AVE. 0-50 ZONA 4, RESIDENCIALES ANA LUCIA",77716271,MIGUEL ANGEL ARMAS ROCHA,IRMA VIOLETA CALDERÓN VILLATORO,DIVERSIFICADO,PRIVADO,URBANA,ABIERTA,MONOLINGUE,MATUTINA,DIARIO(REGULAR),RETALHULEU
11-01-0436-46,11-017,RETALHULEU,RETALHULEU,COLEGIO CRISTIANO MIXTO BLESSING,"9AV. 7-30 ZONA 4, CANTON PERU",55114823,MIGUEL ANGEL ARMAS ROCHA,OSCAR DANIEL SIGUENZA MORALES,DIVERSIFICADO,PRIVADO,URBANA,ABIERTA,MONOLINGUE,MATUTINA,DIARIO(REGULAR),RETALHULEU
11-01-0437-46,11-014,RETALHULEU,RETALHULEU,INSTITUTO NACIONAL MIXTO NOCTURNO DE EDUCACIÓN MEDIA,3A. AVENIDA 6-49 ZONA 4,30517668,JULIO CÉSAR HERRERA ROLDÁN,JUAN DE DIOS RODAS HERNÁNDEZ,DIVERSIFICADO,OFICIAL,URBANA,ABIERTA,MONOLINGUE,NOCTURNA,DIARIO(REGULAR),RETALHULEU
11-01-0441-46,11-004,RETALHULEU,RETALHULEU,COLEGIO CRISTIANO BELÉN,CENTRO URBANO ALDEA LA GUITARRA,55152872,MIGUEL ANGEL ARMAS ROCHA,KEILY DALILA LÓPEZ SIGUENZA DE HERRERA,DIVERSIFICADO,PRIVADO,RURAL,ABIERTA,MONOLINGUE,VESPERTINA,DIARIO(REGULAR),RETALHULEU
11-01-0445-46,11-004,RETALHULEU,RETALHULEU,COLEGIO CRISTIANO VERBO,5TA. CALLE 5-05 ZONA 6,41039475,MIGUEL ANGEL ARMAS ROCHA,MIGUEL ANGEL CORDERO MONZÓN,DIVERSIFICADO,PRIVADO,URBANA,ABIERTA,MONOLINGUE,MATUTINA,DIARIO(REGULAR),RETALHULEU
11-01-0446-46,11-019,RETALHULEU,RETALHULEU,PROGRAMA NACIONAL DE EDUCACION ALTERNATIVA -PRONEA-,4A. CALLE 6-10 ZONA 6,56980135,LISBETH SURAMA LOPEZ CALVILLO,LISBETH SURAMA LÓPEZ CALVILLO,DIVERSIFICADO,OFICIAL,RURAL,ABIERTA,MONOLINGUE,DOBLE,A DISTANCIA,RETALHULEU
11-01-0447-46,11-019,RETALHULEU,RETALHULEU,MODALIDADES FLEXIBLES,4TA. CALLE 6-10 ZONA 6,56231580,LISBETH SURAMA LOPEZ CALVILLO,PEDRO LEONARDO REYNA MOLLER,DIVERSIFICADO,OFICIAL,URBANA,ABIERTA,MONOLINGUE,MATUTINA,A DISTANCIA,RETALHULEU
11-01-0452-46,11-017,RETALHULEU,RETALHULEU,COLEGIO MIXTO MARIO MONTEFORTE TOLEDO,4TA. CALLE 2-12 ZONA 2 LOTIFICACION EL PRADO,77713190,MIGUEL ANGEL ARMAS ROCHA,GLENDA JEANETTE CHÁVEZ GÓMEZ,DIVERSIFICADO,PRIVADO,URBANA,ABIERTA,MONOLINGUE,DOBLE,FIN DE SEMANA,RETALHULEU
11-01-0453-46,11-017,RETALHULEU,RETALHULEU,COLEGIO MIXTO MARIO MONTEFORTE TOLEDO,4TA. CALLE 2-12 ZONA 2 LOTIFICACION EL PRADO,77713190,MIGUEL ANGEL ARMAS ROCHA,GLENDA JEANETTE CHÁVEZ GÓMEZ,DIVERSIFICADO,PRIVADO,URBANA,ABIERTA,MONOLINGUE,DOBLE,FIN DE SEMANA,RETALHULEU
11-01-0457-46,11-017,RETALHULEU,RETALHULEU,CENTRO EDUCATIVO NAPOLEÓN VILLATORO,14 AVENIDA 5-15 ZONA 4 BARRIO MONTERREY,55743752,MIGUEL ANGEL ARMAS ROCHA,ELÍSET HAYDEÉ VILLATORO DARDÓN,DIVERSIFICADO,PRIVADO,URBANA,ABIERTA,MONOLINGUE,MATUTINA,FIN DE SEMANA,RETALHULEU
11-01-0458-46,11-004,RETALHULEU,RETALHULEU,COLEGIO TECNOLÓGICO JAN KOMENSKY,5TA CALLE 6-80 ZONA 1,32159539,MIGUEL ANGEL ARMAS ROCHA,AXEL OTONIEL XICARÁ CONTRERAS,DIVERSIFICADO,PRIVADO,URBANA,ABIERTA,MONOLINGUE,MATUTINA,DIARIO(REGULAR),RETALHULEU
11-01-0460-46,11-004,RETALHULEU,RETALHULEU,COLEGIO EVANGELICO MIXTO BUENA CREACION,1RA. CALLE 8-90 ZONA 5 CANTON DOLORES,77714103,MIGUEL ANGEL ARMAS ROCHA,VIVIAN LINELY DARDÓN ZUMETA,DIVERSIFICADO,PRIVADO,URBANA,ABIERTA,MONOLINGUE,MATUTINA,DIARIO(REGULAR),RETALHULEU
11-01-0464-46,11-014,RETALHULEU,RETALHULEU,INSTITUTO NACIONAL DE EDUCACIÓN DIVERSIFICADA,3A. CALLE 6-49 ZONA 4,55356304,JULIO CÉSAR HERRERA ROLDÁN,MAYRA LILIANA DE LEÓN TOLEDO,DIVERSIFICADO,OFICIAL,URBANA,ABIERTA,MONOLINGUE,VESPERTINA,DIARIO(REGULAR),RETALHULEU
11-01-0468-46,11-017,RETALHULEU,RETALHULEU,"LICEO TECNOLÓGICO ""JAVIER MARTÍNEZ""",7A. CALLE 2-54 ZONA 1,30278806,MIGUEL ANGEL ARMAS ROCHA,EBER NEÍM CIFUENTES GRAMAJO,DIVERSIFICADO,PRIVADO,URBANA,ABIERTA,MONOLINGUE,SIN JORNADA,SEMIPRESENCIAL (FIN DE SEMANA),RETALHULEU
11-01-0470-46,11-017,RETALHULEU,RETALHULEU,"COLEGIO PRIVADO MIXTO ""LUIS CARDOZA Y ARAGÓN""",3A. AVENIDA 6-33 ZONA 1,42207257,MIGUEL ANGEL ARMAS ROCHA,ANGEL IGNACIO VASQUEZ GARCIA,DIVERSIFICADO,PRIVADO,URBANA,ABIERTA,MONOLINGUE,SIN JORNADA,SEMIPRESENCIAL (FIN DE SEMANA),RETALHULEU
11-01-0472-46,11-017,RETALHULEU,RETALHULEU,"COLEGIO TECNOLÓGICO ""CABALLO BLANCO""","SECTOR LA UNIN, PARCELAMIENTO CABALLO BLANCO",43031759,MIGUEL ANGEL ARMAS ROCHA,LOURDES YANIRA RAMOS MOLINA,DIVERSIFICADO,PRIVADO,URBANA,ABIERTA,MONOLINGUE,SIN JORNADA,SEMIPRESENCIAL (FIN DE SEMANA),RETALHULEU
11-01-0474-46,11-017,RETALHULEU,RETALHULEU,COLEGIO EVANGÉLICO MIXTO SINAÍ,CALLE INGRESO AL PEDREGAL ZONA 1,77715189,MIGUEL ANGEL ARMAS ROCHA,OLGA MAVIL CAYAX PÉREZ,DIVERSIFICADO,PRIVADO,URBANA,ABIERTA,MONOLINGUE,SIN JORNADA,SEMIPRESENCIAL (FIN DE SEMANA),RETALHULEU
11-01-0476-46,11-017,RETALHULEU,RETALHULEU,COLEGIO PARTICULAR MIXTO PAULO COELHO,9AV. 6TA. CALLE 9-88 ZONA 1,47022982,MIGUEL ANGEL ARMAS ROCHA,LINDA JASMÍN LÓPEZ AGUILAR,DIVERSIFICADO,PRIVADO,URBANA,ABIERTA,MONOLINGUE,SIN JORNADA,SEMIPRESENCIAL (FIN DE SEMANA),RETALHULEU
11-01-0478-46,11-017,RETALHULEU,RETALHULEU,COLEGIO MIXTO RETALHULEU,6A. AVENIDA 3-40 ZONA 1,77364113,MIGUEL ANGEL ARMAS ROCHA,SALVADOR LIMA GARCÍA,DIVERSIFICADO,PRIVADO,URBANA,ABIERTA,MONOLINGUE,SIN JORNADA,SEMIPRESENCIAL (FIN DE SEMANA),RETALHULEU
11-01-0480-46,11-017,RETALHULEU,RETALHULEU,COLEGIO MIXTO SUPERACIÓN,3A. AVENIDA DEL RASTRO Y 4A. CALLE ZONA 4,30094458,MIGUEL ANGEL ARMAS ROCHA,PEDRO MANUEL LUCAS CHANTÉ,DIVERSIFICADO,PRIVADO,URBANA,ABIERTA,MONOLINGUE,SIN JORNADA,SEMIPRESENCIAL (FIN DE SEMANA),RETALHULEU
11-01-0482-46,11-017,RETALHULEU,RETALHULEU,COLEGIO EVANGELICO MIXTO SINAI II,2A. CALLE 5-16 ZONA 4,77715340,MIGUEL ANGEL ARMAS ROCHA,EVELYN ELIZABETH MALDONADO PACHECO,DIVERSIFICADO,PRIVADO,URBANA,ABIERTA,MONOLINGUE,SIN JORNADA,SEMIPRESENCIAL (FIN DE SEMANA),RETALHULEU
11-01-0484-46,11-017,RETALHULEU,RETALHULEU,"INSTITUTO BASICO Y BACHILLERATO POR MADUREZ ""DESARROLLO INTEGRADOR""",3A. CALLE 6-49 ZONA 4,57171401,MIGUEL ANGEL ARMAS ROCHA,LIC. OSCAR ROBERTO ANGEL OVANDO,DIVERSIFICADO,PRIVADO,URBANA,ABIERTA,MONOLINGUE,SIN JORNADA,SEMIPRESENCIAL (FIN DE SEMANA),RETALHULEU
11-01-0486-46,11-017,RETALHULEU,RETALHULEU,COLEGIO MIXTO TECNOLÓGICO SAN AGUSTÍN,1A. CALLE 4-05 ZONA 4,77713125,MIGUEL ANGEL ARMAS ROCHA,SINDY LINETH YOC GAMBOA,DIVERSIFICADO,PRIVADO,URBANA,ABIERTA,MONOLINGUE,SIN JORNADA,SEMIPRESENCIAL (FIN DE SEMANA),RETALHULEU
11-01-0488-46,11-017,RETALHULEU,RETALHULEU,COLEGIO MIXTO ISIDRO TARACENA,4A. AVENIDA 4-58 ZONA 1,58862710,MIGUEL ANGEL ARMAS ROCHA,JUAN ENRIQUE GÓMEZ PORRÓN,DIVERSIFICADO,PRIVADO,URBANA,ABIERTA,MONOLINGUE,SIN JORNADA,SEMIPRESENCIAL (FIN DE SEMANA),RETALHULEU
11-01-0490-46,11-017,RETALHULEU,RETALHULEU,COLEGIO CRISTIANO BELÉN,ALDEA LA GUITARRA,50172946,MIGUEL ANGEL ARMAS ROCHA,KEILY DALILA LÓPEZ SIGÜENZA,DIVERSIFICADO,PRIVADO,URBANA,ABIERTA,MONOLINGUE,SIN JORNADA,SEMIPRESENCIAL (FIN DE SEMANA),RETALHULEU
11-01-0492-46,11-017,RETALHULEU,RETALHULEU,COLEGIO PRIVADO MIXTO NUEVA GENERACIÓN,"1A. CALLE 5-03 ZONA 1, CALZADA NAVIDAD",77718842,MIGUEL ANGEL ARMAS ROCHA,SHEILY PAULINA GUOX LÓPEZ,DIVERSIFICADO,PRIVADO,URBANA,ABIERTA,MONOLINGUE,SIN JORNADA,SEMIPRESENCIAL (FIN DE SEMANA),RETALHULEU
11-01-0494-46,11-017,RETALHULEU,RETALHULEU,CENTRO EDUCATIVO RETALTECO DE FORMACIÓN INTEGRAL,8A. AV. 8-01 ZONA 1,77712696,MIGUEL ANGEL ARMAS ROCHA,JORGE LUIS DÍAZ DE LEÓN,DIVERSIFICADO,PRIVADO,URBANA,ABIERTA,MONOLINGUE,SIN JORNADA,SEMIPRESENCIAL (FIN DE SEMANA),RETALHULEU
11-01-0496-46,11-017,RETALHULEU,RETALHULEU,COLEGIO EDUCATIVO PRIVADO MIXTO DE FORMACIÓN Y CAPACITACIÓN MIGUEL ANGEL ASTURIAS,LOTIFICACION EL INFIERNITO CABALLO BLANCO,38979628,MIGUEL ANGEL ARMAS ROCHA,EDUARDO GÓMEZ GONZÁLEZ,DIVERSIFICADO,PRIVADO,URBANA,ABIERTA,MONOLINGUE,SIN JORNADA,SEMIPRESENCIAL (FIN DE SEMANA),RETALHULEU
11-01-0498-46,11-017,RETALHULEU,RETALHULEU,COLEGIO MIXTO LICEO RETALTECO,3A. AVE. 6-49 ZONA1,77710580,MIGUEL ANGEL ARMAS ROCHA,JORGE FELIX VÁSQUEZ ORDOÑEZ,DIVERSIFICADO,PRIVADO,URBANA,ABIERTA,MONOLINGUE,SIN JORNADA,SEMIPRESENCIAL (FIN DE SEMANA),RETALHULEU
11-01-0501-46,11-017,RETALHULEU,RETALHULEU,COLEGIO MIXTO CRISTIANO NUEVOS HORIZONTES,5TA. CALLE 4-31 ZONA 1,45257791,MIGUEL ANGEL ARMAS ROCHA,YANEIDI STEFANÍ PÚ MAZARIEGOS,DIVERSIFICADO,PRIVADO,URBANA,ABIERTA,MONOLINGUE,SIN JORNADA,SEMIPRESENCIAL (FIN DE SEMANA),RETALHULEU
11-01-0503-46,11-017,RETALHULEU,RETALHULEU,CENTRO EDUCATIVO NUEVA CANDELARIA,ALDEA NUEVA CANDELARIA,32567015,MIGUEL ANGEL ARMAS ROCHA,OSVALDO ZACARÍAS ICHEL,DIVERSIFICADO,PRIVADO,RURAL,ABIERTA,MONOLINGUE,SIN JORNADA,SEMIPRESENCIAL (FIN DE SEMANA),RETALHULEU
11-01-0505-46,11-017,RETALHULEU,RETALHULEU,INSTITUTO PRIVADO MIXTO POETA ORELLANA MATTA,9AV. 15 CALLE LOTIFICACION PERU ZONA 4,34791862,MIGUEL ANGEL ARMAS ROCHA,SILVIA RODRÍGUEZ CAYAX,DIVERSIFICADO,PRIVADO,URBANA,ABIERTA,MONOLINGUE,SIN JORNADA,SEMIPRESENCIAL (FIN DE SEMANA),RETALHULEU
11-01-0507-46,11-017,RETALHULEU,RETALHULEU,COLEGIO EVANGELICO MIXTO PALABRA VIVA,2DA. AVENIDA 6-90 ZONA 5 AVENIDA FUNDABIEM,57101865,MIGUEL ANGEL ARMAS ROCHA,OLIMPIA DEL PILAR CARDOZA REYES,DIVERSIFICADO,PRIVADO,URBANA,ABIERTA,MONOLINGUE,SIN JORNADA,SEMIPRESENCIAL (FIN DE SEMANA),RETALHULEU
11-01-0511-46,11-017,RETALHULEU,RETALHULEU,INSTITUTO IBEROAMERICANO DE ESTUDIOS AVANZADOS DE RETALHULEU,CALZADA LAS PALMAS 13-70 ZONA 6,59591351,MIGUEL ANGEL ARMAS ROCHA,MIGUEL ANGEL PISQUIY QUIXTÁN,DIVERSIFICADO,PRIVADO,URBANA,ABIERTA,MONOLINGUE,SIN JORNADA,SEMIPRESENCIAL (FIN DE SEMANA),RETALHULEU
11-01-0513-46,11-017,RETALHULEU,RETALHULEU,COLEGIO JOSÉ BATRES MONTÚFAR,"3A. AVENIDA 6-92 ZONA 2, LOTIFICACION EL RIO",56220514,MIGUEL ANGEL ARMAS ROCHA,EDELMIRA SANTOS SÁNCHEZ MORÁN,DIVERSIFICADO,PRIVADO,URBANA,ABIERTA,MONOLINGUE,SIN JORNADA,SEMIPRESENCIAL (FIN DE SEMANA),RETALHULEU
11-01-0515-46,11-017,RETALHULEU,RETALHULEU,"COLEGIO PRIVADO URBANO MIXTO ""BILINGUE PARAISO""",3A. AVENIDA 7-69 ZONA 2,77718861,MIGUEL ANGEL ARMAS ROCHA,JORGE ROBERTO ARREAGA PAZ,DIVERSIFICADO,PRIVADO,URBANA,ABIERTA,MONOLINGUE,SIN JORNADA,SEMIPRESENCIAL (FIN DE SEMANA),RETALHULEU
11-01-0519-46,11-017,RETALHULEU,RETALHULEU,COLEGIO MIXTO IDEAS,"9A. AV. ""A"" 2-05 ZONA 4, RESIDENCIALES ANA LUCIA",57721156,MIGUEL ANGEL ARMAS ROCHA,ABRAHAM ISAÍAS VELÁSQUEZ LÓPEZ,DIVERSIFICADO,PRIVADO,URBANA,ABIERTA,MONOLINGUE,SIN JORNADA,SEMIPRESENCIAL (FIN DE SEMANA),RETALHULEU
11-01-0521-46,11-017,RETALHULEU,RETALHULEU,COLEGIO TECNOLÓGICO JAN KOMENSKY,5TA. CALLE 6-80 ZONA 1,32159539,MIGUEL ANGEL ARMAS ROCHA,AXEL OTONIEL XICARÁ CONTRERAS,DIVERSIFICADO,PRIVADO,URBANA,ABIERTA,MONOLINGUE,SIN JORNADA,SEMIPRESENCIAL (FIN DE SEMANA),RETALHULEU
11-01-0522-46,11-017,RETALHULEU,RETALHULEU,COLEGIO NACIONAL DE EDUCACIÓN VIRTUAL TESLA,"ENTRADA MONTE BELLO 1, 5TA. CALLE ZONA 6",41039475,MIGUEL ANGEL ARMAS ROCHA,MIGUEL ANGEL CORDERO MONZÓN,DIVERSIFICADO,PRIVADO,URBANA,ABIERTA,MONOLINGUE,DOBLE,VIRTUAL A DISTANCIA,RETALHULEU
11-01-0523-46,11-017,RETALHULEU,RETALHULEU,"COLEGIO TECNOLÓGICO CENTROAMERICANO ""COLTEC""",7A. CALLE 4-19 ZONA 1,50199888,MIGUEL ANGEL ARMAS ROCHA,NORMA KARINA YEÉ OLIVA,DIVERSIFICADO,PRIVADO,URBANA,ABIERTA,MONOLINGUE,MATUTINA,VIRTUAL A DISTANCIA,RETALHULEU
11-01-0525-46,11-017,RETALHULEU,RETALHULEU,COLEGIO MIXTO EN COMPUTACIÓN LA MERCED,4TA. AV. 4-58 ZONA 1,77718857,MIGUEL ANGEL ARMAS ROCHA,MARJORY VANESSA CABRERA ELÍAS,DIVERSIFICADO,PRIVADO,URBANA,ABIERTA,MONOLINGUE,SIN JORNADA,SEMIPRESENCIAL (FIN DE SEMANA),RETALHULEU
11-01-0527-46,11-014,RETALHULEU,RETALHULEU,INSTITUTO NACIONAL MIXTO NOCTURNO DE EDUCACIÓN MEDIA,3A. CALLE 6-49 ZONA 4,53494788,JULIO CÉSAR HERRERA ROLDÁN,JUAN DE DIOS RODAS HERNÁNDEZ,DIVERSIFICADO,OFICIAL,URBANA,ABIERTA,MONOLINGUE,NOCTURNA,DIARIO(REGULAR),RETALHULEU
11-01-0529-46,11-017,RETALHULEU,RETALHULEU,COLEGIO MIXTO MARIO MONTEFORTE TOLEDO,4TA. CALLE 2-12 ZONA 2 LOTIFICACION EL PRADO,77713190,MIGUEL ANGEL ARMAS ROCHA,GLENDA JEANETTE CHÁVEZ GÓMEZ,DIVERSIFICADO,PRIVADO,URBANA,ABIERTA,MONOLINGUE,SIN JORNADA,SEMIPRESENCIAL (FIN DE SEMANA),RETALHULEU
11-01-0531-46,11-017,RETALHULEU,RETALHULEU,COLEGIO TECNOLÓGICO BLAISE PASCAL,2A. CALLE 5-82 ZONA 1,57169966,MIGUEL ANGEL ARMAS ROCHA,YÉNIFFER ANALY MAKEPEACE RUIZ,DIVERSIFICADO,PRIVADO,URBANA,ABIERTA,MONOLINGUE,SIN JORNADA,SEMIPRESENCIAL (FIN DE SEMANA),RETALHULEU
11-01-0534-46,11-017,RETALHULEU,RETALHULEU,"COLEGIO TECNOLÓGICO CENTROAMERICANO ""COLTEC""",7A. CALLE 4-19 ZONA 1,59199888,MIGUEL ANGEL ARMAS ROCHA,NORMA KARINA YEÉ OLIVA,DIVERSIFICADO,PRIVADO,URBANA,ABIERTA,MONOLINGUE,MATUTINA,VIRTUAL A DISTANCIA,RETALHULEU
11-01-0538-46,11-004,RETALHULEU,RETALHULEU,COLEGIO BILINGUE AMERICANO,"4TA. AVENIDA ""B"" 2-82 ZONA 1",77663171,MIGUEL ANGEL ARMAS ROCHA,MELISSA MARÍA GABRIELA HERNÁNDEZ GÓMEZ,DIVERSIFICADO,PRIVADO,URBANA,ABIERTA,MONOLINGUE,MATUTINA,DIARIO(REGULAR),RETALHULEU
11-01-0540-46,11-004,RETALHULEU,RETALHULEU,"COLEGIO PRIVADO ""AMERICA DIGITAL""",LOTE NO. 64 CENTRO URBANO CABALLO BLANCO,53285086,MIGUEL ANGEL ARMAS ROCHA,MARLON IVAN PEREZ PAZ,DIVERSIFICADO,PRIVADO,URBANA,ABIERTA,MONOLINGUE,MATUTINA,DIARIO(REGULAR),RETALHULEU
11-01-0542-46,11-017,RETALHULEU,RETALHULEU,"COLEGIO PRIVADO ""AMÉRICA DIGITAL""",LOTE NO. 64 CENTRO URBANO CABALLO BLANCO,46235631,MIGUEL ANGEL ARMAS ROCHA,MARLON IVAN PEREZ PAZ,DIVERSIFICADO,PRIVADO,URBANA,ABIERTA,MONOLINGUE,SIN JORNADA,SEMIPRESENCIAL (FIN DE SEMANA),RETALHULEU
11-01-0545-46,11-017,RETALHULEU,RETALHULEU,COLEGIO PRIVADO MIXTO MONTERREY,4TA. CALLE 10-39 ZONA 4 RESIDENCIALES ANA LUCIA,77712837,MIGUEL ANGEL ARMAS ROCHA,ZOILA VERÓNICA ESPINOZA MACHIC,DIVERSIFICADO,PRIVADO,URBANA,ABIERTA,MONOLINGUE,DOBLE,FIN DE SEMANA,RETALHULEU
11-01-0809-46,11-004,RETALHULEU,RETALHULEU,'EL BOSQUE',CANTON DOLORES ZONA 6 FINCA EL BOSQUE,77714225,MIGUEL ANGEL ARMAS ROCHA,MARCO ANTONIO DEL CID FLORES,DIVERSIFICADO,PRIVADO,URBANA,ABIERTA,MONOLINGUE,MATUTINA,DIARIO(REGULAR),RETALHULEU
11-01-1108-46,11-017,RETALHULEU,RETALHULEU,INSTITUTO DE EDUCACION ARTISTICA DEL SUR IDEAS,9AV. A 2-05 ZONA 4 RESIDENCIALES ANA LUCIA,77713771,MIGUEL ANGEL ARMAS ROCHA,ABRAHAM ISAÍAS VELÁSQUEZ LÓPEZ,DIVERSIFICADO,PRIVADO,URBANA,ABIERTA,MONOLINGUE,DOBLE,SABATINO,RETALHULEU
11-01-1177-46,11-004,RETALHULEU,RETALHULEU,INSTITUTO DE COMPUTACIÓN INFORMÁTICA,RUTA 6 W 10A. AVENIDA 0-50 ZONA 4 RESIDENCIALES ANA LUCIA,77716271,MIGUEL ANGEL ARMAS ROCHA,IRMA VIOLETA CALDERÓN VILLATORO,DIVERSIFICADO,PRIVADO,URBANA,ABIERTA,MONOLINGUE,DOBLE,DIARIO(REGULAR),RETALHULEU
11-01-1182-46,11-004,RETALHULEU,RETALHULEU,CENTRO EDUCATIVO NUESTRO MUNDO,7A. CALLE 8-72 ZONA 1,77710773,MIGUEL ANGEL ARMAS ROCHA,,DIVERSIFICADO,PRIVADO,URBANA,ABIERTA,MONOLINGUE,VESPERTINA,DIARIO(REGULAR),RETALHULEU
11-01-1220-46,11-004,RETALHULEU,RETALHULEU,COLEGIO EVANGELICO MIXTO SINAI,"5A. CALLE, INGRESO A LA COLONIA EL PEDREGAL I, ZONA 6",77715189,MIGUEL ANGEL ARMAS ROCHA,RODERICO OSWALDO MARTINEZ,DIVERSIFICADO,PRIVADO,URBANA,ABIERTA,MONOLINGUE,VESPERTINA,DIARIO(REGULAR),RETALHULEU
11-01-1286-46,11-004,RETALHULEU,RETALHULEU,COLEGIO PRIVADO URBANO MIXTO MONTERREY,4A CALLE 10-39 ZONA 4 RESIDENCIALES ANA LUCIA,77712837,MIGUEL ANGEL ARMAS ROCHA,ZOILA VERÓNICA ESPINOZA MACHIC,DIVERSIFICADO,PRIVADO,URBANA,ABIERTA,MONOLINGUE,MATUTINA,DIARIO(REGULAR),RETALHULEU
11-01-1287-46,11-004,RETALHULEU,RETALHULEU,COLEGIO PRIVADO URBANO MIXTO BILINGUE PARAISO,3A. AVENIDA 7-69 ZONA 2,77718861,MIGUEL ANGEL ARMAS ROCHA,JORGE ROBERTO ARREAGA PAZ,DIVERSIFICADO,PRIVADO,URBANA,ABIERTA,MONOLINGUE,MATUTINA,DIARIO(REGULAR),RETALHULEU
11-01-1309-46,11-014,RETALHULEU,RETALHULEU,ESCUELA NORMAL DE EDUCACION FISICA,"INTERIOR COMPLEJO DEPORTIVO ""TAKALIK ABAJ"" KM. 186.5 ZONA 5 SALIDA A CHAMPERICO",77711422,JULIO CÉSAR HERRERA ROLDÁN,MARIZA AMARILIS SOLOGAISTOA MEJÍA,DIVERSIFICADO,OFICIAL,URBANA,ABIERTA,MONOLINGUE,DOBLE,DIARIO(REGULAR),RETALHULEU
11-01-1324-46,11-017,RETALHULEU,RETALHULEU,COLEGIO CIENTIFICO AMERICANO 'GALILEO',11 CALLE 5-01 ZONA 2,77712312,MIGUEL ANGEL ARMAS ROCHA,X,DIVERSIFICADO,PRIVADO,URBANA,ABIERTA,MONOLINGUE,VESPERTINA,DIARIO(REGULAR),RETALHULEU
11-01-1329-46,11-017,RETALHULEU,RETALHULEU,COLEGIO CIENTIFICO 'ALBERT EINSTEIN',2A.CALLE Y 3A. AVENIDA 2-90 ZONA 1,,MIGUEL ANGEL ARMAS ROCHA,,DIVERSIFICADO,PRIVADO,URBANA,ABIERTA,MONOLINGUE,VESPERTINA,DIARIO(REGULAR),RETALHULEU
11-01-1369-46,11-017,RETALHULEU,RETALHULEU,COLEGIO MIXTO CRISTIANO 'NUEVOS HORIZONTES',5A. CALLE 4-31 ZONA 1,45257791,MIGUEL ANGEL ARMAS ROCHA,YANEIDI STEFANÍ PÚ MAZARIEGOS,DIVERSIFICADO,PRIVADO,URBANA,ABIERTA,MONOLINGUE,MATUTINA,DIARIO(REGULAR),RETALHULEU
11-01-1372-46,11-004,RETALHULEU,RETALHULEU,COLEGIO TECNOLOGICO SANTA MARIA,"3RA. AVENIDA 6-92 ZONA 2, LOTIFICACION EL RIO",77252807,MIGUEL ANGEL ARMAS ROCHA,PATRICIA ELIZABETH DE LEÓN SAMAYOA,DIVERSIFICADO,PRIVADO,URBANA,ABIERTA,MONOLINGUE,MATUTINA,DIARIO(REGULAR),RETALHULEU
11-01-1406-46,11-017,RETALHULEU,RETALHULEU,COLEGIO MIXTO ISIDRO TARACENA,4A. AV. 3-58 ZONA 1,77710563,MIGUEL ANGEL ARMAS ROCHA,JUAN ENRIQUE GÓMEZ PORRÓN,DIVERSIFICADO,PRIVADO,URBANA,ABIERTA,MONOLINGUE,DOBLE,FIN DE SEMANA,RETALHULEU
11-01-1407-46,11-004,RETALHULEU,RETALHULEU,COLEGIO MIXTO MARIO MONTEFORTE TOLEDO,4A. CALLE 2-12 ZONA 2 LOTIFICACION EL PRADO,77713190,MIGUEL ANGEL ARMAS ROCHA,GLENDA JEANETTE CHÁVEZ GÓMEZ,DIVERSIFICADO,PRIVADO,URBANA,ABIERTA,MONOLINGUE,MATUTINA,DIARIO(REGULAR),RETALHULEU
11-01-1424-46,11-004,RETALHULEU,RETALHULEU,LICEO EVANGELICO GUATEMALTECO ISRAEL,DEPARTAMENTO DE RETALHULEU,41929743,MIGUEL ANGEL ARMAS ROCHA,BELBIN ROMEO CALDERÓN VILLATORO,DIVERSIFICADO,PRIVADO,URBANA,ABIERTA,MONOLINGUE,MATUTINA,DIARIO(REGULAR),RETALHULEU
11-01-1425-46,11-004,RETALHULEU,RETALHULEU,COLEGIO MIXTO LAVAGNIÑO,5A. CALLE A 4-31 ZONA 1,77715953,MIGUEL ANGEL ARMAS ROCHA,,DIVERSIFICADO,PRIVADO,URBANA,ABIERTA,MONOLINGUE,VESPERTINA,DIARIO(REGULAR),RETALHULEU
11-01-1447-46,11-017,RETALHULEU,RETALHULEU,COLEGIO COSTA SUR,11 CALLE 5-52 ZONA 1,77716808,MIGUEL ANGEL ARMAS ROCHA,,DIVERSIFICADO,PRIVADO,URBANA,ABIERTA,MONOLINGUE,DOBLE,FIN DE SEMANA,RETALHULEU
11-01-1448-46,11-017,RETALHULEU,RETALHULEU,COLEGIO COSTA SUR,7A. CALLE 4-55 ZONA 1,77716808,MIGUEL ANGEL ARMAS ROCHA,JACQUELINE JEANNETTE MAZARIEGOS ORELLANA,DIVERSIFICADO,PRIVADO,URBANA,ABIERTA,MONOLINGUE,DOBLE,FIN DE SEMANA,RETALHULEU
11-01-1484-46,11-017,RETALHULEU,RETALHULEU,COLEGIO CIENTIFICO 'ALBERT EINSTEIN',2A. CALLE Y 3A. AVENIDA 2-90 ZONA 1,77717081,MIGUEL ANGEL ARMAS ROCHA,,DIVERSIFICADO,PRIVADO,URBANA,ABIERTA,MONOLINGUE,DOBLE,DIARIO(REGULAR),RETALHULEU
11-01-1492-46,11-004,RETALHULEU,RETALHULEU,COLEGIO MIXTO CENTROAMERICANO,5A. CALLE 5-05 ZONA 6,77713657,MIGUEL ANGEL ARMAS ROCHA,NORMA KARINA YEÉ OLIVA,DIVERSIFICADO,PRIVADO,URBANA,ABIERTA,MONOLINGUE,MATUTINA,DIARIO(REGULAR),RETALHULEU
11-01-1503-46,11-017,RETALHULEU,RETALHULEU,CENTRO EDUCATIVO JUAN PABLO II,7A. CALLE 4-47 ZONA 1,77710490,MIGUEL ANGEL ARMAS ROCHA,PEDRO EDUARDO CHAVEZ ESCOBAR,DIVERSIFICADO,PRIVADO,URBANA,ABIERTA,MONOLINGUE,DOBLE,FIN DE SEMANA,RETALHULEU
11-02-0011-46,11-017,RETALHULEU,SAN SEBASTIAN,CENTRO EDUCATIVO DE ESTUDIOS INTEGRADOS SAN SEBASTIAN CEEDISS,KM. 184 CANTÓN PUCA,30106762,MIGUEL ANGEL ARMAS ROCHA,MELVIN RAFAEL REYES LÓPEZ,DIVERSIFICADO,PRIVADO,URBANA,ABIERTA,MONOLINGUE,DOBLE,FIN DE SEMANA,RETALHULEU
11-02-0013-46,11-017,RETALHULEU,SAN SEBASTIAN,CENTRO EDUCATIVO DE ESTUDIOS INTEGRADOS SAN SEBASTIAN CEEDISS,KM. 184 CANTÓN PUCA,77713268,MIGUEL ANGEL ARMAS ROCHA,MELVIN RAFAEL REYES LÓPEZ,DIVERSIFICADO,PRIVADO,URBANA,ABIERTA,MONOLINGUE,DOBLE,FIN DE SEMANA,RETALHULEU
11-02-0015-46,11-014,RETALHULEU,SAN SEBASTIAN,INSTITUTO NACIONAL DE EDUCACION DIVERSIFICADA INED,CASCO URBANO,55621861,JULIO CÉSAR HERRERA ROLDÁN,MARLON IVONI BARILLAS MELÉNDEZ,DIVERSIFICADO,OFICIAL,URBANA,ABIERTA,MONOLINGUE,MATUTINA,DIARIO(REGULAR),RETALHULEU
11-02-0027-46,11-018,RETALHULEU,SAN SEBASTIAN,"INSTITUTO PRIVADO TECNICO INDUSTRIAL ""RETALTECO""",FINAL CALZADA LAS PALMAS CANTON PUCA,77710290,MIRTA ALIDA CASTELLANOS MARROQUIN,ZOILA MARGARITA MARTÍNEZ DUQUE,DIVERSIFICADO,PRIVADO,URBANA,ABIERTA,MONOLINGUE,MATUTINA,DIARIO(REGULAR),RETALHULEU
11-02-0028-46,11-018,RETALHULEU,SAN SEBASTIAN,INSTITUTO PRIVADO TÉCNICO INDUSTRIAL RETALTECO,FINAL DE CALZADA LAS PALMAS,77710290,MIRTA ALIDA CASTELLANOS MARROQUIN,JUAN CARLOS DE LEÓN ORTÍZ,DIVERSIFICADO,PRIVADO,URBANA,ABIERTA,MONOLINGUE,MATUTINA,DIARIO(REGULAR),RETALHULEU
11-02-0037-46,11-018,RETALHULEU,SAN SEBASTIAN,INSTITUTO PRIVADO TÉCNICO INDUSTRIAL RETALTECO,FINAL CALZADA LAS PALMAS,77710290,MIRTA ALIDA CASTELLANOS MARROQUIN,JUAN CARLOS DE LEÓN ORTÍZ,DIVERSIFICADO,PRIVADO,URBANA,ABIERTA,MONOLINGUE,DOBLE,DIARIO(REGULAR),RETALHULEU
11-02-0038-46,11-018,RETALHULEU,SAN SEBASTIAN,CENTRO EDUCATIVO DE ESTUDIOS INTEGRADOS SAN SEBASTIÁN CEEDISS,KM 184 CANTÓN PUCA,30106762,MIRTA ALIDA CASTELLANOS MARROQUIN,MELVIN RAFAEL REYES LÓPEZ,DIVERSIFICADO,PRIVADO,URBANA,ABIERTA,MONOLINGUE,DOBLE,DIARIO(REGULAR),RETALHULEU
11-02-0039-46,11-018,RETALHULEU,SAN SEBASTIAN,CENTRO EDUCATIVO DE ESTUDIOS INTEGRADOS SAN SEBASTIÁN CEEDISS,KM. 184 CANTÓN PUCA,77713268,MIRTA ALIDA CASTELLANOS MARROQUIN,MELVIN RAFAEL REYES LÓPEZ,DIVERSIFICADO,PRIVADO,URBANA,ABIERTA,MONOLINGUE,MATUTINA,DIARIO(REGULAR),RETALHULEU
11-02-0044-46,11-017,RETALHULEU,SAN SEBASTIAN,"COLEGIO PRIVADO MIXTO ""SAN SEBASTIÁN""","AVENIDA CENTRAL, CANTON SAMALA 1",47966617,MIGUEL ANGEL ARMAS ROCHA,ANAHÍ DEL PILAR HERNÁNDEZ CHOCHOM,DIVERSIFICADO,PRIVADO,URBANA,ABIERTA,MONOLINGUE,DOBLE,FIN DE SEMANA,RETALHULEU
11-02-0045-46,11-018,RETALHULEU,SAN SEBASTIAN,"COLEGIO PRIVADO MIXTO ""SAN SEBASTIÁN""","AVENIDA CENTRAL, CANTON SAMALA 1",77722339,MIRTA ALIDA CASTELLANOS MARROQUIN,ANAHI DEL PILAR HERNÁNDEZ CHOCHÓM,DIVERSIFICADO,PRIVADO,URBANA,ABIERTA,MONOLINGUE,VESPERTINA,DIARIO(REGULAR),RETALHULEU
11-02-0048-46,11-019,RETALHULEU,SAN SEBASTIAN,CENTRO DE EDUCACIÓN EXTRAESCOLAR CEEX,"FINCA BUENA VISTA, ALDEA SAN LUIS",42661405,LISBETH SURAMA LOPEZ CALVILLO,ORFA ELIZABETH GARCÍA ESTRADA,DIVERSIFICADO,PRIVADO,RURAL,ABIERTA,MONOLINGUE,DOBLE,FIN DE SEMANA,RETALHULEU
11-02-0056-46,11-017,RETALHULEU,SAN SEBASTIAN,COLEGIO EVANGÉLICO DE ESTUDIOS INTEGRADOS SAN SEBASTIÁN CEEDISS,KM. 183 CANTON PUCA,77713268,MIGUEL ANGEL ARMAS ROCHA,MELVIN RAFAEL REYES LÓPEZ,DIVERSIFICADO,PRIVADO,URBANA,ABIERTA,MONOLINGUE,DOBLE,FIN DE SEMANA,RETALHULEU
11-02-0058-46,11-018,RETALHULEU,SAN SEBASTIAN,COLEGIO EVANGÉLICO DE ESTUDIOS INTEGRADOS SAN SEBASTIÁN CEEDISS,KM. 183 CANTON PUCA,77713268,MIRTA ALIDA CASTELLANOS MARROQUIN,MELVIN RAFAEL REYES LÓPEZ,DIVERSIFICADO,PRIVADO,URBANA,ABIERTA,MONOLINGUE,MATUTINA,DIARIO(REGULAR),RETALHULEU
11-02-0059-46,11-018,RETALHULEU,SAN SEBASTIAN,COLEGIO EVANGÉLICO DE ESTUDIOS INTEGRADOS SAN SEBASTIÁN CEEDISS,KM. 183 CANTON PUCA,77713268,MIRTA ALIDA CASTELLANOS MARROQUIN,MELVIN RAFAEL REYES LÓPEZ,DIVERSIFICADO,PRIVADO,URBANA,ABIERTA,MONOLINGUE,DOBLE,DIARIO(REGULAR),RETALHULEU
11-02-0061-46,11-017,RETALHULEU,SAN SEBASTIAN,COLEGIO PRIVADO MIXTO SAN SEBASTIÁN,CANTON SAMALA 1,47966617,MIGUEL ANGEL ARMAS ROCHA,ANAHÍ DEL PILAR HERNÁNDEZ CHOCHÓM,DIVERSIFICADO,PRIVADO,URBANA,ABIERTA,MONOLINGUE,SIN JORNADA,SEMIPRESENCIAL (FIN DE SEMANA),RETALHULEU
11-02-0063-46,11-017,RETALHULEU,SAN SEBASTIAN,COLEGIO EVANGELICO DE ESTUDIOS INTEGRADOS SAN SEBASTIAN CEEDISS,"KILOMETRO 183, CANTON PUCA 1",77713268,MIGUEL ANGEL ARMAS ROCHA,MELVIN RAFAEL REYES LÓPEZ,DIVERSIFICADO,PRIVADO,URBANA,ABIERTA,MONOLINGUE,SIN JORNADA,SEMIPRESENCIAL (FIN DE SEMANA),RETALHULEU
11-02-0871-46,11-018,RETALHULEU,SAN SEBASTIAN,"INSTITUTO PRIVADO TECNICO INDUSTRIAL ""RETALTECO""",FINAL CALZADA LAS PALMAS CANTON PUCA,77710290,MIRTA ALIDA CASTELLANOS MARROQUIN,JUAN CARLOS DE LEÓN ORTÍZ,DIVERSIFICADO,PRIVADO,URBANA,ABIERTA,MONOLINGUE,DOBLE,DIARIO(REGULAR),RETALHULEU
11-02-1382-46,11-016,RETALHULEU,SAN SEBASTIAN,"INSTITUTO DIVERSIFICADO POR COOPERATIVA ALDEA SAN LUIS, SAN SEBASTÍAN, RETALHULEU",ALDEA SAN LUIS,58202216,MARIO RENE RIVERA ARGUETA,LEILA ETELVINA MORALES GARCÍA,DIVERSIFICADO,COOPERATIVA,RURAL,ABIERTA,MONOLINGUE,MATUTINA,DIARIO(REGULAR),RETALHULEU
11-02-1498-46,11-017,RETALHULEU,SAN SEBASTIAN,CENTRO EDUCACIONAL 'MARIA ALICIA GUTIERREZ',2A. CALLE 4-05 ZONA 4,,MIGUEL ANGEL ARMAS ROCHA,EDGAR RENÉ MORALES LUARCA,DIVERSIFICADO,PRIVADO,URBANA,ABIERTA,MONOLINGUE,MATUTINA,DIARIO(REGULAR),RETALHULEU
11-03-0020-46,11-014,RETALHULEU,SANTA CRUZ MULUA,INSTITUTO NACIONAL DE EDUCACION DIVERSIFICADA -INED-,"EDIFICIO LA REFORMA EN 1A. AVENIDA 100, ZONA 2",41346877,JULIO CÉSAR HERRERA ROLDÁN,FREDY RODOLFO COBÓN DE LEÓN,DIVERSIFICADO,OFICIAL,URBANA,ABIERTA,MONOLINGUE,MATUTINA,DIARIO(REGULAR),RETALHULEU
11-03-0022-46,11-018,RETALHULEU,SANTA CRUZ MULUA,COLEGIO MIXTO SANTA CRUZ,"2DA. AVENIDA Y 5TA. CALLE, ZONA 1",56245235,MIRTA ALIDA CASTELLANOS MARROQUIN,RUBY YAQUELIN GÓMEZ MEJÍA,DIVERSIFICADO,PRIVADO,URBANA,ABIERTA,MONOLINGUE,MATUTINA,DIARIO(REGULAR),RETALHULEU
11-03-0024-46,11-021,RETALHULEU,SANTA CRUZ MULUA,INSTITUTO MIXTO MUNICIPAL DE EDUCACIÓN DIVERSIFICADA,MICROPARCELAMIENTO LA LOLITA,50658278,JIMMY EDILBERTO ORTEGA COLOMO,ULISES ORLANDO SACAYOM GARCIA,DIVERSIFICADO,MUNICIPAL,RURAL,ABIERTA,MONOLINGUE,VESPERTINA,DIARIO(REGULAR),RETALHULEU
11-04-0011-46,11-014,RETALHULEU,SAN MARTIN ZAPOTITLAN,"INSTITUTO NACIONAL DE EDUCACION DIVERSIFICADA ""CÉSAR AUGUSTO MARTÍNEZ BARRIOS""",CABECERA MUNICIPAL,41283562,JULIO CÉSAR HERRERA ROLDÁN,MIRNA MARILU HERNANDEZ HERNANDEZ,DIVERSIFICADO,OFICIAL,URBANA,ABIERTA,MONOLINGUE,MATUTINA,DIARIO(REGULAR),RETALHULEU
11-04-0017-46,11-018,RETALHULEU,SAN MARTIN ZAPOTITLAN,COLEGIO EVANGELICO MIXTO TECNOLOGICO LA PATRIA SUR,INTERIOR DEL SEMINARIO PRESBITERIANO KILOMETRO 182.5,77725523,MIRTA ALIDA CASTELLANOS MARROQUIN,RONALD JOSUÉ LÓPEZ SIGÜENZA,DIVERSIFICADO,PRIVADO,URBANA,ABIERTA,MONOLINGUE,MATUTINA,DIARIO(REGULAR),RETALHULEU
11-04-0019-46,11-018,RETALHULEU,SAN MARTIN ZAPOTITLAN,COLEGIO EVANGELICO MIXTO TECNOLOGICO LA PATRIA SUR,"KM. 182.5 CARRETERA A QUETGO., INTERIOR DEL SEMINARIO EVANGELICO P.",77725523,MIRTA ALIDA CASTELLANOS MARROQUIN,RONALD JOSUÉ LÓPEZ SIGÜENZA,DIVERSIFICADO,PRIVADO,URBANA,ABIERTA,MONOLINGUE,MATUTINA,DIARIO(REGULAR),RETALHULEU
11-04-0021-46,11-018,RETALHULEU,SAN MARTIN ZAPOTITLAN,CENTRO DE ESTUDIOS INTEGRALES CEDEIN,2DA. AVENIDA 3-51 ZONA 1,59468174,MIRTA ALIDA CASTELLANOS MARROQUIN,ABNER JOSE DAVID PON CASTAÑEDA,DIVERSIFICADO,PRIVADO,URBANA,ABIERTA,MONOLINGUE,MATUTINA,DIARIO(REGULAR),RETALHULEU
11-04-0023-46,11-018,RETALHULEU,SAN MARTIN ZAPOTITLAN,COLEGIO MIXTO TECNOLÓGICO ZAPOTITLÁN,"ZONA 3, COMUNIDAD ARMENIA ORTÍZ",47400825,MIRTA ALIDA CASTELLANOS MARROQUIN,ABNER JOSE PON CASTAÑEDA,DIVERSIFICADO,PRIVADO,RURAL,ABIERTA,MONOLINGUE,DOBLE,DIARIO(REGULAR),RETALHULEU
11-04-0024-46,11-018,RETALHULEU,SAN MARTIN ZAPOTITLAN,COLEGIO MIXTO TECNOLÓGICO ZAPOTITLÁN,"ZONA 3, COMUNIDAD ARMENIA ORTÍZ",47400825,MIRTA ALIDA CASTELLANOS MARROQUIN,ABNER JOSE PON CASTAÑEDA,DIVERSIFICADO,PRIVADO,RURAL,ABIERTA,MONOLINGUE,MATUTINA,DIARIO(REGULAR),RETALHULEU
11-04-0025-46,11-017,RETALHULEU,SAN MARTIN ZAPOTITLAN,COLEGIO MIXTO TECNOLÓGICO ZAPOTITLÁN,"ZONA 3, COMUNIDAD ARMENIA ORTÍZ",47400825,MIGUEL ANGEL ARMAS ROCHA,ABNER JOSE PON CASTAÑEDA,DIVERSIFICADO,PRIVADO,RURAL,ABIERTA,MONOLINGUE,MATUTINA,FIN DE SEMANA,RETALHULEU
11-04-0033-46,11-017,RETALHULEU,SAN MARTIN ZAPOTITLAN,INSTITUTO MUNICIPAL DE EDUCACIÓN MEDIA Y BACHILLERATO POR MADUREZ,0 AVENIDA ZONA 1,53271115,MIGUEL ANGEL ARMAS ROCHA,HÉCTOR ANÍBAL MALDONADO ALVARADO,DIVERSIFICADO,PRIVADO,URBANA,ABIERTA,MONOLINGUE,SIN JORNADA,SEMIPRESENCIAL (FIN DE SEMANA),RETALHULEU
11-04-0035-46,11-017,RETALHULEU,SAN MARTIN ZAPOTITLAN,CENTRO DE ESTUDIOS INTEGRALES CEDEIN,2A. AVENIDA 3-50 ZONA 1,59223699,MIGUEL ANGEL ARMAS ROCHA,MARIANA LISSETH PAZ MARTÍNEZ,DIVERSIFICADO,PRIVADO,URBANA,ABIERTA,MONOLINGUE,SIN JORNADA,SEMIPRESENCIAL (FIN DE SEMANA),RETALHULEU
11-04-0037-46,11-017,RETALHULEU,SAN MARTIN ZAPOTITLAN,COLEGIO MIXTO TECNOLÓGICO ZAPOTITLÁN,"ZONA 3, ARMENIA ORTIZ",47400825,MIGUEL ANGEL ARMAS ROCHA,ABNER JOSE PON CASTAÑEDA,DIVERSIFICADO,PRIVADO,RURAL,ABIERTA,MONOLINGUE,SIN JORNADA,SEMIPRESENCIAL (FIN DE SEMANA),RETALHULEU
11-04-1430-46,11-017,RETALHULEU,SAN MARTIN ZAPOTITLAN,CENTRO DE ESTUDIOS INTEGRALES,2A. AVENIDA 3-50 ZONA 1,33322881,MIGUEL ANGEL ARMAS ROCHA,MARIANA LISSETH PAZ MARTÍNEZ,DIVERSIFICADO,PRIVADO,URBANA,ABIERTA,MONOLINGUE,DOBLE,FIN DE SEMANA,RETALHULEU
11-04-1493-46,11-018,RETALHULEU,SAN MARTIN ZAPOTITLAN,CENTRO DE ESTUDIOS INTEGRALES,2A. AVENIDA 3-51 ZONA 1,33322881,MIRTA ALIDA CASTELLANOS MARROQUIN,MARIANA LISSETH PAZ MARTÍNEZ,DIVERSIFICADO,PRIVADO,URBANA,ABIERTA,MONOLINGUE,MATUTINA,DIARIO(REGULAR),RETALHULEU
11-05-0014-46,11-017,RETALHULEU,SAN FELIPE,"COLEGIO PARTICULAR MIXTO ""SAN FELIPE"" - COSANFE -","LOTIFICACION ""LA ESPERANZA""",59113261,MIGUEL ANGEL ARMAS ROCHA,JULIO ROLANDO BARRIENTOS MONZON,DIVERSIFICADO,PRIVADO,URBANA,ABIERTA,MONOLINGUE,DOBLE,FIN DE SEMANA,RETALHULEU
11-05-0022-46,11-004,RETALHULEU,SAN FELIPE,LICEO PRIVADO MIXTO CHAMPEL,3A. CALLE BARRIO EL CENTRO ZONA 1,77364959,MIGUEL ANGEL ARMAS ROCHA,GABRIEL HUMBERTO BARRIENTOS VALENZUELA,DIVERSIFICADO,PRIVADO,URBANA,ABIERTA,MONOLINGUE,VESPERTINA,DIARIO(REGULAR),RETALHULEU
11-05-0024-46,11-017,RETALHULEU,SAN FELIPE,LICEO PRIVADO MIXTO CHAMPEL,3A. CALLE BARRIO EL CENTRO ZONA 1,77364959,MIGUEL ANGEL ARMAS ROCHA,GABRIEL HUMBERTO BARRIENTOS VALENZUELA,DIVERSIFICADO,PRIVADO,URBANA,ABIERTA,MONOLINGUE,DOBLE,FIN DE SEMANA,RETALHULEU
11-05-0025-46,11-017,RETALHULEU,SAN FELIPE,COLEGIO EVANGELICO MIXTO NUEVA ESPERANZA,2A. CALLE 7-52 ZONA 1,55295173,MIGUEL ANGEL ARMAS ROCHA,OSCAR WALDEMAR MONZON PACHECHO,DIVERSIFICADO,PRIVADO,URBANA,ABIERTA,MONOLINGUE,DOBLE,FIN DE SEMANA,RETALHULEU
11-05-0027-46,11-017,RETALHULEU,SAN FELIPE,COLEGIO EVANGELICO MIXTO NUEVA ESPERANZA,2A. CALLE 7-52 ZONA 1,55295173,MIGUEL ANGEL ARMAS ROCHA,OSCAR WALDEMAR MONZON PACHECHO,DIVERSIFICADO,PRIVADO,URBANA,ABIERTA,MONOLINGUE,DOBLE,FIN DE SEMANA,RETALHULEU
11-05-0032-46,11-018,RETALHULEU,SAN FELIPE,CENTRO EDUCATIVO DE FORMACIÓN INTEGRAL SIGLO XXI (CEFIS XXI),"8A. AVENIDA, COLONIA FEGUA, ZONA 4",77725174,MIRTA ALIDA CASTELLANOS MARROQUIN,CARLOTA EUGENIA MAYÉN VILLAGRÁN,DIVERSIFICADO,PRIVADO,URBANA,ABIERTA,MONOLINGUE,VESPERTINA,DIARIO(REGULAR),RETALHULEU
11-05-0041-46,11-017,RETALHULEU,SAN FELIPE,INSTITUTO BASICO Y BACHILLERATO POR MADUREZ,2DA. CALLE 2-80 ZONA 1,77364959,MIGUEL ANGEL ARMAS ROCHA,GABRIEL HUMBERTO BARRIENTOS VALENZUELA,DIVERSIFICADO,PRIVADO,URBANA,ABIERTA,MONOLINGUE,SIN JORNADA,SEMIPRESENCIAL (FIN DE SEMANA),RETALHULEU
11-05-0042-46,11-016,RETALHULEU,SAN FELIPE,INSTITUTO MIXTO DE EDUCACIÓN DIVERSIFICADA POR COOPERATIVA DE ENSEÑANZA,FINAL SEGUNDA CALLE A UN COSTADO DEL PUESTO DE SALUD ALDEA NUEVO PALMAR,37477518,MARIO RENE RIVERA ARGUETA,LESLI ALEIDA PEREIRA AJTÚN,DIVERSIFICADO,COOPERATIVA,RURAL,ABIERTA,MONOLINGUE,MATUTINA,DIARIO(REGULAR),RETALHULEU
11-05-0044-46,11-017,RETALHULEU,SAN FELIPE,COLEGIO CRISTIANO EL VALLE DEL SUR,2 CALLE 8-57 ZONA 1,77759040,MIGUEL ANGEL ARMAS ROCHA,DORIS ELIZABETH MEJIA RAMOS,DIVERSIFICADO,PRIVADO,URBANA,ABIERTA,MONOLINGUE,DOBLE,FIN DE SEMANA,RETALHULEU
11-05-0045-46,11-017,RETALHULEU,SAN FELIPE,COLEGIO CRISTIANO EL VALLE DEL SUR,2 CALLE 8-57 ZONA 1,77759040,MIGUEL ANGEL ARMAS ROCHA,BLANCA ADELY VILLEDA GÓMEZ,DIVERSIFICADO,PRIVADO,URBANA,ABIERTA,MONOLINGUE,SIN JORNADA,SEMIPRESENCIAL (FIN DE SEMANA),RETALHULEU
11-05-0046-46,11-016,RETALHULEU,SAN FELIPE,"INSTITUTO MIXTO DE EDUCACIÓN DIVERSIFICADA POR COOPERATIVA DE ENSEÑANZA ""LIC. MARIO RENÉ RIVERA ARGUETA""",ALDEA LOS ÁNGELES,59410206,MARIO RENE RIVERA ARGUETA,JORGE WILLIAM PUAC SIQUINÁ,DIVERSIFICADO,COOPERATIVA,RURAL,ABIERTA,MONOLINGUE,MATUTINA,DIARIO(REGULAR),RETALHULEU
11-05-0142-46,11-004,RETALHULEU,SAN FELIPE,"COLEGIO PARTICULAR MIXTO ""SAN FELIPE"" - COSANFE -","LOTIFICACIÓN ""LA ESPERANZA""",77725851,MIGUEL ANGEL ARMAS ROCHA,JULIO ROLANDO BARRIENTOS MONZÓN,DIVERSIFICADO,PRIVADO,URBANA,ABIERTA,MONOLINGUE,VESPERTINA,DIARIO(REGULAR),RETALHULEU
11-05-0143-46,11-014,RETALHULEU,SAN FELIPE,ESCUELA DE CIENCIAS COMERCIALES 'ESCO',2A. CALLE 2-17 ZONA 3,77725423,JULIO CÉSAR HERRERA ROLDÁN,SAÚL FRANCISCO YORENTINE JUÁREZ,DIVERSIFICADO,OFICIAL,URBANA,ABIERTA,MONOLINGUE,VESPERTINA,DIARIO(REGULAR),RETALHULEU
11-05-1437-46,11-018,RETALHULEU,SAN FELIPE,COLEGIO CRISTIANO EL VALLE DEL SUR,"2A. CALLE ZONA 1, BARRIO CAMILO ALVARADO",77759040,MIRTA ALIDA CASTELLANOS MARROQUIN,BLANCA ADELY VILLEDA GÓMEZ,DIVERSIFICADO,PRIVADO,URBANA,ABIERTA,MONOLINGUE,VESPERTINA,DIARIO(REGULAR),RETALHULEU
11-05-1438-46,11-018,RETALHULEU,SAN FELIPE,COLEGIO CRISTIANO EL VALLE DEL SUR,"2A. CALLE ZONA 1, BARRIO CAMILO ALVARADO",77759040,MIRTA ALIDA CASTELLANOS MARROQUIN,BLANCA ADELY VILLEDA GÓMEZ,DIVERSIFICADO,PRIVADO,URBANA,ABIERTA,MONOLINGUE,DOBLE,DIARIO(REGULAR),RETALHULEU
11-06-0015-46,11-014,RETALHULEU,SAN ANDRES VILLA SECA,INSTITUTO NACIONAL DE EDUCACION DIVERSIFICADA,LINEA C4 AL SIS PARCELAMIENTO LA MAQUINA,58770070,JULIO CÉSAR HERRERA ROLDÁN,ANTONIO MANUEL AJ SAJQUI,DIVERSIFICADO,OFICIAL,RURAL,ABIERTA,MONOLINGUE,VESPERTINA,DIARIO(REGULAR),RETALHULEU
11-06-0016-46,11-014,RETALHULEU,SAN ANDRES VILLA SECA,INSTITUTO NACIONAL DE EDUCACION DIVERSIFICADA,CABECERA MUNICIPAL,49054678,JULIO CÉSAR HERRERA ROLDÁN,ARNULFO RENÉ OROZCO PÉREZ,DIVERSIFICADO,OFICIAL,URBANA,ABIERTA,MONOLINGUE,VESPERTINA,DIARIO(REGULAR),RETALHULEU
11-06-0017-46,11-014,RETALHULEU,SAN ANDRES VILLA SECA,INSTITUTO NACIONAL DE EDUCACION DIVERSIFICADA,CENTRO DOS PARCELAMIENTO LA MAQUINA,31095824,JULIO CÉSAR HERRERA ROLDÁN,MARLO EDIBERTO CRUZ DUARTE,DIVERSIFICADO,OFICIAL,RURAL,ABIERTA,MONOLINGUE,MATUTINA,DIARIO(REGULAR),RETALHULEU
11-06-0046-46,11-021,RETALHULEU,SAN ANDRES VILLA SECA,INSTITUTO MIXTO MUNICIPAL NOCTURNO DE EDUCACION DIVERSIFICADA,"CENTRO 2, PARCELAMIENTO LA MAQUINA",33360912,JIMMY EDILBERTO ORTEGA COLOMO,MENFIL EDUARDO LÓPEZ AZAÑON,DIVERSIFICADO,MUNICIPAL,RURAL,ABIERTA,MONOLINGUE,NOCTURNA,DIARIO(REGULAR),RETALHULEU
11-06-0050-46,11-018,RETALHULEU,SAN ANDRES VILLA SECA,COLEGIO BILINGÜE MUNDO MÁGICO,CENTRO DOS PARCELAMIENTO LA MAQUINA,32928301,MIRTA ALIDA CASTELLANOS MARROQUIN,GLENDY MAGALI PEREZ GARCIA,DIVERSIFICADO,PRIVADO,URBANA,ABIERTA,MONOLINGUE,VESPERTINA,DIARIO(REGULAR),RETALHULEU
11-06-0051-46,11-017,RETALHULEU,SAN ANDRES VILLA SECA,COLEGIO SAN ANDRÉS VILLA SECA,PARCELAMIENTO LA MAQUINA LINEA C-4 SIS,32928301,MIGUEL ANGEL ARMAS ROCHA,ELDER ARMANDO RABANALES BLANCO,DIVERSIFICADO,PRIVADO,RURAL,ABIERTA,MONOLINGUE,DOBLE,FIN DE SEMANA,RETALHULEU
11-06-0055-46,11-017,RETALHULEU,SAN ANDRES VILLA SECA,"COLEGIO BILINGÜE ""MUNDO MÁGICO""","1A. CALZADA Y 2A. CALLE, CENTRO DOS, PARCELAMIENTO LA MAQUINA",45178662,MIGUEL ANGEL ARMAS ROCHA,ELVIA ARACELY RABANALES BLANCO,DIVERSIFICADO,PRIVADO,URBANA,ABIERTA,MONOLINGUE,DOBLE,FIN DE SEMANA,RETALHULEU
11-06-0056-46,11-017,RETALHULEU,SAN ANDRES VILLA SECA,"COLEGIO BILINGÜE ""MUNDO MÁGICO""","1A. CALZADA Y 2A. CALLE, CENTRO DOS, PARCELAMIENTO LA MAQUINA",45178662,MIGUEL ANGEL ARMAS ROCHA,ELDER ARMANDO RABANALES BLANCO,DIVERSIFICADO,PRIVADO,URBANA,ABIERTA,MONOLINGUE,DOBLE,FIN DE SEMANA,RETALHULEU
11-06-0061-46,11-018,RETALHULEU,SAN ANDRES VILLA SECA,LICEO TÉCNICO MAQUINENSE LITECMA,FAJA NO.9 LADO SAMALÁ PARCELAMIENTO LA MÁQUINA,43885563,MIRTA ALIDA CASTELLANOS MARROQUIN,OLJER MELQUESIDET HIGUEROS HERNÁNDEZ,DIVERSIFICADO,PRIVADO,RURAL,ABIERTA,MONOLINGUE,VESPERTINA,DIARIO(REGULAR),RETALHULEU
11-06-0064-46,11-017,RETALHULEU,SAN ANDRES VILLA SECA,LICEO TÉCNICO MAQUINENSE LITECMA,FAJA NO.9 LADO SAMALÁ PARCELAMIENTO LA MÁQUINA,40029699,MIGUEL ANGEL ARMAS ROCHA,IRIS ALEIDA HIGUEROS HERNÁNDEZ,DIVERSIFICADO,PRIVADO,RURAL,ABIERTA,MONOLINGUE,DOBLE,FIN DE SEMANA,RETALHULEU
11-06-0069-46,11-018,RETALHULEU,SAN ANDRES VILLA SECA,LICEO TÉCNICO MAQUINENSE LITECMA,FAJA NO.9 LADO SAMALÁ PARCELAMIENTO LA MÁQUINA,30071440,MIRTA ALIDA CASTELLANOS MARROQUIN,IRIS ALEIDA HIGUEROS HERNÁNDEZ,DIVERSIFICADO,PRIVADO,RURAL,ABIERTA,MONOLINGUE,MATUTINA,DIARIO(REGULAR),RETALHULEU
11-06-0070-46,11-021,RETALHULEU,SAN ANDRES VILLA SECA,"INSTITUTO MIXTO MUNICIPAL DE EDUCACIÓN DIVERSIFICADA ""UTZZ KAQI""",PARCELAMIENTO BUENOS AIRES,53832500,JIMMY EDILBERTO ORTEGA COLOMO,ANIBAL HUMBERTO VELÁSQUEZ YES,DIVERSIFICADO,MUNICIPAL,RURAL,ABIERTA,MONOLINGUE,VESPERTINA,DIARIO(REGULAR),RETALHULEU
11-06-0080-46,11-021,RETALHULEU,SAN ANDRES VILLA SECA,"INSTITUTO MIXTO MUNICIPAL ""MARÍA FLORENCIA ARTEAGA""",CABECERA MUNICIPAL ZONA 1,55627122,JIMMY EDILBERTO ORTEGA COLOMO,ZAYDA ROSSANA DIAZ ALVARADO,DIVERSIFICADO,PRIVADO,URBANA,ABIERTA,MONOLINGUE,SIN JORNADA,SEMIPRESENCIAL (FIN DE SEMANA),RETALHULEU
11-06-0082-46,11-017,RETALHULEU,SAN ANDRES VILLA SECA,LICEO TÉCNICO MAQUINENSE LITECMA,FAJA NO.9 LADO SAMALA,40029699,MIGUEL ANGEL ARMAS ROCHA,IRIS ALEIDA HIGUEROS HERNÁNDEZ,DIVERSIFICADO,PRIVADO,RURAL,ABIERTA,MONOLINGUE,SIN JORNADA,SEMIPRESENCIAL (FIN DE SEMANA),RETALHULEU
11-06-0084-46,11-017,RETALHULEU,SAN ANDRES VILLA SECA,COLEGIO LICEO RURAL MIXTO TULULÁ,"KM. 4.5 CARRETERA A LA MAQUINA, INGENIO TULULA",42734936,MIGUEL ANGEL ARMAS ROCHA,RONALD ELESTER REYES GARCÍA,DIVERSIFICADO,PRIVADO,RURAL,ABIERTA,MONOLINGUE,SIN JORNADA,SEMIPRESENCIAL (FIN DE SEMANA),RETALHULEU
11-06-0085-46,11-021,RETALHULEU,SAN ANDRES VILLA SECA,INSTITUTO MIXTO MUNICIPAL MARÍA FLORENCIA ARTEAGA,CABECERA MUNICIPAL ZONA 1,55627122,JIMMY EDILBERTO ORTEGA COLOMO,ZAYDA ROSSANA DIAZ ALVARADO,DIVERSIFICADO,MUNICIPAL,URBANA,ABIERTA,MONOLINGUE,DOBLE,FIN DE SEMANA,RETALHULEU
11-06-0086-46,11-017,RETALHULEU,SAN ANDRES VILLA SECA,COLEGIO SAN ANDRÉS VILLA SECA,LINEA C-4 SIS PARCELAMIENTO LA MAQUINA,32841084,MIGUEL ANGEL ARMAS ROCHA,ELDER ARMANDO RABANALES BLANCO,DIVERSIFICADO,PRIVADO,URBANA,ABIERTA,MONOLINGUE,SIN JORNADA,SEMIPRESENCIAL (FIN DE SEMANA),RETALHULEU
11-06-1409-46,11-016,RETALHULEU,SAN ANDRES VILLA SECA,INSTITUTO DIVERSIFICADO POR COOPERATIVA,CABECERA MUNICIPAL,34585167,MARIO RENE RIVERA ARGUETA,JUANA ARDÓN POP,DIVERSIFICADO,MUNICIPAL,URBANA,ABIERTA,MONOLINGUE,VESPERTINA,DIARIO(REGULAR),RETALHULEU
11-06-1410-46,11-016,RETALHULEU,SAN ANDRES VILLA SECA,INSTITUTO DIVERSIFICADO POR COOPERATIVA,"CENTRO URBANO NO. 2 LA MAQUINA, SAN ANDRES VILLA SECA, RETALHULEU",47222106,MARIO RENE RIVERA ARGUETA,AUGUSTO CÉSAR MUÑOZ LEVERMAN,DIVERSIFICADO,COOPERATIVA,RURAL,ABIERTA,MONOLINGUE,VESPERTINA,DIARIO(REGULAR),RETALHULEU
11-06-1469-46,11-017,RETALHULEU,SAN ANDRES VILLA SECA,COLEGIO CIENTIFICO INDUSTRIAL EL TRIUNFO,ENTRADA PRINCIPAL CENTRO 2 LA MAQUINA,78429789,MIGUEL ANGEL ARMAS ROCHA,,DIVERSIFICADO,PRIVADO,URBANA,ABIERTA,MONOLINGUE,MATUTINA,DIARIO(REGULAR),RETALHULEU
11-06-1470-46,11-017,RETALHULEU,SAN ANDRES VILLA SECA,COLEGIO CIENTIFICO INDUSTRIAL EL TRIUNFO,ENTRADA PRINCIPAL DEL CENTRO 2 LA MAQUINA,,MIGUEL ANGEL ARMAS ROCHA,,DIVERSIFICADO,PRIVADO,URBANA,ABIERTA,MONOLINGUE,DOBLE,DIARIO(REGULAR),RETALHULEU
11-07-0014-46,11-014,RETALHULEU,CHAMPERICO,INSTITUTO NACIONAL DE EDUCACION DIVERSIFICADA,PARCELAMIENTO EL ROSARIO,40191847,JULIO CÉSAR HERRERA ROLDÁN,IRAYDA EDELMIRA DE LEÓN BARRIOS,DIVERSIFICADO,OFICIAL,RURAL,ABIERTA,MONOLINGUE,MATUTINA,DIARIO(REGULAR),RETALHULEU
11-07-0015-46,11-014,RETALHULEU,CHAMPERICO,INSTITUTO NACIONAL DE EDUCACION DIVERSIFICADA,BARRIO LA ESPERANZA,50316450,JULIO CÉSAR HERRERA ROLDÁN,BLADIN JAHIRCINIO TESAGÜIC MORALES,DIVERSIFICADO,OFICIAL,URBANA,ABIERTA,MONOLINGUE,MATUTINA,DIARIO(REGULAR),RETALHULEU
11-07-0024-46,11-016,RETALHULEU,CHAMPERICO,"COLEGIO PARTICULAR MIXTO ""INMACULADA CONCEPCION""","7A. Y 8A. CALLE, AVENIDA ""COATEPEQUE""",77737379,MARIO RENE RIVERA ARGUETA,ELSA YOLANDA MORALES CRUZ,DIVERSIFICADO,PRIVADO,URBANA,ABIERTA,MONOLINGUE,VESPERTINA,DIARIO(REGULAR),RETALHULEU
11-07-0033-46,11-014,RETALHULEU,CHAMPERICO,INSTITUTO MUNICIPAL DE EDUCACION MEDIA Y BACHILLERATO POR MADUREZ,"AVENIDA MAZATENANGO, BARRIO EL CENTRO",46373261,JULIO CÉSAR HERRERA ROLDÁN,LETICIA MARIVEL RAMÍREZ LÓPEZ,DIVERSIFICADO,MUNICIPAL,URBANA,ABIERTA,MONOLINGUE,DOBLE,DOMINICAL,RETALHULEU
11-07-0039-46,11-018,RETALHULEU,CHAMPERICO,"CENTRO EDUCATIVO MIXTO ""FUTURO DE LOS NIÑOS"" (CEFUNI)",7A. Y 8A. CALLE AVENIDA RETALHULEU,77737193,MIRTA ALIDA CASTELLANOS MARROQUIN,ELSA YOLANDA MORALES CRUZ,DIVERSIFICADO,PRIVADO,URBANA,ABIERTA,MONOLINGUE,VESPERTINA,DIARIO(REGULAR),RETALHULEU
11-07-0047-46,11-017,RETALHULEU,CHAMPERICO,COLEGIO MIXTO PAULO COELHO CHAMPERICO,COLONIA LA FELICIDAD,41772373,MIGUEL ANGEL ARMAS ROCHA,LINDA JASMÍN LÓPEZ AGUILAR,DIVERSIFICADO,PRIVADO,URBANA,ABIERTA,MONOLINGUE,DOBLE,FIN DE SEMANA,RETALHULEU
11-07-0049-46,11-004,RETALHULEU,CHAMPERICO,COLEGIO MIXTO PAULO COELHO CHAMPERICO,COLONIA LA FELICIDAD,41772373,MIGUEL ANGEL ARMAS ROCHA,WERNER MISAEL TIPAZ FLORES,DIVERSIFICADO,PRIVADO,URBANA,ABIERTA,MONOLINGUE,MATUTINA,DIARIO(REGULAR),RETALHULEU
11-07-0058-46,11-021,RETALHULEU,CHAMPERICO,INSTITUTO MUNICIPAL DE EDUCACIÓN BÁSICA Y BACHILLERATO POR MADUREZ,AV. MAZATENANGO BARRIO EL CENTRO,49150442,JIMMY EDILBERTO ORTEGA COLOMO,MARIO RONALDO DÍAZ TEVALÁN,DIVERSIFICADO,MUNICIPAL,URBANA,ABIERTA,MONOLINGUE,SIN JORNADA,SEMIPRESENCIAL (FIN DE SEMANA),RETALHULEU
11-07-0219-46,11-022,RETALHULEU,CHAMPERICO,COLEGIO PARTICULAR MIXTO MIGUEL ANGEL ASTURIAS,BARRIO SAN MIGUEL,31201727,JOSSELINE CECILIA MORÁN LÓPEZ,ANGEL HUMBERTO CRÚZ MALDONADO,DIVERSIFICADO,PRIVADO,URBANA,ABIERTA,MONOLINGUE,VESPERTINA,DIARIO(REGULAR),RETALHULEU
11-07-1245-46,11-018,RETALHULEU,CHAMPERICO,CENTRO EXPERIMENTAL DEL PACIFICO,AV. MAZATENANGO 2A Y 3A. CALLE,77737371,MIRTA ALIDA CASTELLANOS MARROQUIN,ROSA MARÍA FLORES MENDIZÁBAL,DIVERSIFICADO,PRIVADO,URBANA,ABIERTA,MONOLINGUE,VESPERTINA,DIARIO(REGULAR),RETALHULEU
11-07-1443-46,11-017,RETALHULEU,CHAMPERICO,CENTRO EXPERIMENTAL DEL PACIFICO (POR MADUREZ),AVENIDA MAZATENANGO ENTRE 2A. Y 3A. CALLE,77737371,MIGUEL ANGEL ARMAS ROCHA,ROSA MARÍA FLORES MENDIZÁBAL,DIVERSIFICADO,PRIVADO,URBANA,ABIERTA,MONOLINGUE,DOBLE,FIN DE SEMANA,RETALHULEU
11-07-1499-46,11-018,RETALHULEU,CHAMPERICO,"COLEGIO MIXTO EVANGELICO ""EMANUEL""",ENTRE 8A. Y 9A. CALLE AVENIDA RETALHULEU,77930515,MIRTA ALIDA CASTELLANOS MARROQUIN,SANDRA NORBELY VALIENTE GODOY,DIVERSIFICADO,PRIVADO,URBANA,ABIERTA,MONOLINGUE,VESPERTINA,DIARIO(REGULAR),RETALHULEU
11-08-0014-46,11-014,RETALHULEU,NUEVO SAN CARLOS,INSTITUTO NACIONAL DE EDUCACION DIVERSIFICADA,COMUNIDAD AGRARIA CANDELARIA XOLHUITZ,40908785,JULIO CÉSAR HERRERA ROLDÁN,CÉSAR ARMANDO VELÁSQUEZ ESCOBAR,DIVERSIFICADO,OFICIAL,RURAL,ABIERTA,MONOLINGUE,MATUTINA,DIARIO(REGULAR),RETALHULEU
11-08-0024-46,11-014,RETALHULEU,NUEVO SAN CARLOS,INSTITUTO NACIONAL DE EDUCACION DIVERSIFICADA,2A. AVENIDA 2-55 ZONA 1,52137929,JULIO CÉSAR HERRERA ROLDÁN,HERMAN ISAI BARRIOS MAZARIEGOS,DIVERSIFICADO,OFICIAL,URBANA,ABIERTA,MONOLINGUE,MATUTINA,DIARIO(REGULAR),RETALHULEU
11-08-0052-46,11-018,RETALHULEU,NUEVO SAN CARLOS,COLEGIO CRISTIANO EDUCOM,COLONIA MORÁN,55476808,MIRTA ALIDA CASTELLANOS MARROQUIN,RUBÉN ISAÍ MALDONADO RODAS,DIVERSIFICADO,PRIVADO,URBANA,ABIERTA,MONOLINGUE,MATUTINA,DIARIO(REGULAR),RETALHULEU
11-08-0054-46,11-018,RETALHULEU,NUEVO SAN CARLOS,COLEGIO CRISTIANO EDUCOM,COLONIA MORÁN,55476808,MIRTA ALIDA CASTELLANOS MARROQUIN,LILIAN PATRICIA ALVARADO HERNÁNDEZ,DIVERSIFICADO,PRIVADO,URBANA,ABIERTA,MONOLINGUE,VESPERTINA,DIARIO(REGULAR),RETALHULEU
11-08-0056-46,11-017,RETALHULEU,NUEVO SAN CARLOS,COLEGIO CRISTIANO EDUCOM,COLONIA MORÁN,55476808,MIGUEL ANGEL ARMAS ROCHA,RUBÉN ISAÍ MALDONADO RODAS,DIVERSIFICADO,PRIVADO,URBANA,ABIERTA,MONOLINGUE,MATUTINA,FIN DE SEMANA,RETALHULEU
11-08-0059-46,11-018,RETALHULEU,NUEVO SAN CARLOS,COLEGIO CRISTIANO EDUCOM,COLONIA MORÁN,55476808,MIRTA ALIDA CASTELLANOS MARROQUIN,RUBÉN ISAÍ MALDONADO RODAS,DIVERSIFICADO,PRIVADO,URBANA,ABIERTA,MONOLINGUE,DOBLE,DIARIO(REGULAR),RETALHULEU
11-08-0061-46,11-017,RETALHULEU,NUEVO SAN CARLOS,COLEGIO GENESIS,"ALDEA GRANADOS, SECTOR I",51731731,MIGUEL ANGEL ARMAS ROCHA,ELDER ROLANDO REYES SANTOS,DIVERSIFICADO,PRIVADO,RURAL,ABIERTA,MONOLINGUE,DOBLE,FIN DE SEMANA,RETALHULEU
11-08-0064-46,11-018,RETALHULEU,NUEVO SAN CARLOS,COLEGIO CRISTIANO MARANATHA,COLONIA MORÁN,41230783,MIRTA ALIDA CASTELLANOS MARROQUIN,EDY RENATO DE LEÓN LOL,DIVERSIFICADO,PRIVADO,URBANA,ABIERTA,MONOLINGUE,VESPERTINA,DIARIO(REGULAR),RETALHULEU
11-08-0066-46,11-018,RETALHULEU,NUEVO SAN CARLOS,COLEGIO CRISTIANO MARANATHA,6TA AV. 04-003 ZONA1,31375946,MIRTA ALIDA CASTELLANOS MARROQUIN,SHIRLEY NAYELI DÍAZ LÓPEZ,DIVERSIFICADO,PRIVADO,URBANA,ABIERTA,MONOLINGUE,MATUTINA,DIARIO(REGULAR),RETALHULEU
11-08-0071-46,11-017,RETALHULEU,NUEVO SAN CARLOS,COLEGIO CRISTIANO MARANATHA,COLONIA MORÁN,32602846,MIGUEL ANGEL ARMAS ROCHA,CHRISTIAN MANUEL LÓPEZ ORTEGA,DIVERSIFICADO,PRIVADO,URBANA,ABIERTA,MONOLINGUE,DOBLE,FIN DE SEMANA,RETALHULEU
11-08-0073-46,11-019,RETALHULEU,NUEVO SAN CARLOS,MODALIDADES FLEXIBLES,COLONIA MORAN,56231580,LISBETH SURAMA LOPEZ CALVILLO,PEDRO LEONARDO REYNA MOLLER,DIVERSIFICADO,OFICIAL,URBANA,ABIERTA,MONOLINGUE,MATUTINA,A DISTANCIA,RETALHULEU
11-08-0075-46,11-017,RETALHULEU,NUEVO SAN CARLOS,CENTRO EDUCATIVO EL EXITO,"ALDEA CABAÑAS, SECTOR LOPEZ",56541286,MIGUEL ANGEL ARMAS ROCHA,PERCIA FLORIDALMA MAZARIEGOS CALDERÓN,DIVERSIFICADO,PRIVADO,RURAL,ABIERTA,MONOLINGUE,SIN JORNADA,SEMIPRESENCIAL (FIN DE SEMANA),RETALHULEU
11-08-0077-46,11-017,RETALHULEU,NUEVO SAN CARLOS,COLEGIO CRISTIANO EDUCOM,COLONIA MORAN,55476808,MIGUEL ANGEL ARMAS ROCHA,RUBÉN ISAÍ MALDONADO RODAS,DIVERSIFICADO,PRIVADO,URBANA,ABIERTA,MONOLINGUE,SIN JORNADA,SEMIPRESENCIAL (FIN DE SEMANA),RETALHULEU
11-08-0079-46,11-017,RETALHULEU,NUEVO SAN CARLOS,COLEGIO GÉNESIS,ALDEA GRANADOS SECTOR II,51731731,MIGUEL ANGEL ARMAS ROCHA,ELDER ROLANDO REYES SANTOS,DIVERSIFICADO,PRIVADO,RURAL,ABIERTA,MONOLINGUE,SIN JORNADA,SEMIPRESENCIAL (FIN DE SEMANA),RETALHULEU
11-08-0081-46,11-017,RETALHULEU,NUEVO SAN CARLOS,COLEGIO CRISTIANO MARANATHA,COLONIA MORAN ZONA 1,32602846,MIGUEL ANGEL ARMAS ROCHA,CHRISTIAN MANUEL LÓPEZ ORTEGA,DIVERSIFICADO,PRIVADO,URBANA,ABIERTA,MONOLINGUE,SIN JORNADA,SEMIPRESENCIAL (FIN DE SEMANA),RETALHULEU
11-08-1107-46,11-016,RETALHULEU,NUEVO SAN CARLOS,INSTITUTO DIVERSIFICADO POR COOPERATIVA NUEVO SAN CARLOS,ALDEA MORAZÁN,77915513,MARIO RENE RIVERA ARGUETA,EDGAR OBDULIO GÓMEZ ESCOBAR,DIVERSIFICADO,COOPERATIVA,URBANA,ABIERTA,MONOLINGUE,VESPERTINA,DIARIO(REGULAR),RETALHULEU
11-08-1354-46,11-014,RETALHULEU,NUEVO SAN CARLOS,ESCUELA NORMAL INTERCULTURAL,A UN COSTADO DE SALON MUNICIPAL,54855414,JULIO CÉSAR HERRERA ROLDÁN,ILIANA DEL ROSARIO RUANO RIVAS,DIVERSIFICADO,OFICIAL,URBANA,ABIERTA,MONOLINGUE,DOBLE,DIARIO(REGULAR),RETALHULEU
11-09-0026-46,11-014,RETALHULEU,EL ASINTAL,INSTITUTO NACIONAL DE EDUCACION DIVERSIFICADA,ALDEA SIBANA,41222186,JULIO CÉSAR HERRERA ROLDÁN,HULLA GRICELL SANTISTEBAN CANO,DIVERSIFICADO,OFICIAL,RURAL,ABIERTA,MONOLINGUE,VESPERTINA,DIARIO(REGULAR),RETALHULEU
11-09-0041-46,11-018,RETALHULEU,EL ASINTAL,COLEGIO MIXTO ADVENTISTA EL XAB,"KILOMETRO 197.5 RUTA 6W, ALDEA XAB",58602015,MIRTA ALIDA CASTELLANOS MARROQUIN,GERSON ELIUD BARILLAS AGUILAR,DIVERSIFICADO,PRIVADO,URBANA,ABIERTA,MONOLINGUE,VESPERTINA,DIARIO(REGULAR),RETALHULEU
11-09-0050-46,11-018,RETALHULEU,EL ASINTAL,COLEGIO MIXTO CRISTIANO JESHUA,SECTOR ENTRE RIOS ALDEA EL XAB,57077648,MIRTA ALIDA CASTELLANOS MARROQUIN,SANDRA LETICIA OVALLE FIGUEROA,DIVERSIFICADO,PRIVADO,RURAL,ABIERTA,MONOLINGUE,MATUTINA,DIARIO(REGULAR),RETALHULEU
11-09-0055-46,11-017,RETALHULEU,EL ASINTAL,COLEGIO MIXTO ADVENTISTA EL XAB,ALDEA EL XAB EL ASINTAL RETALHULEU,58602015,MIGUEL ANGEL ARMAS ROCHA,GERSON ELIUD BARILLAS AGUILAR,DIVERSIFICADO,PRIVADO,RURAL,ABIERTA,MONOLINGUE,DOBLE,DOMINICAL,RETALHULEU
11-09-0069-46,11-017,RETALHULEU,EL ASINTAL,COLEGIO MIXTO CRISTIANO JESHUA,SECTOR ENTRE RIOS ALDEA EL XAB,57077648,MIGUEL ANGEL ARMAS ROCHA,SANDRA LETICIA OVALLE FIGUEROA,DIVERSIFICADO,PRIVADO,RURAL,ABIERTA,MONOLINGUE,DOBLE,FIN DE SEMANA,RETALHULEU
11-09-0076-46,11-018,RETALHULEU,EL ASINTAL,"COLEGIO MIXTO ""SANTA ELENA""",KM. 192.5 COLONIA SANTA ELENA,54296076,MIRTA ALIDA CASTELLANOS MARROQUIN,EDGAR ANTONIO ALVARADO MONZÓN,DIVERSIFICADO,PRIVADO,RURAL,ABIERTA,MONOLINGUE,VESPERTINA,DIARIO(REGULAR),RETALHULEU
11-09-0078-46,11-017,RETALHULEU,EL ASINTAL,CENTRO EDUCATIVO NUEVO AMANECER,ALDEA SIBANÁ,49011339,MIGUEL ANGEL ARMAS ROCHA,ELIZABETH FERNANDA HERNÁNDEZ MAZARIEGOS,DIVERSIFICADO,PRIVADO,URBANA,ABIERTA,MONOLINGUE,DOBLE,FIN DE SEMANA,RETALHULEU
11-09-0079-46,11-018,RETALHULEU,EL ASINTAL,COLEGIO MIXTO ADVENTISTA EL XAB,ALDEA EL XAB,58602015,MIRTA ALIDA CASTELLANOS MARROQUIN,GERSON ELIUD BARILLAS AGUILAR,DIVERSIFICADO,PRIVADO,RURAL,ABIERTA,MONOLINGUE,MATUTINA,DIARIO(REGULAR),RETALHULEU
11-09-0081-46,11-018,RETALHULEU,EL ASINTAL,"COLEGIO MIXTO ""SANTA ELENA""",KM. 192.5 COLONIA SANTA ELENA,54296076,MIRTA ALIDA CASTELLANOS MARROQUIN,EDGAR ANTONIO ALVARADO MONZÓN,DIVERSIFICADO,PRIVADO,RURAL,ABIERTA,MONOLINGUE,MATUTINA,DIARIO(REGULAR),RETALHULEU
11-09-0085-46,11-017,RETALHULEU,EL ASINTAL,COLEGIO MIXTO TECNOLÓGICO BELEN,"COLONIA EL ABRIGO, CALLE PRINCIPAL",49215863,MIGUEL ANGEL ARMAS ROCHA,YESICA ANEIDA BARRIOS GOMEZ,DIVERSIFICADO,PRIVADO,URBANA,ABIERTA,MONOLINGUE,DOBLE,FIN DE SEMANA,RETALHULEU
11-09-0087-46,11-004,RETALHULEU,EL ASINTAL,COLEGIO MIXTO TECNOLÓGICO BELEN,"COLONIA EL ABRIGO, CALLE PRINCIPAL",49215863,MIGUEL ANGEL ARMAS ROCHA,YESICA ANEIDA BARRIOS GOMEZ,DIVERSIFICADO,PRIVADO,URBANA,ABIERTA,MONOLINGUE,MATUTINA,DIARIO(REGULAR),RETALHULEU
11-09-0088-46,11-016,RETALHULEU,EL ASINTAL,INSTITUTO DIVERSIFICADO POR COOPERATIVA DE ENSEÑANZA,"SECTOR NUEVA CONCEPCIÓN, ALDEA EL XAB",44757142,MARIO RENE RIVERA ARGUETA,JUAN URIEL LÓPEZ REYES,DIVERSIFICADO,COOPERATIVA,RURAL,ABIERTA,MONOLINGUE,MATUTINA,DIARIO(REGULAR),RETALHULEU
11-09-0091-46,11-017,RETALHULEU,EL ASINTAL,COLEGIO MIXTO ADVENTISTA EL XAB,ALDEA EL XAB,58602015,MIGUEL ANGEL ARMAS ROCHA,GERSON ELIUD BARILLAS AGUILAR,DIVERSIFICADO,PRIVADO,RURAL,ABIERTA,MONOLINGUE,SIN JORNADA,SEMIPRESENCIAL (FIN DE SEMANA),RETALHULEU
11-09-0093-46,11-017,RETALHULEU,EL ASINTAL,COLEGIO MIXTO CRISTIANO JESHUA,"SECTOR ENTRE RIOS, ALDEA EL XAB",57077648,MIGUEL ANGEL ARMAS ROCHA,SANDRA LETICIA OVALLE FIGUEROA,DIVERSIFICADO,PRIVADO,RURAL,ABIERTA,MONOLINGUE,SIN JORNADA,SEMIPRESENCIAL (FIN DE SEMANA),RETALHULEU
11-09-0095-46,11-017,RETALHULEU,EL ASINTAL,CENTRO EDUCATIVO NUEVO AMANECER,ALDEA SIBANA,49011339,MIGUEL ANGEL ARMAS ROCHA,JUAN JOSE DIAZ MIRANDA,DIVERSIFICADO,PRIVADO,URBANA,ABIERTA,MONOLINGUE,SIN JORNADA,SEMIPRESENCIAL (FIN DE SEMANA),RETALHULEU
11-09-0097-46,11-016,RETALHULEU,EL ASINTAL,INSTITUTO DIVERSIFICADO POR COOPERATIVA DE ENSEÑANZA,ALDEA SIBANA CENTRO,35656236,MARIO RENE RIVERA ARGUETA,ZURIA ENID LÓPEZ SOSA DE PÉREZ,DIVERSIFICADO,COOPERATIVA,RURAL,ABIERTA,MONOLINGUE,MATUTINA,DIARIO(REGULAR),RETALHULEU
11-09-0874-46,11-014,RETALHULEU,EL ASINTAL,INSTITUTO TECNICO INDUSTRIAL,CABECERA MUNICIPAL,77918363,JULIO CÉSAR HERRERA ROLDÁN,EPIFANIO OBISPO PÉREZ ARDEANO,DIVERSIFICADO,OFICIAL,URBANA,ABIERTA,MONOLINGUE,DOBLE,DIARIO(REGULAR),RETALHULEU
,,,,,,,,,,,,,,,,
,,,,,,,,,,,,,,,,
272 Establecimientos encontrados,,,,,,,,,,,,,,,,
,,,,,,,,,,,,,,,,
"Ministerio de Educación, Copyright © 2,012",,Aviso Legal | Términos y Condiciones | Contacto ,,,,,,,,,,,,,,
