,[ e-Servicios ],,,,,,,,,,,,,,,
,Búsqueda de centros educativos autorizados por el Mineduc y carreras que pueden impartir.,,,,,,,,,,,,,,,
,,,,,,,,,,,,,,,,
,  ,,,,,,,,,,,,,,,
Importante:,,,,,,,,,,,,,,,,
,,,,,,,,,,,,,,,,
"Para una mejor búsqueda puede seleccionar el departamento y municipio, con base a la ubicación del centro educativo, ingresando el código del establecimiento separado por guiones o el nombre completo o parte de él.",,,,,,,,,,,,,,,,
,,,,,,,,,,,,,,,,
"Un centro educativo puede contar con uno o más códigos de acuerdo con los servicios educativos autorizados (nivel, plan o jornada).",,,,,,,,,,,,,,,,
,,,,,,,,,,,,,,,,
"Las carreras pueden visualizarse únicamente en los códigos de centros educativos que tienen autorizado el Nivel de Educación Media, Ciclo de Educación Diversificada.",,,,,,,,,,,,,,,,
,,,,,,,,,,,,,,,,
Para visualizar las carreras autorizadas a un centro educativo seleccione el Nivel Escolar: Diversificado.,,,,,,,,,,,,,,,,
,,,,,,,,,,,,,,,,
Departamento,Municipio,,,,,,,,,,,,,,,
,,,,,,,,,,,,,,,,
Nivel Escolar,,,,,,,,,,,,,,,,
Sector,,,,,,,,,,,,,,,,
Plan,Modalidad,,,,,,,,,,,,,,,
,,,,,,,,,,,,,,,,
Código (##-##-####-##),,,,,,,,,,,,,,,,
Nombre,,,,,,,,,,,,,,,,
Dirección,,,,,,,,,,,,,,,,
,,,,,,,,,,,,,,,,
,,,,,,,,,,,,,,,,
CODIGO,DISTRITO,DEPARTAMENTO,MUNICIPIO,ESTABLECIMIENTO,DIRECCION,TELEFONO,SUPERVISOR,DIRECTOR,NIVEL,SECTOR,AREA,STATUS,MODALIDAD,JORNADA,PLAN,DEPARTAMENTAL
06-01-0039-46,06-001,SANTA ROSA,CUILAPA,"ESCUELA NACIONAL DE CIENCIAS COMERCIALES ""PROFESOR JORGE HUGO BARILLAS MÉNDEZ",LOTIFICACION BELLA VISTA EL CALVARIO,42997568,IRMA YOLANDA CHACON ARROYO,CARLA SELENE FORTUNY HERNÁNDEZ,DIVERSIFICADO,OFICIAL,URBANA,ABIERTA,MONOLINGUE,MATUTINA,DIARIO(REGULAR),SANTA ROSA
06-01-0069-46,06-001,SANTA ROSA,CUILAPA,INSTITUTO NACIONAL DE EDUCACION DIVERSIFICADA,"LOTIFICACION BELLA VISTA, BARRIO EL CALVARIO",58560517,IRMA YOLANDA CHACON ARROYO,NERY FRANCISCO MAURICIO LÓPEZ,DIVERSIFICADO,OFICIAL,URBANA,ABIERTA,MONOLINGUE,VESPERTINA,DIARIO(REGULAR),SANTA ROSA
06-01-0091-46,06-001,SANTA ROSA,CUILAPA,"COLEGIO TECNOLOGICO MODERNO ""NUESTRA SEÑORA DE LA ASUNCION""","ALDEA GUACAMAYAS, VILLA LAURA",41064795,IRMA YOLANDA CHACON ARROYO,JULIO HILARIO SÁNCHEZ CARRILLO,DIVERSIFICADO,PRIVADO,RURAL,ABIERTA,MONOLINGUE,VESPERTINA,DIARIO(REGULAR),SANTA ROSA
06-01-0099-46,06-001,SANTA ROSA,CUILAPA,ESCUELA NORMAL INTERCULTURAL,"LOTIFICACIÓN BELLA VISTA, BARRIO EL CALVARIO",78865480,IRMA YOLANDA CHACON ARROYO,ANGELA RAQUEL DIVAS QUEVEDO,DIVERSIFICADO,OFICIAL,URBANA,ABIERTA,MONOLINGUE,MATUTINA,DIARIO(REGULAR),SANTA ROSA
06-01-0105-46,06-039,SANTA ROSA,CUILAPA,"CENTRO DE EDUCACIÓN EXTRAESCOLAR -CEEX- ""COOPERATIVA EL RECUERDO""",CENTRO CULTURAL DE LAS AMERICAS 5 CALLE 1-09 ZONA 1,78866063,JORGE BALDOMERO GONZALEZ BARRERA,ALEYDA MARGARITA MONTENEGRO HERNÁNDEZ,DIVERSIFICADO,PRIVADO,URBANA,ABIERTA,MONOLINGUE,DOBLE,FIN DE SEMANA,SANTA ROSA
06-01-0107-46,06-001,SANTA ROSA,CUILAPA,"COLEGIO PARTICULAR MIXTO ""DIVINO NIÑO""",COLONIA LAS VICTORIAS,59495525,IRMA YOLANDA CHACON ARROYO,LISBETH CAROLINA SEN CASÚN,DIVERSIFICADO,PRIVADO,URBANA,ABIERTA,MONOLINGUE,DOBLE,FIN DE SEMANA,SANTA ROSA
06-01-0110-46,06-039,SANTA ROSA,CUILAPA,"PROGRAMA NACIONAL DE EDUCACIÓN ALTERNATIVA, PRONEA","4A. CALLE 2-55 ZONA 4, BARRIO EL LLANITO, CUILAPA, SANTA ROSA",30060201,JORGE BALDOMERO GONZALEZ BARRERA,JORGE BALDOMERO GONZÁLEZ BARRERA,DIVERSIFICADO,OFICIAL,RURAL,ABIERTA,MONOLINGUE,DOBLE,A DISTANCIA,SANTA ROSA
06-01-0116-46,06-039,SANTA ROSA,CUILAPA,"CENTRO DE EDUCACIÓN EXTRAESCOLAR ""SANTA ROSITA""","KILOMETRO 65.5 CARRETERA A EL SALVADOR ALDEA LOS ESCLAVOS CENTRO DE DETENCION PREVENTIVA ""EL BOQUERON""",30157695,JORGE BALDOMERO GONZALEZ BARRERA,GRICELDA ESCOBAR LEMUS,DIVERSIFICADO,OFICIAL,RURAL,ABIERTA,MONOLINGUE,MATUTINA,DIARIO(REGULAR),SANTA ROSA
06-01-0118-46,06-039,SANTA ROSA,CUILAPA,"""CENTRO DE EDUCACIÓN EXTRAESCOLAR -CEEX- DEPARTAMENTAL""","4A. CALLE 2-55, ZONA 4 BARRIO EL LLANITO, CUILAPA, SANTA ROSA",78865585,JORGE BALDOMERO GONZALEZ BARRERA,MARTA JULIA BARRERA BARRERA DE ALVAREZ,DIVERSIFICADO,OFICIAL,URBANA,ABIERTA,MONOLINGUE,DOBLE,SEMIPRESENCIAL,SANTA ROSA
06-01-0119-46,06-001,SANTA ROSA,CUILAPA,"COLEGIO CATÓLICO ECO-TECNOLÓGICO ""SAGRADO CORAZON DE JESÚS""","EL BOQUERÓN, KILÓMETRO 66",35702888,IRMA YOLANDA CHACON ARROYO,JUANA MARÍA TELLO GARCÍA,DIVERSIFICADO,PRIVADO,RURAL,ABIERTA,MONOLINGUE,MATUTINA,DIARIO(REGULAR),SANTA ROSA
06-01-0122-46,06-001,SANTA ROSA,CUILAPA,COLEGIO TECNOLÓGICO BILINGÜE EL HERMANO PEDRO,"COLONIA CHINA, BARRIO LA PARROQUIA",78865470,IRMA YOLANDA CHACON ARROYO,CÉSAR AUGUSTO MIRANDA QUINTANILLA,DIVERSIFICADO,PRIVADO,URBANA,ABIERTA,MONOLINGUE,SIN JORNADA,SEMIPRESENCIAL (UN DÍA A LA SEMANA),SANTA ROSA
06-01-0124-46,06-001,SANTA ROSA,CUILAPA,"COLEGIO CATÓLICO ECO-TECNOLÓGICO ""SAGRADO CORAZON DE JESÚS""","EL BOQUERÓN, KILÓMETRO 66",59511111,IRMA YOLANDA CHACON ARROYO,DELMY PATRICIA CONTRERAS RASHJAL,DIVERSIFICADO,PRIVADO,RURAL,ABIERTA,MONOLINGUE,SIN JORNADA,SEMIPRESENCIAL (FIN DE SEMANA),SANTA ROSA
06-01-0125-46,06-001,SANTA ROSA,CUILAPA,"COLEGIO CATÓLICO ECO-TECNOLÓGICO ""SAGRADO CORAZON DE JESÚS""","EL BOQUERÓN, KILÓMETRO 66",59511111,IRMA YOLANDA CHACON ARROYO,DELMY PATRICIA CONTRERAS RASHJAL,DIVERSIFICADO,PRIVADO,RURAL,ABIERTA,MONOLINGUE,DOBLE,FIN DE SEMANA,SANTA ROSA
06-01-1070-46,06-001,SANTA ROSA,CUILAPA,"COLEGIO PARTICULAR MIXTO BILINGUE ""SANTA FAMILIA""",ALDEA SAN JUAN DE ARANA,77254514,IRMA YOLANDA CHACON ARROYO,DAVID GUILLERMO BARRIENTOS VALDEZ,DIVERSIFICADO,PRIVADO,RURAL,ABIERTA,MONOLINGUE,VESPERTINA,DIARIO(REGULAR),SANTA ROSA
06-01-1675-46,06-001,SANTA ROSA,CUILAPA,COLEGIO TECNOLOGICO BILINGUE EL HERMANO PEDRO,"COLONIA CHINA, BARRIO LA PARROQUIA",78865470,IRMA YOLANDA CHACON ARROYO,CÉSAR AUGUSTO MIRANDA QUINTANILLA,DIVERSIFICADO,PRIVADO,URBANA,ABIERTA,MONOLINGUE,VESPERTINA,DIARIO(REGULAR),SANTA ROSA
06-02-0011-46,06-027,SANTA ROSA,BARBERENA,INSTITUTO NACIONAL DE EDUCACION DIVERSIFICADA,ALDEA FRAY BARTOLOME DE LAS CASAS,78882045,YESENIA ALEJANDRA HERRERA MONTERROSO DE PIVARAL,JUAN ALBERTO MONZÓN GARCÍA,DIVERSIFICADO,OFICIAL,RURAL,ABIERTA,MONOLINGUE,MATUTINA,DIARIO(REGULAR),SANTA ROSA
06-02-0020-46,06-027,SANTA ROSA,BARBERENA,"COLEGIO TECNOLOGICO MIXTO BILINGUE ""BELEN""","5A. AVENIDA 0-24, ZONA 1 BARRIO LA IGLESIA",78871717,YESENIA ALEJANDRA HERRERA MONTERROSO DE PIVARAL,ERWIN FEDERICO ZEA GARCIA,DIVERSIFICADO,PRIVADO,URBANA,ABIERTA,MONOLINGUE,VESPERTINA,DIARIO(REGULAR),SANTA ROSA
06-02-0022-46,06-027,SANTA ROSA,BARBERENA,COLEGIO TECNICO INTEGRADO,"LOTE 10, COLONIA LAS ESTRELLAS",78870936,YESENIA ALEJANDRA HERRERA MONTERROSO DE PIVARAL,ALLAN PAOLO GIRÓN JIMÉNEZ,DIVERSIFICADO,PRIVADO,URBANA,ABIERTA,MONOLINGUE,MATUTINA,DIARIO(REGULAR),SANTA ROSA
06-02-0030-46,06-027,SANTA ROSA,BARBERENA,INSTITUTO PARTICULAR MIXTO DE MERCADOTECNIA Y PUBLICIDAD DE SURORIENTE,"4A. CALLE 8-36, ZONA 1",78445005,YESENIA ALEJANDRA HERRERA MONTERROSO DE PIVARAL,KARLA JULISA ROMERO SERRANO,DIVERSIFICADO,PRIVADO,URBANA,ABIERTA,MONOLINGUE,MATUTINA,DIARIO(REGULAR),SANTA ROSA
06-02-0032-46,06-027,SANTA ROSA,BARBERENA,INSTITUTO PARTICULAR MIXTO DE MERCADOTECNIA Y PUBLICIDAD DE SURORIENTE,"4A. CALLE 8-36, ZONA 1",78445005,YESENIA ALEJANDRA HERRERA MONTERROSO DE PIVARAL,ELMA JANETH RAMÍREZ SANDOVAL,DIVERSIFICADO,PRIVADO,URBANA,ABIERTA,MONOLINGUE,DOBLE,FIN DE SEMANA,SANTA ROSA
06-02-0037-46,06-027,SANTA ROSA,BARBERENA,"LICEO ""SAN ANTONIO""","LOTE 30, SECTOR EL CAMPO ALDEA FRAY BARTOLOMÉ DE LAS CASAS",50194872,YESENIA ALEJANDRA HERRERA MONTERROSO DE PIVARAL,BAYRON RAFAEL LÓPEZ VALENZUELA,DIVERSIFICADO,PRIVADO,RURAL,ABIERTA,MONOLINGUE,DOBLE,FIN DE SEMANA,SANTA ROSA
06-02-0038-46,06-027,SANTA ROSA,BARBERENA,INSTITUTO MIXTO DIVERSIFICADO POR COOPERATIVA DE ENSEÑANZA TECNOLÓGICO DE SURORIENTE,CABECERA MUNICIPAL,78232493,YESENIA ALEJANDRA HERRERA MONTERROSO DE PIVARAL,GLORIA LIZBETH CASTAÑEDA BARRERA,DIVERSIFICADO,COOPERATIVA,URBANA,ABIERTA,MONOLINGUE,VESPERTINA,DIARIO(REGULAR),SANTA ROSA
06-02-0076-46,06-039,SANTA ROSA,BARBERENA,"CENTRO DE EDUCACIÓN EXTRAESCOLAR ""ESCUELA DE CAFICULTURA""",FINCA LAS FLORES,31692818,JORGE BALDOMERO GONZALEZ BARRERA,WENDY CAROLINA FUENTES ALVARADO,DIVERSIFICADO,PRIVADO,RURAL,ABIERTA,MONOLINGUE,DOBLE,FIN DE SEMANA,SANTA ROSA
06-02-0077-46,06-027,SANTA ROSA,BARBERENA,"COLEGIO PARTICULAR MIXTO ""SAN FRANCISCO DE ASÍS""",COLONIA SAN GABRIEL,78871692,YESENIA ALEJANDRA HERRERA MONTERROSO DE PIVARAL,MARIO ARTURO GALINDO JUÁREZ,DIVERSIFICADO,PRIVADO,URBANA,ABIERTA,MONOLINGUE,VESPERTINA,DIARIO(REGULAR),SANTA ROSA
06-02-0080-46,06-027,SANTA ROSA,BARBERENA,"INSTITUTO TECNOLOGICO PRIVADO DE SANTA ROSA ""CRISTO VIVE""","4A. AVENIDA 1-074, ZONA 1",78227801,YESENIA ALEJANDRA HERRERA MONTERROSO DE PIVARAL,GUILLERMO ARTURO LINARES VELÁSQUEZ,DIVERSIFICADO,PRIVADO,URBANA,ABIERTA,MONOLINGUE,MATUTINA,DIARIO(REGULAR),SANTA ROSA
06-02-0081-46,06-027,SANTA ROSA,BARBERENA,"INSTITUTO TECNOLOGICO PRIVADO DE SANTA ROSA ""CRISTO VIVE""","4A. AVENIDA 1-074, ZONA 1",78227801,YESENIA ALEJANDRA HERRERA MONTERROSO DE PIVARAL,JOSÉ ANTONIO CORTÉZ RAMÍREZ,DIVERSIFICADO,PRIVADO,URBANA,ABIERTA,MONOLINGUE,VESPERTINA,DIARIO(REGULAR),SANTA ROSA
06-02-0083-46,06-027,SANTA ROSA,BARBERENA,"INSTITUTO TECNOLOGICO PRIVADO DE SANTA ROSA ""CRISTO VIVE""","4A. AVENIDA 1-074, ZONA 1",78227801,YESENIA ALEJANDRA HERRERA MONTERROSO DE PIVARAL,GUILLERMO ARTURO LINARES VELÁSQUEZ,DIVERSIFICADO,PRIVADO,URBANA,ABIERTA,MONOLINGUE,INTERMEDIA,DIARIO(REGULAR),SANTA ROSA
06-02-0084-46,06-027,SANTA ROSA,BARBERENA,"INSTITUTO TECNOLOGICO PRIVADO DE SANTA ROSA ""CRISTO VIVE""","4A. AVENIDA 1-074, ZONA 1",78227801,YESENIA ALEJANDRA HERRERA MONTERROSO DE PIVARAL,JOSÉ ANTONIO CORTÉZ RAMÍREZ,DIVERSIFICADO,PRIVADO,URBANA,ABIERTA,MONOLINGUE,NOCTURNA,DIARIO(REGULAR),SANTA ROSA
06-02-0085-46,06-027,SANTA ROSA,BARBERENA,"INSTITUTO TECNOLOGICO PRIVADO DE SANTA ROSA ""CRISTO VIVE""","4A. AVENIDA 1-074, ZONA 1",78227801,YESENIA ALEJANDRA HERRERA MONTERROSO DE PIVARAL,JOSÉ ANTONIO CORTÉZ RAMÍREZ,DIVERSIFICADO,PRIVADO,URBANA,ABIERTA,MONOLINGUE,DOBLE,FIN DE SEMANA,SANTA ROSA
06-02-0091-46,06-027,SANTA ROSA,BARBERENA,"COLEGIO MIXTO BILINGÜE ""CAMPO VERDE""","4TA. CALLE FINAL BARBERENA, SANTA ROSA",78870260,YESENIA ALEJANDRA HERRERA MONTERROSO DE PIVARAL,CATHERINE BET-SÚA MORALES ARGUETA,DIVERSIFICADO,PRIVADO,URBANA,ABIERTA,MONOLINGUE,MATUTINA,MIXTO,SANTA ROSA
06-02-0093-46,06-027,SANTA ROSA,BARBERENA,"COLEGIO MIXTO ""SAN JOSÉ""",ALDEA UTZUMAZATE A LA PAR DEL OBISPADO DE LA DIÓCESIS DE SANTA ROSA DE LIMA Y PASTORAL SOCIAL CÁRITAS,78871400,YESENIA ALEJANDRA HERRERA MONTERROSO DE PIVARAL,ELIO NOÉ LÓPEZ,DIVERSIFICADO,PRIVADO,RURAL,ABIERTA,MONOLINGUE,DOBLE,DIARIO(REGULAR),SANTA ROSA
06-02-0095-46,06-027,SANTA ROSA,BARBERENA,"INSTITUTO TECNOLOGICO PRIVADO DE SANTA ROSA ""CRISTO VIVE""",4TA. AVENIDA 1-074 ZONA 1,78227801,YESENIA ALEJANDRA HERRERA MONTERROSO DE PIVARAL,JOSÉ ANTONIO CORTÉZ RAMÍREZ,DIVERSIFICADO,PRIVADO,URBANA,ABIERTA,MONOLINGUE,SIN JORNADA,SEMIPRESENCIAL (FIN DE SEMANA),SANTA ROSA
06-02-0096-46,06-027,SANTA ROSA,BARBERENA,LICEO SAN ANTONIO,LOTE 30 SECTOR EL CAMPO,42129001,YESENIA ALEJANDRA HERRERA MONTERROSO DE PIVARAL,BAYRON RAFAEL LÓPEZ VALENZUELA,DIVERSIFICADO,PRIVADO,RURAL,ABIERTA,MONOLINGUE,SIN JORNADA,SEMIPRESENCIAL (UN DÍA A LA SEMANA),SANTA ROSA
06-02-0099-46,06-027,SANTA ROSA,BARBERENA,COLEGIO MIXTO SAN JOSÉ,ALDEA UTZUMAZATE A LA PAR DEL OBISPADO DE LA DIÓCESIS DE SANTA ROSA DE LIMA,78871400,YESENIA ALEJANDRA HERRERA MONTERROSO DE PIVARAL,ULYSSES REYNALDO RAMÍREZ ROLDÁN,DIVERSIFICADO,PRIVADO,RURAL,ABIERTA,MONOLINGUE,SIN JORNADA,SEMIPRESENCIAL (FIN DE SEMANA),SANTA ROSA
06-02-0101-46,06-027,SANTA ROSA,BARBERENA,INSTITUTO PARTICULAR MIXTO DE MERCADOTECNIA Y PUBLICIDAD DE SURORIENTE,4TA. CALLE 8-36 ZONA 1,78445005,YESENIA ALEJANDRA HERRERA MONTERROSO DE PIVARAL,ELMA JANETH RAMÍREZ SANDOVAL,DIVERSIFICADO,PRIVADO,URBANA,ABIERTA,MONOLINGUE,SIN JORNADA,SEMIPRESENCIAL (FIN DE SEMANA),SANTA ROSA
06-02-0102-46,06-027,SANTA ROSA,BARBERENA,"INSTITUTO TECNOLÓGICO PRIVADO DE SANTA ROSA ""CRISTO VIVE""",4A. AVENIDA 1-074 ZONA 1 BARBERENA,78227801,YESENIA ALEJANDRA HERRERA MONTERROSO DE PIVARAL,GUILLERMO ARTURO LINARES VELÁSQUEZ,DIVERSIFICADO,PRIVADO,URBANA,ABIERTA,MONOLINGUE,NOCTURNA,DIARIO(REGULAR),SANTA ROSA
06-02-0448-46,06-027,SANTA ROSA,BARBERENA,INSTITUTO PARTICULAR MIXTO DE MERCADOTECNIA Y PUBLICIDAD DE SURORIENTE,4A. CALLE 8-36 ZONA 1,78445005,YESENIA ALEJANDRA HERRERA MONTERROSO DE PIVARAL,ELMA JANETH RAMÍREZ SANDOVAL,DIVERSIFICADO,PRIVADO,URBANA,ABIERTA,MONOLINGUE,VESPERTINA,DIARIO(REGULAR),SANTA ROSA
06-02-1094-46,06-027,SANTA ROSA,BARBERENA,"COLEGIO PARTICULAR LICEO MIXTO ""GUADALUPANO""",5A. AVENIDA 2-37 ZONA 1,78871327,YESENIA ALEJANDRA HERRERA MONTERROSO DE PIVARAL,SINDY GABRIELA CANO RODRÍGUEZ,DIVERSIFICADO,PRIVADO,URBANA,ABIERTA,MONOLINGUE,VESPERTINA,DIARIO(REGULAR),SANTA ROSA
06-02-1242-46,06-027,SANTA ROSA,BARBERENA,"COLEGIO MIXTO ""SAN JOSE""",ALDEA UTZUMAZATE A LA PAR DEL OBISPADO DE LA DIÓCESIS DE SANTA ROSA DE LIMA,78871400,YESENIA ALEJANDRA HERRERA MONTERROSO DE PIVARAL,ELIO NOÉ LÓPEZ,DIVERSIFICADO,PRIVADO,RURAL,ABIERTA,MONOLINGUE,VESPERTINA,DIARIO(REGULAR),SANTA ROSA
06-02-1941-46,06-027,SANTA ROSA,BARBERENA,COLEGIO MIXTO SAN JOSE,"ALDEA UTZUMAZATE, A LA PAR DEL OBISPADO DE LA DIÓCESIS DE SANTA ROSA DE LIMA",78871400,YESENIA ALEJANDRA HERRERA MONTERROSO DE PIVARAL,ULYSSES REYNALDO RAMÍREZ ROLDÁN,DIVERSIFICADO,PRIVADO,RURAL,ABIERTA,MONOLINGUE,DOBLE,FIN DE SEMANA,SANTA ROSA
06-02-1998-46,06-027,SANTA ROSA,BARBERENA,"INSTITUTO TECNOLOGICO PRIVADO DE SANTA ROSA ""CRISTO VIVE""",4A. AVENIDA 1-074 ZONA 1,78227801,YESENIA ALEJANDRA HERRERA MONTERROSO DE PIVARAL,JOSÉ ANTONIO CORTÉZ RAMÍREZ,DIVERSIFICADO,PRIVADO,URBANA,ABIERTA,MONOLINGUE,DOBLE,FIN DE SEMANA,SANTA ROSA
06-03-0021-46,06-005,SANTA ROSA,SANTA ROSA DE LIMA,INSTITUTO NACIONAL DE EDUCACION DIVERSIFICADA,"AVENIDA PROF. ÁNGEL GABRIEL ERICASTILLA, BARRIO EL CALVARIO, ZONA 1",40738811,DELIA JUDITH HERNANDEZ CARIAS,LIDIA ESTELA SALAZAR ARREDONDO,DIVERSIFICADO,OFICIAL,URBANA,ABIERTA,MONOLINGUE,VESPERTINA,DIARIO(REGULAR),SANTA ROSA
06-03-1829-46,06-005,SANTA ROSA,SANTA ROSA DE LIMA,"LICEO MIXTO DE EDUCACION ""PRESBITERO GUILLERMO JAGENEAU""",ALDEA LAGUNA PEREIRA,55789212,DELIA JUDITH HERNANDEZ CARIAS,ROSAURA BARRIENTOS CALDERÓN,DIVERSIFICADO,PRIVADO,RURAL,ABIERTA,MONOLINGUE,VESPERTINA,DIARIO(REGULAR),SANTA ROSA
06-04-0028-46,06-040,SANTA ROSA,CASILLAS,INSTITUTO NACIONAL DE EDUCACION DIVERSIFICADA,CALLE PRINCIPAL,41280696,BRENDA GRISEL GARCIA BATRES DE DONIS,NADIA FERNANDA DAVILA MAYÉN,DIVERSIFICADO,OFICIAL,URBANA,ABIERTA,MONOLINGUE,VESPERTINA,DIARIO(REGULAR),SANTA ROSA
06-04-0045-46,06-024,SANTA ROSA,CASILLAS,"CENTRO EDUCATIVO AYARZA ""CEA""",ALDEA AYARZA,53225227,BAIRON ROMIL FIGUEROA DÍAZ,GLENDA AMARILIS ARRIAGA MEDRANO,DIVERSIFICADO,PRIVADO,RURAL,ABIERTA,MONOLINGUE,VESPERTINA,DIARIO(REGULAR),SANTA ROSA
06-04-0046-46,06-040,SANTA ROSA,CASILLAS,INSTITUTO POR COOPERATIVA DE DIVERSIFICADO,CABECERA MUNICIPAL,31108329,BRENDA GRISEL GARCIA BATRES DE DONIS,AURA ENCARNACIÓN CORTÉZ GARCÍA,DIVERSIFICADO,COOPERATIVA,URBANA,ABIERTA,MONOLINGUE,VESPERTINA,DIARIO(REGULAR),SANTA ROSA
06-04-0057-46,06-024,SANTA ROSA,CASILLAS,INSTITUTO NACIONAL DE EDUCACIÓN DIVERSIFICADA,ALDEA AYARZA,55737074,BAIRON ROMIL FIGUEROA DÍAZ,JOSÉ MISRRAIN SANTOS BARRERA,DIVERSIFICADO,OFICIAL,RURAL,ABIERTA,MONOLINGUE,VESPERTINA,DIARIO(REGULAR),SANTA ROSA
06-04-2039-46,06-024,SANTA ROSA,CASILLAS,INSTITUTO MIXTO DE EDUCACION DIVERSIFICADA POR COOPERATIVA,ALDEA AYARZA,59936632,BAIRON ROMIL FIGUEROA DÍAZ,LUIS FERNANDO RIVAS CEBALLOS,DIVERSIFICADO,COOPERATIVA,RURAL,ABIERTA,MONOLINGUE,VESPERTINA,DIARIO(REGULAR),SANTA ROSA
06-05-0009-46,06-007,SANTA ROSA,SAN RAFAEL LAS FLORES,INSTITUTO NACIONAL DE EDUCACION DIVERSIFICADA,CABECERA MUNICIPAL,77930867,MIRNA ARACELY MORALES ALVAREZ DE CAMEY,JÚNIOR YESMÍN MORALES ESTRADA,DIVERSIFICADO,OFICIAL,URBANA,ABIERTA,MONOLINGUE,MATUTINA,DIARIO(REGULAR),SANTA ROSA
06-05-0018-46,06-007,SANTA ROSA,SAN RAFAEL LAS FLORES,"LICEO ""SAN RAFAEL""",ZONA 0 BARRIO EL BORBOLLÓN,47329234,MIRNA ARACELY MORALES ALVAREZ DE CAMEY,DARLIN MABEL MIJANGOS ALVARADO,DIVERSIFICADO,PRIVADO,URBANA,ABIERTA,MONOLINGUE,VESPERTINA,DIARIO(REGULAR),SANTA ROSA
06-05-0021-46,06-007,SANTA ROSA,SAN RAFAEL LAS FLORES,"LICEO ""SAN RAFAEL""",ZONA 0 BARRIO EL BORBOLLÓN,47329234,MIRNA ARACELY MORALES ALVAREZ DE CAMEY,DARLIN MABEL MIJANGOS ALVARADO,DIVERSIFICADO,PRIVADO,URBANA,ABIERTA,MONOLINGUE,DOBLE,FIN DE SEMANA,SANTA ROSA
06-05-0028-46,06-007,SANTA ROSA,SAN RAFAEL LAS FLORES,"LICEO ""SAN RAFAEL""",ZONA 0 BARRIO EL BORBOLLÓN,47329234,MIRNA ARACELY MORALES ALVAREZ DE CAMEY,DARLIN MABEL MIJANGOS ALVARADO,DIVERSIFICADO,PRIVADO,URBANA,ABIERTA,MONOLINGUE,MATUTINA,DIARIO(REGULAR),SANTA ROSA
06-05-0030-46,06-007,SANTA ROSA,SAN RAFAEL LAS FLORES,"LICEO ""SAN RAFAEL""",ZONA 0 BARRIO EL BORBOLLON,47329234,MIRNA ARACELY MORALES ALVAREZ DE CAMEY,DARLIN MABEL MIJANGOS ALVARADO,DIVERSIFICADO,PRIVADO,URBANA,ABIERTA,MONOLINGUE,SIN JORNADA,SEMIPRESENCIAL (FIN DE SEMANA),SANTA ROSA
06-06-0016-46,06-008,SANTA ROSA,ORATORIO,INSTITUTO NACIONAL DE EDUCACIÓN DIVERSIFICADA,ALDEA EL MANGÓN,36300096,ADELSO FRANCO FLORES,GUSTAVO ADOLFO SILVA HERNANDEZ,DIVERSIFICADO,OFICIAL,URBANA,ABIERTA,MONOLINGUE,VESPERTINA,DIARIO(REGULAR),SANTA ROSA
06-06-0023-46,06-009,SANTA ROSA,ORATORIO,"COLEGIO PARTICULAR MIXTO BILINGÜE ""VILLA REAL""",CABECERA MUNICIPAL,78804742,ADELSO FRANCO FLORES,HECTOR MANUEL MORAN DIVAS,DIVERSIFICADO,PRIVADO,URBANA,ABIERTA,MONOLINGUE,DOBLE,FIN DE SEMANA,SANTA ROSA
06-06-0024-46,06-008,SANTA ROSA,ORATORIO,INSTITUTO DIVERSIFICADO POR COOPERATIVA DE ENSEÑANZA,CABECERA MUNICIPAL,42231004,ADELSO FRANCO FLORES,FERNANDO ARREDONDO SALAZAR,DIVERSIFICADO,COOPERATIVA,URBANA,ABIERTA,MONOLINGUE,DOBLE,FIN DE SEMANA,SANTA ROSA
06-06-0025-46,06-009,SANTA ROSA,ORATORIO,INSTITUTO DE EDUCACIÓN DIVERSIFICADA POR COOPERATIVA DE ENSEÑANZA,"ALDEA LA PROVIDENCIA ORATORIO, SANTA ROSA",42830085,ADELSO FRANCO FLORES,ALVIN ALEXANDER ROCA LIMA,DIVERSIFICADO,COOPERATIVA,RURAL,ABIERTA,MONOLINGUE,VESPERTINA,DIARIO(REGULAR),SANTA ROSA
06-06-0026-46,06-009,SANTA ROSA,ORATORIO,INSTITUTO DE EDUCACIÓN DIVERSIFICADA POR COOPERATIVA DE ENSEÑANZA,"ALDEA LAS CABEZAS ORATORIO, SANTA ROSA",32186722,ADELSO FRANCO FLORES,FLOR DE MARIA GARCIA BARCO,DIVERSIFICADO,COOPERATIVA,RURAL,ABIERTA,MONOLINGUE,MATUTINA,DIARIO(REGULAR),SANTA ROSA
06-06-0028-46,06-008,SANTA ROSA,ORATORIO,"COLEGIO PARTICULAR MIXTO BILINGÜE ""VILLA REAL""",5TA. AVENIDA Y 1RA. CALLE,78804742,ADELSO FRANCO FLORES,BRENDA YADIRA MARROQUÍN MONTENEGRO,DIVERSIFICADO,PRIVADO,URBANA,ABIERTA,MONOLINGUE,SIN JORNADA,SEMIPRESENCIAL (FIN DE SEMANA),SANTA ROSA
06-06-1797-46,06-008,SANTA ROSA,ORATORIO,COLEGIO PARTICULAR MIXTO BILINGUE 'VILLA REAL',01 CALLE 05-005 ZONA 0 ORATORIO,78804742,ADELSO FRANCO FLORES,HECTOR MANUEL MORAN DIVAS,DIVERSIFICADO,PRIVADO,URBANA,ABIERTA,MONOLINGUE,DOBLE,FIN DE SEMANA,SANTA ROSA
06-06-1841-46,06-008,SANTA ROSA,ORATORIO,INSTITUTO DIVERSIFICADO POR COOPERATIVA DE ENSEÑANZA,CALLE DEL INSTITUTO,41898187,ADELSO FRANCO FLORES,FERNANDO ARREDONDO SALAZAR,DIVERSIFICADO,COOPERATIVA,URBANA,ABIERTA,MONOLINGUE,VESPERTINA,DIARIO(REGULAR),SANTA ROSA
06-06-1928-46,06-008,SANTA ROSA,ORATORIO,COLEGIO PARTICULAR MIXTO BILINGUE VILLA REAL,ORATORIO,78804742,ADELSO FRANCO FLORES,BRENDA YADIRA MARROQUÍN MONTENEGRO,DIVERSIFICADO,PRIVADO,URBANA,ABIERTA,MONOLINGUE,VESPERTINA,DIARIO(REGULAR),SANTA ROSA
06-07-0010-46,06-035,SANTA ROSA,SAN JUAN TECUACO,INSTITUTO NACIONAL DE EDUCACION DIVERSIFICADA,CABECERA MUNICIPAL,50134682,JESLIAS ABELINO FELIPE VASQUEZ,NELVIN OMÁR MIJANGOS ESTEBAN,DIVERSIFICADO,OFICIAL,URBANA,ABIERTA,MONOLINGUE,MATUTINA,DIARIO(REGULAR),SANTA ROSA
06-07-0022-46,06-035,SANTA ROSA,SAN JUAN TECUACO,INSTITUTO DE DIVERSIFICADO POR COOPERATIVA DE ENSEÑANZA,ALDEA SAN LUIS,50134682,JESLIAS ABELINO FELIPE VASQUEZ,NELVIN OMÁR MIJANGOS ESTEBAN,DIVERSIFICADO,COOPERATIVA,RURAL,ABIERTA,MONOLINGUE,VESPERTINA,DIARIO(REGULAR),SANTA ROSA
06-07-0023-46,06-035,SANTA ROSA,SAN JUAN TECUACO,INSTITUTO DIVERSIFICADO POR COOPERATIVA DE ENSEÑANZA,CABECERA MUNICIPAL,47766719,JESLIAS ABELINO FELIPE VASQUEZ,MELVIN MORALES GARCÍA,DIVERSIFICADO,COOPERATIVA,URBANA,ABIERTA,MONOLINGUE,VESPERTINA,DIARIO(REGULAR),SANTA ROSA
06-08-0043-46,06-036,SANTA ROSA,CHIQUIMULILLA,INSTITUTO MIXTO DE DIVERSIFICADO POR COOPERATIVA,ALDEA CASAS VIEJAS,58249852,JOSE DOMINGO SALAZAR CARIAS,RUBELIA LIBY LÓPEZ FLORES,DIVERSIFICADO,COOPERATIVA,RURAL,ABIERTA,MONOLINGUE,VESPERTINA,DIARIO(REGULAR),SANTA ROSA
06-08-0052-46,06-036,SANTA ROSA,CHIQUIMULILLA,INSTITUTO NACIONAL DE EDUCACION DIVERSIFICADA,"CABECERA MUNICIPAL INSTALACIONES DE LA EOUM ""EDUARDO PINEDA PIVARAL""",37655165,JOSE DOMINGO SALAZAR CARIAS,IRACEMA HIGINIA MORALES ORTÍZ,DIVERSIFICADO,OFICIAL,URBANA,ABIERTA,MONOLINGUE,VESPERTINA,DIARIO(REGULAR),SANTA ROSA
06-08-0056-46,06-036,SANTA ROSA,CHIQUIMULILLA,INSTITUTO NACIONAL DE EDUCACION DIVERSIFICADA,ALDEA OJO DE AGUA,41306707,JOSE DOMINGO SALAZAR CARIAS,CESAR ARMANDO MARTINEZ ALVAREZ,DIVERSIFICADO,OFICIAL,RURAL,ABIERTA,MONOLINGUE,VESPERTINA,DIARIO(REGULAR),SANTA ROSA
06-08-0061-46,06-036,SANTA ROSA,CHIQUIMULILLA,INSTITUTO POR COOPERATIVA DE DIVERSIFICADO,ALDEA LOS CERRITOS,36759054,JOSE DOMINGO SALAZAR CARIAS,GEIDY MARISELA SALAZAR CORTEZ,DIVERSIFICADO,COOPERATIVA,RURAL,ABIERTA,MONOLINGUE,VESPERTINA,DIARIO(REGULAR),SANTA ROSA
06-08-0066-46,06-012,SANTA ROSA,CHIQUIMULILLA,"COLEGIO MIXTO BILINGÜE ""LICENCIADO OSMIN PINEDA MELGAR""",COLONIA VISTA HERMOSA,78851774,SIRIA ILEANA GONZALEZ REYES DE SIERRA,MARÍA DEL ROSARIO GUERRERO MARTÍNEZ,DIVERSIFICADO,PRIVADO,URBANA,ABIERTA,MONOLINGUE,MATUTINA,DIARIO(REGULAR),SANTA ROSA
06-08-0068-46,06-036,SANTA ROSA,CHIQUIMULILLA,INSTITUTO MIXTO DE EDUCACION DIVERSIFICADA POR COOPERATIVA DE ENSEÑANZA,PARCELAMIENTO EL ASTILLERO,59308801,JOSE DOMINGO SALAZAR CARIAS,ADONAI PINEDA DE PAZ,DIVERSIFICADO,COOPERATIVA,RURAL,ABIERTA,MONOLINGUE,VESPERTINA,DIARIO(REGULAR),SANTA ROSA
06-08-0075-46,06-012,SANTA ROSA,CHIQUIMULILLA,"INSTITUTO TECNICO VOCACIONAL MIXTO ""THEODORE SCHULTZ""",BARRIO SAN SEBASTIÁN,78849634,SIRIA ILEANA GONZALEZ REYES DE SIERRA,MARIA DEL CARMEN SALAZAR RIVAS,DIVERSIFICADO,PRIVADO,URBANA,ABIERTA,MONOLINGUE,VESPERTINA,DIARIO(REGULAR),SANTA ROSA
06-08-0076-46,06-012,SANTA ROSA,CHIQUIMULILLA,INSTITUTO TECNICO INDUSTRIAL DE CHIQUIMULILLA,RESIDENCIALES SAN ÁNGEL,78850033,SIRIA ILEANA GONZALEZ REYES DE SIERRA,ARGELIA EDITH MARROQUÍN LÓPEZ,DIVERSIFICADO,PRIVADO,URBANA,ABIERTA,MONOLINGUE,VESPERTINA,DIARIO(REGULAR),SANTA ROSA
06-08-0077-46,06-012,SANTA ROSA,CHIQUIMULILLA,COLEGIO TECNICO DE COMPUTACION C.T.S.,COLONIA VISTA HERMOSA,78851522,SIRIA ILEANA GONZALEZ REYES DE SIERRA,LUIS ESTUARDO GUDIEL ROBLEDO,DIVERSIFICADO,PRIVADO,URBANA,ABIERTA,MONOLINGUE,MATUTINA,DIARIO(REGULAR),SANTA ROSA
06-08-0078-46,06-012,SANTA ROSA,CHIQUIMULILLA,INSTITUTO PARTICULAR MIXTO DE MERCADOTECNIA Y PUBLICIDAD DE SURORIENTE,BARRIO SANTIAGO,78851585,SIRIA ILEANA GONZALEZ REYES DE SIERRA,BLANCA MAGNOLIA ALVIZURES GRAJEDA,DIVERSIFICADO,PRIVADO,URBANA,ABIERTA,MONOLINGUE,DOBLE,FIN DE SEMANA,SANTA ROSA
06-08-0083-46,06-036,SANTA ROSA,CHIQUIMULILLA,INSTITUTO DE EDUCACION DIVERSIFICADA POR COOPERATIVA DE ENSEÑANZA,ALDEA CASAS VIEJAS,58249852,JOSE DOMINGO SALAZAR CARIAS,RUBELIA LIBY LÓPEZ FLORES,DIVERSIFICADO,COOPERATIVA,RURAL,ABIERTA,MONOLINGUE,DOBLE,FIN DE SEMANA,SANTA ROSA
06-08-0084-46,06-036,SANTA ROSA,CHIQUIMULILLA,INSTITUTO NACIONAL DE EDUCACION DIVERSIFICADA,ALDEA LA CURVINA,54176640,JOSE DOMINGO SALAZAR CARIAS,NELSY ADRIANA CHÁVEZ MARTÍNEZ,DIVERSIFICADO,OFICIAL,RURAL,ABIERTA,MONOLINGUE,VESPERTINA,DIARIO(REGULAR),SANTA ROSA
06-08-0088-46,06-012,SANTA ROSA,CHIQUIMULILLA,INSITUTO TÉCNICO INDUSTRIAL DE CHIQUIMULILLA,RESIDENCIALES SAN ANGEL,41156575,SIRIA ILEANA GONZALEZ REYES DE SIERRA,ARGELIA EDTIH MARROQUÍN LÓPEZ,DIVERSIFICADO,PRIVADO,URBANA,ABIERTA,MONOLINGUE,DOBLE,FIN DE SEMANA,SANTA ROSA
06-08-0089-46,06-012,SANTA ROSA,CHIQUIMULILLA,COLEGIO TÉCNICO DE COMPUTACIÓN C.T.S.,COLONIA VISTA HERMOSA,78851522,SIRIA ILEANA GONZALEZ REYES DE SIERRA,LUIS ESTUARDO GUDIEL ROBLEDO,DIVERSIFICADO,PRIVADO,URBANA,ABIERTA,MONOLINGUE,DOBLE,DIARIO(REGULAR),SANTA ROSA
06-08-0090-46,06-012,SANTA ROSA,CHIQUIMULILLA,INSTITUTO PARTICULAR MIXTO DE MERCADOTECNIA Y PUBLICIDAD DE SURORIENTE,BARRIO SANTIAGO,78851585,SIRIA ILEANA GONZALEZ REYES DE SIERRA,BLANCA MAGNOLIA ALVIZURES GRAJEDA,DIVERSIFICADO,PRIVADO,URBANA,ABIERTA,MONOLINGUE,SIN JORNADA,SEMIPRESENCIAL (FIN DE SEMANA),SANTA ROSA
06-08-0093-46,06-012,SANTA ROSA,CHIQUIMULILLA,"COLEGIO PARTICULAR MIXTO ""CENTRO INTEGRAL SISTEMATICO CIS""",BARRIO SANTIAGO,78851000,SIRIA ILEANA GONZALEZ REYES DE SIERRA,IRACEMA HIGINIA MORALES ORTÍZ,DIVERSIFICADO,PRIVADO,URBANA,ABIERTA,MONOLINGUE,SIN JORNADA,SEMIPRESENCIAL (UN DÍA A LA SEMANA),SANTA ROSA
06-08-0094-46,06-012,SANTA ROSA,CHIQUIMULILLA,"COLEGIO MIXTO BILINGÜE ""LICENCIADO OSMIN PINEDA MELGAR""",COLONIA VISTA HERMOSA,78851774,SIRIA ILEANA GONZALEZ REYES DE SIERRA,MARÍA DEL ROSARIO GUERRERO MARTÍNEZ,DIVERSIFICADO,PRIVADO,URBANA,ABIERTA,MONOLINGUE,VESPERTINA,DIARIO(REGULAR),SANTA ROSA
06-08-0095-46,06-012,SANTA ROSA,CHIQUIMULILLA,"COLEGIO MIXTO BILINGÜE ""LICENCIADO OSMIN PINEDA MELGAR""",COLONIA VISTA HERMOSA,78851774,SIRIA ILEANA GONZALEZ REYES DE SIERRA,MARÍA DEL ROSARIO GUERRERO MARTÍNEZ,DIVERSIFICADO,PRIVADO,URBANA,ABIERTA,MONOLINGUE,DOBLE,DIARIO(REGULAR),SANTA ROSA
06-08-0096-46,06-012,SANTA ROSA,CHIQUIMULILLA,COLEGIO PARTICULAR MIXTO CENTRO INTREGRAL SISTEMÁTICO CIS,"3RA. AVENIDA 4-65 ZONA 2, BARRIO SANTIAGO",78851000,SIRIA ILEANA GONZALEZ REYES DE SIERRA,IRACEMA HIGINIA MORALES ORTÍZ,DIVERSIFICADO,PRIVADO,URBANA,ABIERTA,MONOLINGUE,DOBLE,SEMIPRESENCIAL,SANTA ROSA
06-08-0257-46,06-012,SANTA ROSA,CHIQUIMULILLA,'ESCUELA NORMAL PARTICULAR DEL SUR',BARRIO SAN SEBASTIAN,78849706,SIRIA ILEANA GONZALEZ REYES DE SIERRA,LISANDRO ABENAMAR FLORES CARBAJAL,DIVERSIFICADO,PRIVADO,URBANA,ABIERTA,MONOLINGUE,VESPERTINA,DIARIO(REGULAR),SANTA ROSA
06-08-0449-46,06-012,SANTA ROSA,CHIQUIMULILLA,INSTITUTO PARTICULAR MIXTO DE MERCADOTECNIA Y PUBLICIDAD DE SURORIENTE,BARRIO SANTIAGO,78851585,SIRIA ILEANA GONZALEZ REYES DE SIERRA,BLANCA MAGNOLIA ALVIZURES GRAJEDA,DIVERSIFICADO,PRIVADO,URBANA,ABIERTA,MONOLINGUE,VESPERTINA,DIARIO(REGULAR),SANTA ROSA
06-08-0471-46,06-012,SANTA ROSA,CHIQUIMULILLA,COLEGIO TECNICO DE COMPUTACION C.T.S.,COLONIA VISTA HERMOSA,78851522,SIRIA ILEANA GONZALEZ REYES DE SIERRA,LUIS ESTUARDO GUDIEL ROBLEDO,DIVERSIFICADO,PRIVADO,URBANA,ABIERTA,MONOLINGUE,VESPERTINA,DIARIO(REGULAR),SANTA ROSA
06-08-1156-46,06-012,SANTA ROSA,CHIQUIMULILLA,"COLEGIO PARTICULAR MIXTO ""CENTRO INTEGRAL SISTEMÁTICO CIS""",BARRIO SANTIAGO,78849174,SIRIA ILEANA GONZALEZ REYES DE SIERRA,MIRYAM LISBETH HERNÁNDEZ MARTÍNEZ,DIVERSIFICADO,PRIVADO,URBANA,ABIERTA,MONOLINGUE,VESPERTINA,DIARIO(REGULAR),SANTA ROSA
06-08-1683-46,06-012,SANTA ROSA,CHIQUIMULILLA,INSTITUTO DIVERSIFICADO POR COOPERATIVA DE ENSEÑANZA,"AVENIDA DE INGRESO, BARRIO SANTIAGO",78849776,SIRIA ILEANA GONZALEZ REYES DE SIERRA,MIGUEL ANGEL RODRIGUEZ CRISTALES,DIVERSIFICADO,COOPERATIVA,URBANA,ABIERTA,MONOLINGUE,VESPERTINA,DIARIO(REGULAR),SANTA ROSA
06-08-1800-46,06-012,SANTA ROSA,CHIQUIMULILLA,COLEGIO PARTICULAR MIXTO 'CENTRO INTEGRAL SISTEMATICO -CIS-',3RA. AVENIDA 4-65 ZONA 2 CHIQUIMULILLA,78849174,SIRIA ILEANA GONZALEZ REYES DE SIERRA,IRACEMA HIGINIA MORALES ORTÍZ,DIVERSIFICADO,PRIVADO,URBANA,ABIERTA,MONOLINGUE,DOBLE,FIN DE SEMANA,SANTA ROSA
06-09-0027-46,06-032,SANTA ROSA,TAXISCO,INSTITUTO NACIONAL DE EDUCACION DIVERSIFICADA,ALDEA LA CANDELARIA,48165193,MARCO ANTONIO CARBAJAL FALLAS,CLAUDIA MARINA GOMEZ MORALES,DIVERSIFICADO,OFICIAL,RURAL,ABIERTA,MONOLINGUE,MATUTINA,DIARIO(REGULAR),SANTA ROSA
06-09-0028-46,06-019,SANTA ROSA,TAXISCO,INSTITUTO NACIONAL DE EDUCACION DIVERSIFICADA,CABECERA MUNICIPAL,42968893,JOSE ALBERTO LOPEZ PEREZ,CARLOS RAFAEL BARRIENTOS ROLDAN,DIVERSIFICADO,OFICIAL,URBANA,ABIERTA,MONOLINGUE,MATUTINA,DIARIO(REGULAR),SANTA ROSA
06-09-0032-46,06-032,SANTA ROSA,TAXISCO,INSTITUTO MIXTO DE EDUCACION DIVERSIFICADA POR COOPERATIVA DE ENSEÑANZA,ALDEA LA CANDELARIA,30617107,MARCO ANTONIO CARBAJAL FALLAS,WALFRED ALEXI ESCOBAR ALVARADO,DIVERSIFICADO,COOPERATIVA,RURAL,ABIERTA,MONOLINGUE,VESPERTINA,DIARIO(REGULAR),SANTA ROSA
06-09-0036-46,06-019,SANTA ROSA,TAXISCO,CENTRO TECNOLOGICO INDUSTRIAL CETI,CABECERA MUNICIPAL,54770387,JOSE ALBERTO LOPEZ PEREZ,OSCAR ERNESTO MARTÍNEZ OLIVARES,DIVERSIFICADO,PRIVADO,URBANA,ABIERTA,MONOLINGUE,VESPERTINA,DIARIO(REGULAR),SANTA ROSA
06-09-0037-46,06-019,SANTA ROSA,TAXISCO,"CENTRO TECNOLOGICO INDUSTRIAL ""CETI""",CABECERA MUNICIPAL,54770387,JOSE ALBERTO LOPEZ PEREZ,OSCAR ERNESTO MARTÍNEZ OLIVARES,DIVERSIFICADO,PRIVADO,URBANA,ABIERTA,MONOLINGUE,DOBLE,FIN DE SEMANA,SANTA ROSA
06-09-0046-46,06-019,SANTA ROSA,TAXISCO,INSTITUTO DE EDUCACION DIVERSIFICADA POR COOPERATIVA DE ENSEÑANZA,CABECERA MUNICIPAL,78749833,JOSE ALBERTO LOPEZ PEREZ,SELVIN MINRAY GUEVARA RIVERA,DIVERSIFICADO,COOPERATIVA,URBANA,ABIERTA,MONOLINGUE,DOBLE,FIN DE SEMANA,SANTA ROSA
06-09-0050-46,06-019,SANTA ROSA,TAXISCO,"CENTRO TECNOLÓGICO INDUSTRIAL ""CETI""",CALLE PRINCIPAL COLONIA BRISAS DEL MAR,54770387,JOSE ALBERTO LOPEZ PEREZ,OSCAR ERNESTO MARTÍNEZ OLIVARES,DIVERSIFICADO,PRIVADO,URBANA,ABIERTA,MONOLINGUE,SIN JORNADA,SEMIPRESENCIAL (UN DÍA A LA SEMANA),SANTA ROSA
06-09-1389-46,06-019,SANTA ROSA,TAXISCO,INSTITUTO DE DIVERSIFICADO POR COOPERATIVA,CABECERA MUNICIPAL,78749833,JOSE ALBERTO LOPEZ PEREZ,SELVIN MINRAY GUEVARA RIVERA,DIVERSIFICADO,COOPERATIVA,URBANA,ABIERTA,MONOLINGUE,VESPERTINA,DIARIO(REGULAR),SANTA ROSA
06-09-1997-46,06-019,SANTA ROSA,TAXISCO,COLEGIO PARTICULAR MIXTO SAN JOSE,CABECERA MUNICIPAL,77270602,JOSE ALBERTO LOPEZ PEREZ,GLADYS JANETTE MORALES SANTOS,DIVERSIFICADO,PRIVADO,URBANA,ABIERTA,MONOLINGUE,VESPERTINA,DIARIO(REGULAR),SANTA ROSA
06-10-0022-46,06-017,SANTA ROSA,SANTA MARIA IXHUATAN,INSTITUTO NACIONAL DE EDUCACION DIVERSIFICADA,CANTÓN BUENA VISTA,59910109,JOSE OBDULIO BLANCO MEJIA,ROSBY ETELVIA DÁVILA MOLINA,DIVERSIFICADO,OFICIAL,URBANA,ABIERTA,MONOLINGUE,VESPERTINA,DIARIO(REGULAR),SANTA ROSA
06-10-0030-46,06-017,SANTA ROSA,SANTA MARIA IXHUATAN,"LICEO MIXTO BILINGUE ""PEDAGOGICO MODERNO""",ALDEA ESTANZUELAS,42124143,JOSE OBDULIO BLANCO MEJIA,HILMA GONZÁLEZ RUANO,DIVERSIFICADO,PRIVADO,RURAL,ABIERTA,MONOLINGUE,MATUTINA,DIARIO(REGULAR),SANTA ROSA
06-10-0040-46,06-017,SANTA ROSA,SANTA MARIA IXHUATAN,"COLEGIO ""NUESTRA SEÑORA DEL CARMEN""",CANTÓN EL CENTRO,78846479,JOSE OBDULIO BLANCO MEJIA,LUIS ENRIQUE LEMUS SANTOS,DIVERSIFICADO,PRIVADO,URBANA,ABIERTA,MONOLINGUE,VESPERTINA,DIARIO(REGULAR),SANTA ROSA
06-10-0041-46,06-017,SANTA ROSA,SANTA MARIA IXHUATAN,INSTITUTO DE EDUCACIÓN DIVERSIFICADA POR COOPERATIVA DE ENSEÑANZA,ALDEA EL CUJE,50106438,JOSE OBDULIO BLANCO MEJIA,ALMA ELIZABETH CORADO CASTELLANOS,DIVERSIFICADO,COOPERATIVA,RURAL,ABIERTA,MONOLINGUE,VESPERTINA,DIARIO(REGULAR),SANTA ROSA
06-10-1256-46,06-017,SANTA ROSA,SANTA MARIA IXHUATAN,"COLEGIO PARTICULAR MIXTO ""SANTA MARIA""",CANTÓN BARRIOS,57091598,JOSE OBDULIO BLANCO MEJIA,ZULEMA CRISTABEL AGUILAR FRANCO,DIVERSIFICADO,PRIVADO,URBANA,ABIERTA,MONOLINGUE,VESPERTINA,DIARIO(REGULAR),SANTA ROSA
06-10-1932-46,06-017,SANTA ROSA,SANTA MARIA IXHUATAN,LICEO MIXTO BILINGUE PEDAGOGICO MODERNO,ALDEA ESTANZUELAS,42124143,JOSE OBDULIO BLANCO MEJIA,HILMA GONZÁLEZ RUANO,DIVERSIFICADO,PRIVADO,RURAL,ABIERTA,MONOLINGUE,VESPERTINA,DIARIO(REGULAR),SANTA ROSA
06-11-0022-46,06-037,SANTA ROSA,GUAZACAPAN,INSTITUTO NACIONAL DE EDUCACION DIVERSIFICADA,BARRIO SAN MIGUEL ORIENTE (ENTRADA A LA COLONIA LOS ALMENDROS),55820659,IDANEA MARIBEL MORALES MIJANGOS DE HERNANDEZ,SULYVAN CAROLO GODOY ESTRADA,DIVERSIFICADO,OFICIAL,RURAL,ABIERTA,MONOLINGUE,MATUTINA,DIARIO(REGULAR),SANTA ROSA
06-11-0043-46,06-037,SANTA ROSA,GUAZACAPAN,"COLEGIO PARTICULAR MIXTO CRISTIANO ""FE VIVA""","CALLE EL COCALITO, ALDEA POZA DE AGUA",42899995,IDANEA MARIBEL MORALES MIJANGOS DE HERNANDEZ,CESIA BETZABÉ HERNÁNDEZ GÓMEZ,DIVERSIFICADO,PRIVADO,RURAL,ABIERTA,MONOLINGUE,VESPERTINA,DIARIO(REGULAR),SANTA ROSA
06-11-0048-46,06-037,SANTA ROSA,GUAZACAPAN,COLEGIO TECNOLÓGICO DE INFORMÁTICA,BARRIO SAN MIGUEL ORIENTE,78846329,IDANEA MARIBEL MORALES MIJANGOS DE HERNANDEZ,VICTOR MANUEL PÉREZ LÓPEZ,DIVERSIFICADO,PRIVADO,URBANA,ABIERTA,MONOLINGUE,SIN JORNADA,SEMIPRESENCIAL (FIN DE SEMANA),SANTA ROSA
06-11-0050-46,06-037,SANTA ROSA,GUAZACAPAN,COLEGIO TECNOLÓGICO DE INFORMÁTICA,BARRIO SAN MIGUEL ORIENTE,78846329,IDANEA MARIBEL MORALES MIJANGOS DE HERNANDEZ,VICTOR MANUEL PÉREZ LÓPEZ,DIVERSIFICADO,PRIVADO,URBANA,ABIERTA,MONOLINGUE,DOBLE,FIN DE SEMANA,SANTA ROSA
06-11-0470-46,06-037,SANTA ROSA,GUAZACAPAN,"COLEGIO PARTICULAR MIXTO ""MIGUEL ANGEL ASTURIAS""",BARRIO SAN MIGUEL CENTRO,78846250,IDANEA MARIBEL MORALES MIJANGOS DE HERNANDEZ,TESLA AYDÉ AYALA PAZOS,DIVERSIFICADO,PRIVADO,URBANA,ABIERTA,MONOLINGUE,VESPERTINA,DIARIO(REGULAR),SANTA ROSA
06-11-1458-46,06-037,SANTA ROSA,GUAZACAPAN,COLEGIO TECNOLOGICO DE INFORMATICA,BARRIO SAN MIGUEL ORIENTE,78846329,IDANEA MARIBEL MORALES MIJANGOS DE HERNANDEZ,VICTOR MANUEL PÉREZ LÓPEZ,DIVERSIFICADO,PRIVADO,URBANA,ABIERTA,MONOLINGUE,VESPERTINA,DIARIO(REGULAR),SANTA ROSA
06-11-1594-46,06-037,SANTA ROSA,GUAZACAPAN,"ESCUELA NORMAL DE EDUCACION FISICA ""LIC. ARISTIDES BALDOMERO CRESPO VILLEGAS""",BARRIO SAN MIGUEL ORIENTE,78846291,IDANEA MARIBEL MORALES MIJANGOS DE HERNANDEZ,MARIO ROBERTO CASTRO,DIVERSIFICADO,OFICIAL,URBANA,ABIERTA,MONOLINGUE,DOBLE,DIARIO(REGULAR),SANTA ROSA
06-12-0015-46,06-020,SANTA ROSA,SANTA CRUZ NARANJO,INSTITUTO NACIONAL DE EDUCACION DIVERSIFICADA,BARRIO EL CAMPO,47265974,KAREEN ANA LIZBETH SANTOS FRANCO,SILVIA EUGENIA QUEVEDO FRANCO,DIVERSIFICADO,OFICIAL,URBANA,ABIERTA,MONOLINGUE,VESPERTINA,DIARIO(REGULAR),SANTA ROSA
06-12-0030-46,06-020,SANTA ROSA,SANTA CRUZ NARANJO,SPRING GARDEN COLLEGE,CALLE REAL DEL CALVARIO ALDEA EL TEOCINTE,42145016,KAREEN ANA LIZBETH SANTOS FRANCO,CLAUDIA GABRIELA PICHILLA TEPAZ,DIVERSIFICADO,PRIVADO,RURAL,ABIERTA,MONOLINGUE,DOBLE,FIN DE SEMANA,SANTA ROSA
06-13-0028-46,06-022,SANTA ROSA,PUEBLO NUEVO VIÑAS,INSTITUTO NACIONAL DE EDUCACION DIVERSIFICADA,CABECERA MUNICIPAL,59417110,ISCENIA MARLENY LOPEZ MORALES DE HERNANDEZ,DIDIEET DEL ROSARIO GARCÍA BLANCO,DIVERSIFICADO,OFICIAL,URBANA,ABIERTA,MONOLINGUE,MATUTINA,DIARIO(REGULAR),SANTA ROSA
06-13-1808-46,06-021,SANTA ROSA,PUEBLO NUEVO VIÑAS,LICEO PARTICULAR MIXTO 'SAN ANTONIO',4TA. AVENIDA 2-65 ZONA 1,56970435,MARVIN EDUARDO PEREZ DEL CID,SELVIN DONALDO GIRÓN JIMÉNEZ,DIVERSIFICADO,PRIVADO,URBANA,ABIERTA,MONOLINGUE,DOBLE,FIN DE SEMANA,SANTA ROSA
06-13-1811-46,06-021,SANTA ROSA,PUEBLO NUEVO VIÑAS,LICEO PARTICULAR MIXTO 'SAN ANTONIO',,,MARVIN EDUARDO PEREZ DEL CID,SELVIN DONALDO GIRÓN JIMÉNEZ,DIVERSIFICADO,PRIVADO,URBANA,ABIERTA,MONOLINGUE,VESPERTINA,DIARIO(REGULAR),SANTA ROSA
06-14-0001-46,06-023,SANTA ROSA,NUEVA SANTA ROSA,"COLEGIO PARTICULAR MIXTO ""LA ESPERANZA""",AV. TEOFILO SOLARES 0-50 ZONA 2,50569370,CESAR EFRAIN BARRERA Y BARRERA,RAFAELA SÁNCHEZ GARCÍA,DIVERSIFICADO,PRIVADO,URBANA,ABIERTA,MONOLINGUE,DOBLE,FIN DE SEMANA,SANTA ROSA
06-14-0012-46,06-023,SANTA ROSA,NUEVA SANTA ROSA,INSTITUTO NACIONAL DE EDUCACION DIVERSIFICADA,0 AVENIDA 1-50 ZONA 1 NUEVA SANTA ROSA,58948598,CESAR EFRAIN BARRERA Y BARRERA,JENNIFER ISABEL XILOJ CALEL DE MUÑOZ,DIVERSIFICADO,OFICIAL,URBANA,ABIERTA,MONOLINGUE,VESPERTINA,DIARIO(REGULAR),SANTA ROSA
06-14-0025-46,06-023,SANTA ROSA,NUEVA SANTA ROSA,"COLEGIO PARTICULAR MIXTO INTEGRAL ""EL SABER""",11 CALLE 1-11 ZONA 1,78889100,CESAR EFRAIN BARRERA Y BARRERA,MARTA LIDIA FLORES AUCEDA,DIVERSIFICADO,PRIVADO,URBANA,ABIERTA,MONOLINGUE,VESPERTINA,DIARIO(REGULAR),SANTA ROSA
06-14-0030-46,06-023,SANTA ROSA,NUEVA SANTA ROSA,INSTITUTO DE EDUCACIÓN DIVERSIFICADA POR COOPERATIVA DE ENSEÑANZA,BARRIO EL CALVARIO,78889292,CESAR EFRAIN BARRERA Y BARRERA,CLARA DELMA SALAZAR DONIS,DIVERSIFICADO,COOPERATIVA,URBANA,ABIERTA,MONOLINGUE,DOBLE,FIN DE SEMANA,SANTA ROSA
06-14-0037-46,06-025,SANTA ROSA,NUEVA SANTA ROSA,INSTITUTO NACIONAL DE EDUCACION DIVERSIFICADA,ALDEA JUMAYTEPEQUE,49182195,ROGER AMILCAR ALVAREZ SALAZAR,REINA ELIZETH GONZALEZ DONIS,DIVERSIFICADO,OFICIAL,RURAL,ABIERTA,MONOLINGUE,MATUTINA,DIARIO(REGULAR),SANTA ROSA
06-14-0038-46,06-023,SANTA ROSA,NUEVA SANTA ROSA,INSTITUTO DE EDUCACION DIVERSIFICADA POR COOPERATIVA DE ENSEÑANZA,BARRIO EL CALVARIO,78889292,CESAR EFRAIN BARRERA Y BARRERA,CLARA DELMA SALAZAR DONIS,DIVERSIFICADO,COOPERATIVA,URBANA,ABIERTA,MONOLINGUE,VESPERTINA,DIARIO(REGULAR),SANTA ROSA
06-14-0039-46,06-025,SANTA ROSA,NUEVA SANTA ROSA,"CENTRO EDUCATIVO ""NUEVA ASUNCIÓN""",3RA. AVENIDA 10-10 ZONA 1,59232857,ROGER AMILCAR ALVAREZ SALAZAR,BRENDA ELIZETH ARRIAGA ARREDONDO,DIVERSIFICADO,PRIVADO,URBANA,ABIERTA,MONOLINGUE,SIN JORNADA,SEMIPRESENCIAL (FIN DE SEMANA),SANTA ROSA
06-14-0042-46,06-025,SANTA ROSA,NUEVA SANTA ROSA,"COLEGIO PARTICULAR MIXTO BILINGÜE ""PEQUEÑOS CIENTIFICOS""","3A. AVENIDA 10-63 ZONA 1 CABECERA MUNICIPAL, NUEVA SANTA ROSA, SANTA ROSA",42956799,ROGER AMILCAR ALVAREZ SALAZAR,JOSÉ ANTONIO MARTINEZ ORDOÑÉZ,DIVERSIFICADO,PRIVADO,URBANA,ABIERTA,MONOLINGUE,VESPERTINA,DIARIO(REGULAR),SANTA ROSA
06-14-0043-46,06-025,SANTA ROSA,NUEVA SANTA ROSA,"COLEGIO PARTICULAR MIXTO BILINGÜE ""PEQUEÑOS CIENTIFICOS""","3A. AVENIDA 10-63 ZONA 1 CABECERA MUNICIPAL, NUEVA SANTA ROSA, SANTA ROSA",42956799,ROGER AMILCAR ALVAREZ SALAZAR,JOSÉ ANTONIO MARTINEZ ORDOÑÉZ,DIVERSIFICADO,PRIVADO,URBANA,ABIERTA,MONOLINGUE,DOBLE,DIARIO(REGULAR),SANTA ROSA
06-14-0044-46,06-025,SANTA ROSA,NUEVA SANTA ROSA,"COLEGIO PARTICULAR MIXTO BILINGÜE ""PEQUEÑOS CIENTIFICOS""","3A. AVENIDA 10-63 ZONA 1 CABECERA MUNICIPAL, NUEVA SANTA ROSA, SANTA ROSA",42956799,ROGER AMILCAR ALVAREZ SALAZAR,JOSÉ ANTONIO MARTÍNEZ ORDOÑEZ,DIVERSIFICADO,PRIVADO,URBANA,ABIERTA,MONOLINGUE,DOBLE,FIN DE SEMANA,SANTA ROSA
06-14-0045-46,06-025,SANTA ROSA,NUEVA SANTA ROSA,"COLEGIO PARTICULAR MIXTO BILINGÜE ""PEQUEÑOS CIENTIFICOS""","3A. AVENIDA 10-63 ZONA 1 CABECERA MUNICIPAL, NUEVA SANTA ROSA, SANTA ROSA",42956799,ROGER AMILCAR ALVAREZ SALAZAR,JOSÉ ANTONIO MARTÍNEZ ORDOÑEZ,DIVERSIFICADO,PRIVADO,URBANA,ABIERTA,MONOLINGUE,SIN JORNADA,SEMIPRESENCIAL (UN DÍA A LA SEMANA),SANTA ROSA
06-14-0046-46,06-025,SANTA ROSA,NUEVA SANTA ROSA,INSTITUTO PARTICULAR MIXTO DE COMERCIO,0 AVENIDA ENTRE 12 Y 13 CALLE ZONA 1 CANTÓN PALÍN,78889751,ROGER AMILCAR ALVAREZ SALAZAR,KARLA PATRICIA SERRA TURCIOS,DIVERSIFICADO,PRIVADO,URBANA,ABIERTA,MONOLINGUE,MATUTINA,DIARIO(REGULAR),SANTA ROSA
06-14-0049-46,06-025,SANTA ROSA,NUEVA SANTA ROSA,INSTITUTO PARTICULAR MIXTO DE COMERCIO,0 AVENIDA ENTRE 12 Y 13 CALLE ZONA 1 CANTÓN PALÍN,48299988,ROGER AMILCAR ALVAREZ SALAZAR,KARLA PATRICIA SERRA TURCIOS,DIVERSIFICADO,PRIVADO,URBANA,ABIERTA,MONOLINGUE,SIN JORNADA,SEMIPRESENCIAL (FIN DE SEMANA),SANTA ROSA
06-14-0416-46,06-025,SANTA ROSA,NUEVA SANTA ROSA,INSTITUTO PARTICULAR MIXTO DE COMERCIO,0 AVENIDA ENTRE 12 Y 13 CALLE ZONA 1 CANTÓN PALÍN,78889751,ROGER AMILCAR ALVAREZ SALAZAR,KARLA PATRICIA SERRA TURCIOS,DIVERSIFICADO,PRIVADO,URBANA,ABIERTA,MONOLINGUE,VESPERTINA,DIARIO(REGULAR),SANTA ROSA
06-14-0450-46,06-025,SANTA ROSA,NUEVA SANTA ROSA,CENTRO EDUCATIVO NUESTRA SEÑORA DE LA ESPERANZA,"CASERÍO EL CHILTEPE, ALDEA CHAPAS",40175127,ROGER AMILCAR ALVAREZ SALAZAR,HUMBERTA RAMOS PÉREZ,DIVERSIFICADO,PRIVADO,RURAL,ABIERTA,MONOLINGUE,MATUTINA,DIARIO(REGULAR),SANTA ROSA
06-14-1996-46,06-023,SANTA ROSA,NUEVA SANTA ROSA,"COLEGIO PARTICULAR MIXTO ""LA ESPERANZA""",AVENIDA TEÓFILIO SOLARES 0-50 ZONA 2,50569370,CESAR EFRAIN BARRERA Y BARRERA,RAFAELA SÁNCHEZ GARCÍA,DIVERSIFICADO,PRIVADO,URBANA,ABIERTA,MONOLINGUE,VESPERTINA,DIARIO(REGULAR),SANTA ROSA
,,,,,,,,,,,,,,,,
,,,,,,,,,,,,,,,,
133 Establecimientos encontrados,,,,,,,,,,,,,,,,
,,,,,,,,,,,,,,,,
"Ministerio de Educación, Copyright © 2,012",,Aviso Legal | Términos y Condiciones | Contacto ,,,,,,,,,,,,,,
